{
  "type": "FeatureCollection",
  "crs": {
    "type": "name",
    "properties": {
      "name": "EPSG:4326"
    }
  },
  "features": [
    {
      "type": "Feature",
      "id": 802,
      "geometry": {
        "type": "LineString",
        "coordinates": [
          [
            -121.985353305448,
            37.501399356999
          ],
          [
            -121.985044255345,
            37.5019843319054
          ],
          [
            -121.984004101468,
            37.5031631354887
          ],
          [
            -121.983734413745,
            37.5034687638991
          ],
          [
            -121.982851819877,
            37.5042404675375
          ],
          [
            -121.98021936353,
            37.5055011415495
          ],
          [
            -121.977657686344,
            37.5067205886153
          ],
          [
            -121.97545072332,
            37.5076141540301
          ],
          [
            -121.973299074958,
            37.5082867945146
          ],
          [
            -121.970663648781,
            37.5090330878031
          ],
          [
            -121.967778613127,
            37.5098662822473
          ],
          [
            -121.965200167089,
            37.510594373272
          ],
          [
            -121.962610584636,
            37.5113111643312
          ],
          [
            -121.960050837929,
            37.5120702585627
          ],
          [
            -121.957454334855,
            37.5128013329506
          ],
          [
            -121.954843619535,
            37.5135411531689
          ],
          [
            -121.951866065491,
            37.5144268930106
          ],
          [
            -121.949622550917,
            37.5150406100859
          ],
          [
            -121.947011754749,
            37.5157831142983
          ],
          [
            -121.944377336482,
            37.5164488131446
          ],
          [
            -121.942120347179,
            37.5171026013001
          ],
          [
            -121.941942779891,
            37.517150290838
          ],
          [
            -121.941717765387,
            37.5172107237155
          ],
          [
            -121.937557363676,
            37.5183279970771
          ],
          [
            -121.935684714075,
            37.518821161071
          ],
          [
            -121.931991598008,
            37.5198808289056
          ],
          [
            -121.929816093986,
            37.5204930676065
          ],
          [
            -121.925148384888,
            37.5218596541348
          ],
          [
            -121.922694999608,
            37.5225847961035
          ],
          [
            -121.918836867515,
            37.5236781324326
          ],
          [
            -121.915460991491,
            37.5246379112291
          ],
          [
            -121.912355394281,
            37.5270330414143
          ],
          [
            -121.909330301392,
            37.5293468126124
          ],
          [
            -121.905500497672,
            37.5322903928774
          ],
          [
            -121.901765788709,
            37.5351637693129
          ],
          [
            -121.899816381661,
            37.5373458851303
          ],
          [
            -121.89612826382,
            37.5415152707868
          ],
          [
            -121.89467552541,
            37.5431380691397
          ],
          [
            -121.892212997078,
            37.5458281100742
          ],
          [
            -121.889821892896,
            37.5485026835598
          ],
          [
            -121.887339703137,
            37.5514271759037
          ],
          [
            -121.885470140148,
            37.5535249349505
          ],
          [
            -121.882374868174,
            37.5569931910239
          ],
          [
            -121.88035788985,
            37.5592531608922
          ],
          [
            -121.877777672334,
            37.5621732693246
          ],
          [
            -121.876113159689,
            37.5640369088609
          ],
          [
            -121.87498285628,
            37.565302367174
          ],
          [
            -121.874661836126,
            37.5656670573082
          ],
          [
            -121.874307152506,
            37.5660699863308
          ],
          [
            -121.871217834566,
            37.5695292687758
          ],
          [
            -121.868457754567,
            37.5726290918464
          ],
          [
            -121.866237065286,
            37.5751290955513
          ],
          [
            -121.864067457805,
            37.5775168476977
          ],
          [
            -121.861737227958,
            37.5801127405178
          ],
          [
            -121.859740042214,
            37.5823491764012
          ],
          [
            -121.857645190735,
            37.5847185008539
          ],
          [
            -121.855370139904,
            37.5872334169215
          ],
          [
            -121.853468507957,
            37.5883941579074
          ],
          [
            -121.850878692841,
            37.589982598605
          ],
          [
            -121.847145270266,
            37.5922285494318
          ],
          [
            -121.844610969237,
            37.5937417188438
          ],
          [
            -121.841569709368,
            37.5955883016591
          ],
          [
            -121.83874089747,
            37.5972915617275
          ],
          [
            -121.835908287496,
            37.5989919536587
          ],
          [
            -121.832572145753,
            37.6010227978228
          ],
          [
            -121.829366545391,
            37.6029487087196
          ],
          [
            -121.826984896875,
            37.6043991657804
          ],
          [
            -121.824371257539,
            37.6059416710707
          ],
          [
            -121.821753770719,
            37.6074784625267
          ],
          [
            -121.818841587976,
            37.6091967897488
          ],
          [
            -121.816026359504,
            37.6109078571608
          ],
          [
            -121.813311007522,
            37.6125830622825
          ],
          [
            -121.810952850849,
            37.6139871278155
          ],
          [
            -121.807927471398,
            37.6158125895522
          ],
          [
            -121.804802684377,
            37.6177051760152
          ],
          [
            -121.80230207107,
            37.6191912006449
          ],
          [
            -121.798615894489,
            37.6214234481368
          ],
          [
            -121.796967737471,
            37.6224080506492
          ],
          [
            -121.793599386634,
            37.6242325799199
          ],
          [
            -121.789760613235,
            37.6262811557077
          ],
          [
            -121.788533166909,
            37.626936544547
          ],
          [
            -121.785206410764,
            37.6287087898361
          ],
          [
            -121.782367274529,
            37.6302337178447
          ],
          [
            -121.779214967619,
            37.6319289195423
          ],
          [
            -121.776304289555,
            37.6334861867143
          ],
          [
            -121.772614112776,
            37.635457718292
          ],
          [
            -121.768838900573,
            37.6374989478411
          ],
          [
            -121.765561108002,
            37.6392470541101
          ],
          [
            -121.762336664578,
            37.6409714297034
          ],
          [
            -121.759692467251,
            37.642395807868
          ],
          [
            -121.75633625984,
            37.6441990835291
          ],
          [
            -121.752520203937,
            37.6462261011752
          ],
          [
            -121.749786496678,
            37.6476915582493
          ],
          [
            -121.746124081435,
            37.6496761256354
          ],
          [
            -121.74257798724,
            37.6515560476486
          ],
          [
            -121.739021897492,
            37.6534788552297
          ],
          [
            -121.73546883327,
            37.655384370795
          ],
          [
            -121.733058864466,
            37.6566933392078
          ],
          [
            -121.730682111769,
            37.6581960242502
          ],
          [
            -121.73001189221,
            37.6585525920588
          ],
          [
            -121.729703735932,
            37.6587165347037
          ],
          [
            -121.728253557721,
            37.6594880232624
          ],
          [
            -121.726398249198,
            37.6604746175458
          ],
          [
            -121.723581747813,
            37.6619892157498
          ],
          [
            -121.721117502801,
            37.6633072888081
          ],
          [
            -121.71886375911,
            37.664533732151
          ],
          [
            -121.716270333665,
            37.6658849816896
          ],
          [
            -121.713777718957,
            37.6672347282891
          ]
        ]
      },
      "properties": {
        "OBJECTID": 802,
        "Name": "PG&E 230kV",
        "kV": "230",
        "kV_Sort": 230,
        "Owner": "PG&E",
        "Status": "Operational",
        "Circuit": "Double",
        "Type": "OH",
        "Legend": "PG&E_230kV",
        "Length_Mile": 19,
        "Length_Feet": "101268.10373534",
        "TLine_Name": " ",
        "Source": "Digital Globe",
        "Comments": " ",
        "Creator": "MTUCK; MSNYDER; DWHITEHORN",
        "Creator_Date": 1227484800000,
        "Last_Editor": "SVC_AGIS_SQLADM",
        "Last_Editor_Date": 1461598044000,
        "GlobalID": "c4a6c68a-8f44-41dd-ab77-4bf65d22f332",
        "Shape__Length": 38978.43952999216,
        "layer_id": "cec_transmission_lines",
        "source_name": "California Energy Commission ArcGIS FeatureServer",
        "source_url": "https://services3.arcgis.com/bWPjFyq029ChCGur/arcgis/rest/services/Transmission_Line/FeatureServer/2/query",
        "retrieved_at": "2026-05-03T02:52:20.212Z",
        "provisional": true
      }
    },
    {
      "type": "Feature",
      "id": 1583,
      "geometry": {
        "type": "LineString",
        "coordinates": [
          [
            -121.895064424962,
            37.5440675978324
          ],
          [
            -121.895754955429,
            37.5431196327538
          ],
          [
            -121.896900577809,
            37.5419208896373
          ]
        ]
      },
      "properties": {
        "OBJECTID": 1583,
        "Name": "PG&E 230kV",
        "kV": "230",
        "kV_Sort": 230,
        "Owner": "PG&E",
        "Status": "Operational",
        "Circuit": "Double",
        "Type": "OH",
        "Legend": "PG&E_230kV",
        "Length_Mile": 0,
        "Length_Feet": "948.11236641",
        "TLine_Name": " ",
        "Source": "Digital Globe",
        "Comments": " ",
        "Creator": "DWHITEHORN",
        "Creator_Date": 1237507200000,
        "Last_Editor": "SVC_AGIS_SQLADM",
        "Last_Editor_Date": 1461598068000,
        "GlobalID": "275b26ec-aa59-445e-a29d-6f9032b241f5",
        "Shape__Length": 364.8542667724636,
        "layer_id": "cec_transmission_lines",
        "source_name": "California Energy Commission ArcGIS FeatureServer",
        "source_url": "https://services3.arcgis.com/bWPjFyq029ChCGur/arcgis/rest/services/Transmission_Line/FeatureServer/2/query",
        "retrieved_at": "2026-05-03T02:52:20.212Z",
        "provisional": true
      }
    },
    {
      "type": "Feature",
      "id": 1569,
      "geometry": {
        "type": "LineString",
        "coordinates": [
          [
            -121.984128863088,
            37.5009696397187
          ],
          [
            -121.983626746166,
            37.5015721894972
          ],
          [
            -121.983538580115,
            37.5016853088152
          ],
          [
            -121.98347269318,
            37.5017698437053
          ],
          [
            -121.982234886584,
            37.5033579263359
          ],
          [
            -121.978775669359,
            37.5050522374259
          ],
          [
            -121.975156354384,
            37.5068205124563
          ],
          [
            -121.971046665266,
            37.5062171064177
          ],
          [
            -121.966317306586,
            37.5054380809895
          ],
          [
            -121.961668059664,
            37.5071771946043
          ],
          [
            -121.958034978905,
            37.5099564515585
          ],
          [
            -121.956166301655,
            37.5103127538799
          ],
          [
            -121.953466279423,
            37.510796903283
          ],
          [
            -121.950388068253,
            37.5114042954863
          ],
          [
            -121.94581365818,
            37.5130044334319
          ],
          [
            -121.942523971914,
            37.5140664283898
          ],
          [
            -121.940641945698,
            37.514888347717
          ],
          [
            -121.940500883249,
            37.5149347781888
          ],
          [
            -121.940485544515,
            37.514939827239
          ],
          [
            -121.934552014859,
            37.5168926147766
          ],
          [
            -121.93098256806,
            37.5181416493291
          ],
          [
            -121.926871376959,
            37.5195964316273
          ],
          [
            -121.922518521079,
            37.5211749440282
          ],
          [
            -121.917471872051,
            37.5229272697977
          ],
          [
            -121.91468587925,
            37.5238775527002
          ],
          [
            -121.91269189061,
            37.5254121353307
          ],
          [
            -121.908382571581,
            37.5287320085234
          ],
          [
            -121.904369323795,
            37.5318213186343
          ],
          [
            -121.900979913753,
            37.5344034945687
          ],
          [
            -121.899022444324,
            37.5365514449584
          ],
          [
            -121.894990894262,
            37.5410890553184
          ],
          [
            -121.893237218436,
            37.5430536993454
          ],
          [
            -121.890818031121,
            37.5457515943961
          ],
          [
            -121.888462658328,
            37.5482741701232
          ],
          [
            -121.884752838987,
            37.5526292081163
          ],
          [
            -121.882651334584,
            37.5549562580688
          ],
          [
            -121.881086897855,
            37.5567406147916
          ],
          [
            -121.878292920828,
            37.5598897801795
          ],
          [
            -121.876265372926,
            37.5621669837271
          ]
        ]
      },
      "properties": {
        "OBJECTID": 1569,
        "Name": "PG&E 230kV",
        "kV": "230",
        "kV_Sort": 230,
        "Owner": "PG&E",
        "Status": "Operational",
        "Circuit": "Double",
        "Type": "OH",
        "Legend": "PG&E_230kV",
        "Length_Mile": 8,
        "Length_Feet": "40491.61143922",
        "TLine_Name": " ",
        "Source": "Digital Globe",
        "Comments": " ",
        "Creator": "MSNYDER; DWHITEHORN",
        "Creator_Date": 1231718400000,
        "Last_Editor": "SVC_AGIS_SQLADM",
        "Last_Editor_Date": 1461598068000,
        "GlobalID": "d3b037e1-2ebc-4d56-9333-4c05586c0667",
        "Shape__Length": 15573.54521186494,
        "layer_id": "cec_transmission_lines",
        "source_name": "California Energy Commission ArcGIS FeatureServer",
        "source_url": "https://services3.arcgis.com/bWPjFyq029ChCGur/arcgis/rest/services/Transmission_Line/FeatureServer/2/query",
        "retrieved_at": "2026-05-03T02:52:20.212Z",
        "provisional": true
      }
    },
    {
      "type": "Feature",
      "id": 1177,
      "geometry": {
        "type": "LineString",
        "coordinates": [
          [
            -121.897099099199,
            37.5411016984484
          ],
          [
            -121.897457977951,
            37.5412695427406
          ],
          [
            -121.8988277273,
            37.5419101441635
          ],
          [
            -121.899994614599,
            37.5437188870393
          ],
          [
            -121.901230560785,
            37.5456213496867
          ],
          [
            -121.902636734123,
            37.547710748933
          ],
          [
            -121.904065872892,
            37.5498873005935
          ],
          [
            -121.905945790762,
            37.5516226156211
          ],
          [
            -121.90798738562,
            37.5534775036845
          ],
          [
            -121.910433941906,
            37.5557106737554
          ],
          [
            -121.915316324103,
            37.5589260128852
          ],
          [
            -121.915484219229,
            37.5590866367672
          ],
          [
            -121.915591286733,
            37.5591890683326
          ],
          [
            -121.915591916452,
            37.5591896707828
          ],
          [
            -121.918439163576,
            37.5609876974152
          ],
          [
            -121.921494761456,
            37.5630193826708
          ],
          [
            -121.923692581426,
            37.5647547842533
          ],
          [
            -121.925161365543,
            37.5659292686711
          ],
          [
            -121.927432396413,
            37.5677345470667
          ],
          [
            -121.929537049411,
            37.5694111677993
          ],
          [
            -121.931513230746,
            37.5710041168082
          ],
          [
            -121.933396465196,
            37.5724875243594
          ],
          [
            -121.935601025227,
            37.5742175898396
          ],
          [
            -121.938535708971,
            37.5765129629414
          ],
          [
            -121.941381552028,
            37.5787659418355
          ],
          [
            -121.942587675044,
            37.5795396330382
          ],
          [
            -121.945033403084,
            37.5810454024305
          ],
          [
            -121.94905909613,
            37.5836373430119
          ],
          [
            -121.951228860816,
            37.5845976547793
          ],
          [
            -121.956887932696,
            37.5871941157828
          ],
          [
            -121.964424086464,
            37.5888252984763
          ],
          [
            -121.967655655324,
            37.5895312367823
          ],
          [
            -121.970119988372,
            37.5903988259345
          ],
          [
            -121.973352412428,
            37.5915559570992
          ],
          [
            -121.97566049521,
            37.592378142642
          ],
          [
            -121.978040980407,
            37.5922143006134
          ],
          [
            -121.984125887868,
            37.5918084223946
          ],
          [
            -121.987690355304,
            37.5919475152215
          ],
          [
            -121.988996784205,
            37.5919886965681
          ],
          [
            -121.992992190552,
            37.5920561747052
          ],
          [
            -121.996479434315,
            37.5922728888787
          ],
          [
            -121.999531838683,
            37.5924776299823
          ],
          [
            -122.000953095634,
            37.592556424539
          ],
          [
            -122.002828622538,
            37.5912393092303
          ],
          [
            -122.004514484544,
            37.5910893129814
          ],
          [
            -122.005762146557,
            37.5902203644731
          ],
          [
            -122.00697732549,
            37.5893628904476
          ],
          [
            -122.008466646891,
            37.5883120453396
          ],
          [
            -122.010006205676,
            37.589206666895
          ],
          [
            -122.012065396734,
            37.5906382611038
          ],
          [
            -122.014092797312,
            37.5921031827985
          ],
          [
            -122.016076378969,
            37.5936030051938
          ],
          [
            -122.017536191611,
            37.5947956845848
          ],
          [
            -122.017499667908,
            37.5952339869274
          ]
        ]
      },
      "properties": {
        "OBJECTID": 1177,
        "Name": "PG&E 115kV",
        "kV": "115",
        "kV_Sort": 115,
        "Owner": "PG&E",
        "Status": "Operational",
        "Circuit": "Single",
        "Type": "OH",
        "Legend": "PG&E_115kV",
        "Length_Mile": 8,
        "Length_Feet": "43969.2030483",
        "TLine_Name": " ",
        "Source": "Digital Globe",
        "Comments": "Multiple lines on towers",
        "Creator": "DWHITEHORN",
        "Creator_Date": 1237507200000,
        "Last_Editor": "SVC_AGIS_SQLADM",
        "Last_Editor_Date": 1461598050000,
        "GlobalID": "6eda27e4-2570-47ad-81e8-27d7fc184af2",
        "Shape__Length": 16922.041615264705,
        "layer_id": "cec_transmission_lines",
        "source_name": "California Energy Commission ArcGIS FeatureServer",
        "source_url": "https://services3.arcgis.com/bWPjFyq029ChCGur/arcgis/rest/services/Transmission_Line/FeatureServer/2/query",
        "retrieved_at": "2026-05-03T02:52:20.212Z",
        "provisional": true
      }
    },
    {
      "type": "Feature",
      "id": 1575,
      "geometry": {
        "type": "LineString",
        "coordinates": [
          [
            -121.876512964788,
            37.5642581671286
          ],
          [
            -121.875079847381,
            37.5658528028241
          ],
          [
            -121.874933073443,
            37.5660161147178
          ],
          [
            -121.874837558274,
            37.566124132044
          ],
          [
            -121.872053126745,
            37.5692728872868
          ],
          [
            -121.868442290968,
            37.5733069159566
          ],
          [
            -121.86616177299,
            37.5758776376595
          ],
          [
            -121.864479229362,
            37.577761154807
          ],
          [
            -121.862491360046,
            37.580015434338
          ],
          [
            -121.860848689039,
            37.5818603174083
          ],
          [
            -121.859061708174,
            37.5838158736481
          ],
          [
            -121.857368491661,
            37.5856967390403
          ],
          [
            -121.855772736967,
            37.5875137051225
          ],
          [
            -121.854324816222,
            37.5883983762528
          ],
          [
            -121.851252948056,
            37.5902413375181
          ],
          [
            -121.847592935806,
            37.5924525583223
          ],
          [
            -121.845944613498,
            37.5934432522404
          ],
          [
            -121.84309260171,
            37.595161043838
          ],
          [
            -121.840950156588,
            37.5964521055257
          ],
          [
            -121.838910662889,
            37.5976692433231
          ],
          [
            -121.836745910803,
            37.598985875437
          ],
          [
            -121.834638993152,
            37.6002473541679
          ],
          [
            -121.832393220213,
            37.601612144114
          ],
          [
            -121.830205458679,
            37.6029290075016
          ],
          [
            -121.827774901387,
            37.6043869141425
          ],
          [
            -121.825142356108,
            37.605977995362
          ],
          [
            -121.823758258868,
            37.606798046691
          ],
          [
            -121.821709793694,
            37.6080439380767
          ]
        ]
      },
      "properties": {
        "OBJECTID": 1575,
        "Name": "PG&E 230kV",
        "kV": "230",
        "kV_Sort": 230,
        "Owner": "PG&E",
        "Status": "Operational",
        "Circuit": "Double",
        "Type": "OH",
        "Legend": "PG&E_230kV",
        "Length_Mile": 4,
        "Length_Feet": "22765.83621467",
        "TLine_Name": " ",
        "Source": "Digital Globe",
        "Comments": "Line stops at an unknow sub",
        "Creator": "MSNYDER; DWHITEHORN",
        "Creator_Date": 1231718400000,
        "Last_Editor": "SVC_AGIS_SQLADM",
        "Last_Editor_Date": 1461598068000,
        "GlobalID": "3a061e28-0600-4739-84e9-fd9dfa257c45",
        "Shape__Length": 8764.37939924669,
        "layer_id": "cec_transmission_lines",
        "source_name": "California Energy Commission ArcGIS FeatureServer",
        "source_url": "https://services3.arcgis.com/bWPjFyq029ChCGur/arcgis/rest/services/Transmission_Line/FeatureServer/2/query",
        "retrieved_at": "2026-05-03T02:52:20.212Z",
        "provisional": true
      }
    },
    {
      "type": "Feature",
      "id": 1701,
      "geometry": {
        "type": "LineString",
        "coordinates": [
          [
            -121.984444318178,
            37.5010954119984
          ],
          [
            -121.98388497498,
            37.5017103411813
          ],
          [
            -121.98379888224,
            37.501815965202
          ],
          [
            -121.983756347011,
            37.5018681492997
          ],
          [
            -121.982421429837,
            37.5035058422694
          ],
          [
            -121.978923406291,
            37.5052293693258
          ],
          [
            -121.975211492977,
            37.5070334618646
          ],
          [
            -121.97078790465,
            37.5063952460495
          ],
          [
            -121.966350769729,
            37.505648534444
          ],
          [
            -121.9618511992,
            37.5073337676137
          ],
          [
            -121.958161324255,
            37.5101425297235
          ],
          [
            -121.956224762217,
            37.5105170867725
          ],
          [
            -121.953528699759,
            37.5110154557364
          ],
          [
            -121.950499864488,
            37.5115849053363
          ],
          [
            -121.945888966645,
            37.5131656450698
          ],
          [
            -121.942690092868,
            37.5143693949861
          ],
          [
            -121.940746089186,
            37.5150519508374
          ],
          [
            -121.940604750954,
            37.515098822268
          ],
          [
            -121.94057101113,
            37.5151100112403
          ],
          [
            -121.934631559779,
            37.5170794750944
          ],
          [
            -121.931254922882,
            37.5182711155269
          ],
          [
            -121.927073187979,
            37.5197813236824
          ],
          [
            -121.922715416518,
            37.5213085009993
          ],
          [
            -121.917473054234,
            37.5231468226449
          ],
          [
            -121.914766471606,
            37.5241072587446
          ],
          [
            -121.912860657103,
            37.5255718696415
          ],
          [
            -121.908565435335,
            37.5288800964422
          ],
          [
            -121.904544848313,
            37.5319638161025
          ],
          [
            -121.901166374361,
            37.5345515370342
          ],
          [
            -121.899233295091,
            37.5366676789983
          ],
          [
            -121.895170235722,
            37.5412400768317
          ],
          [
            -121.893511327667,
            37.5431089501324
          ],
          [
            -121.891060701114,
            37.5458444852696
          ],
          [
            -121.888666257894,
            37.5483876808793
          ],
          [
            -121.884944826031,
            37.5527757757959
          ],
          [
            -121.882975482671,
            37.5549179191098
          ],
          [
            -121.881321033853,
            37.5568468360226
          ],
          [
            -121.878517620023,
            37.5600059721352
          ],
          [
            -121.876473453288,
            37.5622868436496
          ],
          [
            -121.875317271212,
            37.5635843949705
          ],
          [
            -121.874229447336,
            37.5648051804897
          ],
          [
            -121.874421395752,
            37.5652261214217
          ],
          [
            -121.874519295949,
            37.5654408109979
          ],
          [
            -121.874661836126,
            37.5656670573082
          ],
          [
            -121.87476138024,
            37.5658250584082
          ],
          [
            -121.874773187696,
            37.5658437989206
          ],
          [
            -121.874823125941,
            37.5659230624282
          ]
        ]
      },
      "properties": {
        "OBJECTID": 1701,
        "Name": "PG&E 230kV",
        "kV": "230",
        "kV_Sort": 230,
        "Owner": "PG&E",
        "Status": "Operational",
        "Circuit": "Double",
        "Type": "OH",
        "Legend": "PG&E_230kV",
        "Length_Mile": 8,
        "Length_Feet": "42072.03183151",
        "TLine_Name": " ",
        "Source": "Digital Globe",
        "Comments": " ",
        "Creator": "DWHITEHORN; MSNYDER",
        "Creator_Date": 1237507200000,
        "Last_Editor": "SVC_AGIS_SQLADM",
        "Last_Editor_Date": 1461598070000,
        "GlobalID": "1f795b12-4fce-4025-baac-0a34926c31e9",
        "Shape__Length": 16181.932195220825,
        "layer_id": "cec_transmission_lines",
        "source_name": "California Energy Commission ArcGIS FeatureServer",
        "source_url": "https://services3.arcgis.com/bWPjFyq029ChCGur/arcgis/rest/services/Transmission_Line/FeatureServer/2/query",
        "retrieved_at": "2026-05-03T02:52:20.212Z",
        "provisional": true
      }
    },
    {
      "type": "Feature",
      "id": 1523,
      "geometry": {
        "type": "LineString",
        "coordinates": [
          [
            -121.876745129882,
            37.5636741653875
          ],
          [
            -121.87640253489,
            37.5638985443161
          ],
          [
            -121.876229719691,
            37.5641014145229
          ],
          [
            -121.87476138024,
            37.5658250584082
          ],
          [
            -121.874512706806,
            37.5661169602777
          ]
        ]
      },
      "properties": {
        "OBJECTID": 1523,
        "Name": "PG&E 115kV",
        "kV": "115",
        "kV_Sort": 115,
        "Owner": "PG&E",
        "Status": "Operational",
        "Circuit": "Double",
        "Type": "OH",
        "Legend": "PG&E_115kV",
        "Length_Mile": 0,
        "Length_Feet": "1105.15042178",
        "TLine_Name": " ",
        "Source": "Digital Globe",
        "Comments": " ",
        "Creator": "DWHITEHORN; MSNYDER; MTUCK",
        "Creator_Date": 1237507200000,
        "Last_Editor": "SVC_AGIS_SQLADM",
        "Last_Editor_Date": 1461598062000,
        "GlobalID": "bdd3ce7d-1d81-44aa-b6c7-501fa9132ae1",
        "Shape__Length": 425.3968837758327,
        "layer_id": "cec_transmission_lines",
        "source_name": "California Energy Commission ArcGIS FeatureServer",
        "source_url": "https://services3.arcgis.com/bWPjFyq029ChCGur/arcgis/rest/services/Transmission_Line/FeatureServer/2/query",
        "retrieved_at": "2026-05-03T02:52:20.212Z",
        "provisional": true
      }
    },
    {
      "type": "Feature",
      "id": 1942,
      "geometry": {
        "type": "LineString",
        "coordinates": [
          [
            -121.989050742411,
            37.5009354499758
          ],
          [
            -121.989491694841,
            37.5004609275975
          ],
          [
            -121.989793712033,
            37.5001359126677
          ],
          [
            -121.992043161776,
            37.501173217099
          ],
          [
            -121.994130532985,
            37.5021444905133
          ],
          [
            -121.99385941694,
            37.5024883472107
          ],
          [
            -121.993402472701,
            37.503067881038
          ],
          [
            -121.993286626861,
            37.5032148048237
          ],
          [
            -121.991846107336,
            37.5050321326152
          ],
          [
            -121.990388638398,
            37.5068926598363
          ],
          [
            -121.988916950027,
            37.5087634234751
          ],
          [
            -121.98838494436,
            37.5094334946881
          ],
          [
            -121.987452130176,
            37.5106240337085
          ],
          [
            -121.985965769622,
            37.5124907092088
          ],
          [
            -121.984488343712,
            37.514357214041
          ],
          [
            -121.983025326779,
            37.5161576252275
          ],
          [
            -121.981514953359,
            37.5180790241033
          ],
          [
            -121.980086251171,
            37.5198874144655
          ],
          [
            -121.978612214605,
            37.5217566468924
          ],
          [
            -121.977137763915,
            37.5236129854848
          ],
          [
            -121.975667108607,
            37.5254792612857
          ],
          [
            -121.974168111452,
            37.5273674528906
          ],
          [
            -121.97270290263,
            37.5292407538028
          ],
          [
            -121.970728707469,
            37.5307503295808
          ],
          [
            -121.969230048081,
            37.5325912196042
          ],
          [
            -121.967729925337,
            37.5344478563348
          ],
          [
            -121.966229092025,
            37.5362801547994
          ],
          [
            -121.964726869918,
            37.5381310609877
          ],
          [
            -121.9633151935,
            37.5398616699973
          ],
          [
            -121.962366442305,
            37.5410236343875
          ],
          [
            -121.96161698505,
            37.5418774775146
          ],
          [
            -121.959222534643,
            37.542918604339
          ],
          [
            -121.956603040088,
            37.5440449458045
          ],
          [
            -121.955525128222,
            37.5444060811158
          ],
          [
            -121.954034326398,
            37.5448383652503
          ],
          [
            -121.951749620474,
            37.5455297683568
          ],
          [
            -121.949570101881,
            37.546176475536
          ],
          [
            -121.946981229996,
            37.5469629137801
          ],
          [
            -121.944397894427,
            37.5477563612843
          ],
          [
            -121.941828741461,
            37.5485423647886
          ],
          [
            -121.939294948879,
            37.5491631540837
          ],
          [
            -121.937126892788,
            37.5501929961628
          ],
          [
            -121.935045964297,
            37.5511770207785
          ],
          [
            -121.933141928459,
            37.5520994676929
          ],
          [
            -121.931377533935,
            37.5529137187352
          ],
          [
            -121.926942811888,
            37.5550147303735
          ],
          [
            -121.924182919638,
            37.5560452913378
          ],
          [
            -121.922898165288,
            37.5565110705062
          ],
          [
            -121.920452081515,
            37.5574048236504
          ],
          [
            -121.917468202433,
            37.5584989348887
          ],
          [
            -121.915591286733,
            37.5591890683326
          ],
          [
            -121.914830951778,
            37.5594686282185
          ],
          [
            -121.912452163499,
            37.5603210637312
          ],
          [
            -121.911432826281,
            37.5606622504028
          ],
          [
            -121.908619398931,
            37.5615893025104
          ],
          [
            -121.90366996199,
            37.5622822414343
          ],
          [
            -121.900796317871,
            37.5646865393993
          ],
          [
            -121.896583038627,
            37.5669746486427
          ],
          [
            -121.894412006419,
            37.5681439970744
          ],
          [
            -121.892554494329,
            37.5691594987697
          ],
          [
            -121.890947707424,
            37.5700336116954
          ],
          [
            -121.889069181045,
            37.5710502047601
          ],
          [
            -121.887899298762,
            37.5716832750379
          ],
          [
            -121.885655576677,
            37.5729137154856
          ],
          [
            -121.883379755092,
            37.5741617925367
          ],
          [
            -121.881029641036,
            37.5753995451697
          ],
          [
            -121.879037744573,
            37.5764656054018
          ],
          [
            -121.876021441699,
            37.5788443344296
          ],
          [
            -121.875188066525,
            37.5798592160847
          ],
          [
            -121.87436039745,
            37.5813935071422
          ],
          [
            -121.873299878765,
            37.5834309110686
          ],
          [
            -121.872228410514,
            37.585465613235
          ],
          [
            -121.870090937568,
            37.5863520420777
          ],
          [
            -121.869579523083,
            37.5865635606627
          ],
          [
            -121.866721143138,
            37.5877457072539
          ],
          [
            -121.865333267584,
            37.5883083487664
          ],
          [
            -121.863201006662,
            37.5891931392929
          ],
          [
            -121.86195962028,
            37.5896990744937
          ],
          [
            -121.859200183475,
            37.5908339930096
          ],
          [
            -121.857242620622,
            37.5916386753941
          ],
          [
            -121.853999278441,
            37.5929842112293
          ],
          [
            -121.851818195881,
            37.5938752767803
          ],
          [
            -121.848488471703,
            37.5952377408101
          ],
          [
            -121.846039798087,
            37.5962587763565
          ],
          [
            -121.843605243293,
            37.5972695244648
          ],
          [
            -121.841168959242,
            37.5982859734225
          ],
          [
            -121.838985741386,
            37.5995833964236
          ],
          [
            -121.83675095664,
            37.6009113771587
          ],
          [
            -121.834623635554,
            37.6023222263639
          ],
          [
            -121.832510837532,
            37.603739967865
          ],
          [
            -121.830388140973,
            37.6051249074995
          ],
          [
            -121.828156156275,
            37.6064714078724
          ],
          [
            -121.825958262643,
            37.6078130496249
          ],
          [
            -121.823709813623,
            37.6091568540419
          ],
          [
            -121.821405112099,
            37.6106402898282
          ],
          [
            -121.820452320282,
            37.6113145513149
          ],
          [
            -121.817401847291,
            37.6133087234388
          ],
          [
            -121.814763347079,
            37.6150303749593
          ],
          [
            -121.812988273383,
            37.616187892263
          ],
          [
            -121.810889526808,
            37.6176221992318
          ],
          [
            -121.809229678217,
            37.6186977714824
          ],
          [
            -121.807371559764,
            37.6199159826062
          ],
          [
            -121.806175205926,
            37.6207002946166
          ],
          [
            -121.804234605961,
            37.6219660818828
          ],
          [
            -121.799526446624,
            37.6243439962423
          ],
          [
            -121.796713860995,
            37.6257630276428
          ],
          [
            -121.793199318328,
            37.627271231923
          ],
          [
            -121.792018523312,
            37.62778982473
          ],
          [
            -121.790303459771,
            37.6285382284705
          ],
          [
            -121.787950661549,
            37.6295694863865
          ],
          [
            -121.785329464687,
            37.6307034523192
          ],
          [
            -121.782885346428,
            37.6317717502587
          ],
          [
            -121.780116243751,
            37.6329679900717
          ],
          [
            -121.777836526172,
            37.6342765475513
          ],
          [
            -121.777001746033,
            37.6348572686137
          ],
          [
            -121.775409247732,
            37.6359650618071
          ],
          [
            -121.773255024798,
            37.637498734431
          ],
          [
            -121.771268459836,
            37.6388982213388
          ],
          [
            -121.769218106404,
            37.6403520453309
          ],
          [
            -121.76706108971,
            37.6418799183038
          ],
          [
            -121.764862008505,
            37.6430553665763
          ],
          [
            -121.763081473052,
            37.6440147079066
          ],
          [
            -121.760710964544,
            37.645276562988
          ],
          [
            -121.758559293724,
            37.6464289319113
          ],
          [
            -121.756267337498,
            37.6476590112646
          ],
          [
            -121.754260493069,
            37.6487303044982
          ],
          [
            -121.752256177397,
            37.6498091592167
          ],
          [
            -121.749726142468,
            37.6511628097626
          ],
          [
            -121.748247148997,
            37.6519572300095
          ],
          [
            -121.746254383863,
            37.6530224550034
          ],
          [
            -121.743976244625,
            37.6542425493362
          ],
          [
            -121.741225385832,
            37.6555343582703
          ],
          [
            -121.739520456187,
            37.6563529455198
          ],
          [
            -121.73798867771,
            37.657060228473
          ],
          [
            -121.736107718693,
            37.6576618904568
          ],
          [
            -121.733986504355,
            37.6581830461294
          ],
          [
            -121.732658837484,
            37.6583474753176
          ],
          [
            -121.731247092794,
            37.6585222999624
          ],
          [
            -121.730314424137,
            37.6586396813224
          ],
          [
            -121.729703735932,
            37.6587165347037
          ],
          [
            -121.728591812053,
            37.6588564588997
          ],
          [
            -121.726556190093,
            37.6591243739493
          ],
          [
            -121.72367749924,
            37.6594826369634
          ],
          [
            -121.721079919086,
            37.6598157966748
          ],
          [
            -121.718345072764,
            37.6601489641361
          ],
          [
            -121.715615973862,
            37.6605239647299
          ],
          [
            -121.712881425781,
            37.6608722664084
          ],
          [
            -121.710146678273,
            37.661212876186
          ],
          [
            -121.7074025811,
            37.6615669127931
          ],
          [
            -121.70461031716,
            37.6619215727977
          ],
          [
            -121.701808267871,
            37.6622705826042
          ],
          [
            -121.699030868354,
            37.6626458889321
          ],
          [
            -121.696176973697,
            37.6630470213306
          ],
          [
            -121.693426423026,
            37.6633340432655
          ],
          [
            -121.69063140575,
            37.663678874312
          ],
          [
            -121.687836705578,
            37.6640388988174
          ],
          [
            -121.685029772149,
            37.66439139875
          ],
          [
            -121.682388862656,
            37.6647395884167
          ],
          [
            -121.679658649844,
            37.6650794337916
          ],
          [
            -121.677682653561,
            37.6653361336633
          ],
          [
            -121.675044212639,
            37.6656898498111
          ],
          [
            -121.672331334617,
            37.6660540891696
          ],
          [
            -121.669534093111,
            37.6664156281538
          ],
          [
            -121.666079144681,
            37.6668721259552
          ],
          [
            -121.662833663612,
            37.6672928578161
          ],
          [
            -121.65982437658,
            37.6676882814568
          ],
          [
            -121.657877511764,
            37.6679251660083
          ],
          [
            -121.656562367408,
            37.6680783294035
          ],
          [
            -121.65576355761,
            37.6682172290745
          ],
          [
            -121.649206495636,
            37.6695327952678
          ],
          [
            -121.647117609868,
            37.6699222021026
          ],
          [
            -121.64396945048,
            37.6705455613659
          ],
          [
            -121.641288594703,
            37.671067024064
          ],
          [
            -121.639646111444,
            37.6713910233301
          ],
          [
            -121.63733697404,
            37.6718443349419
          ],
          [
            -121.633778266601,
            37.6725321928169
          ],
          [
            -121.631686769431,
            37.6729194550958
          ],
          [
            -121.628950909809,
            37.673466194321
          ],
          [
            -121.627643757764,
            37.6737110458978
          ],
          [
            -121.627066653076,
            37.6738620010151
          ],
          [
            -121.624609857792,
            37.6745097895736
          ],
          [
            -121.621525584791,
            37.6753205861369
          ],
          [
            -121.619016220096,
            37.6759918675696
          ],
          [
            -121.61668145735,
            37.676609218441
          ],
          [
            -121.6140235158,
            37.677318654643
          ],
          [
            -121.612478966873,
            37.6777287279648
          ],
          [
            -121.611523322006,
            37.6779743887897
          ],
          [
            -121.607586172304,
            37.679008102859
          ],
          [
            -121.603119816085,
            37.6802116249621
          ],
          [
            -121.60312206906,
            37.6802097793155
          ],
          [
            -121.600437022642,
            37.6809140757478
          ],
          [
            -121.598194860032,
            37.6815033374449
          ],
          [
            -121.594136007473,
            37.6825710931179
          ],
          [
            -121.592185417344,
            37.6830858006445
          ],
          [
            -121.588273882204,
            37.684142788692
          ],
          [
            -121.582820832646,
            37.685552182423
          ],
          [
            -121.580634423076,
            37.6861197233689
          ],
          [
            -121.578454365494,
            37.6867103690587
          ]
        ]
      },
      "properties": {
        "OBJECTID": 1942,
        "Name": "PG&E 115kV",
        "kV": "115",
        "kV_Sort": 115,
        "Owner": "PG&E",
        "Status": "Operational",
        "Circuit": "Double",
        "Type": "OH",
        "Legend": "PG&E_115kV",
        "Length_Mile": 27,
        "Length_Feet": "144736.96258442",
        "TLine_Name": " ",
        "Source": "Digital Globe",
        "Comments": " ",
        "Creator": "FTHONG; MTUCK",
        "Creator_Date": 1233273600000,
        "Last_Editor": "SVC_AGIS_SQLADM",
        "Last_Editor_Date": 1461598075000,
        "GlobalID": "df08e9ac-5013-4a5e-9205-daee34b66896",
        "Shape__Length": 55724.236970919235,
        "layer_id": "cec_transmission_lines",
        "source_name": "California Energy Commission ArcGIS FeatureServer",
        "source_url": "https://services3.arcgis.com/bWPjFyq029ChCGur/arcgis/rest/services/Transmission_Line/FeatureServer/2/query",
        "retrieved_at": "2026-05-03T02:52:20.212Z",
        "provisional": true
      }
    },
    {
      "type": "Feature",
      "id": 2583,
      "geometry": {
        "type": "LineString",
        "coordinates": [
          [
            -121.842653750439,
            37.6092428803869
          ],
          [
            -121.841140616496,
            37.6093742442776
          ],
          [
            -121.840730306499,
            37.6071568275131
          ],
          [
            -121.840161695382,
            37.6045758695439
          ],
          [
            -121.839573463262,
            37.6017303157154
          ],
          [
            -121.839351098788,
            37.6005451885173
          ],
          [
            -121.839129330796,
            37.5997434550493
          ],
          [
            -121.838985741386,
            37.5995833964236
          ],
          [
            -121.838808501984,
            37.5993858263518
          ]
        ]
      },
      "properties": {
        "OBJECTID": 2583,
        "Name": "PG&E 115kV",
        "kV": "115",
        "kV_Sort": 115,
        "Owner": "PG&E",
        "Status": "Operational",
        "Circuit": "Single",
        "Type": "OH",
        "Legend": "PG&E_115kV",
        "Length_Mile": 1,
        "Length_Feet": "4161.32260899",
        "TLine_Name": " ",
        "Source": "BING & CAISO",
        "Comments": " ",
        "Creator": "FTHONG",
        "Creator_Date": 1277078400000,
        "Last_Editor": "SVC_AGIS_SQLADM",
        "Last_Editor_Date": 1461598091000,
        "GlobalID": "9537e275-bf63-468f-8e7b-13b055d20b45",
        "Shape__Length": 1602.9819188821684,
        "layer_id": "cec_transmission_lines",
        "source_name": "California Energy Commission ArcGIS FeatureServer",
        "source_url": "https://services3.arcgis.com/bWPjFyq029ChCGur/arcgis/rest/services/Transmission_Line/FeatureServer/2/query",
        "retrieved_at": "2026-05-03T02:52:20.212Z",
        "provisional": true
      }
    },
    {
      "type": "Feature",
      "id": 1524,
      "geometry": {
        "type": "LineString",
        "coordinates": [
          [
            -121.876745129882,
            37.5636741653875
          ],
          [
            -121.876553963898,
            37.5639762632768
          ],
          [
            -121.876363850739,
            37.5641756455606
          ],
          [
            -121.874773187696,
            37.5658437989206
          ],
          [
            -121.874512706806,
            37.5661169602777
          ]
        ]
      },
      "properties": {
        "OBJECTID": 1524,
        "Name": "PG&E 115kV",
        "kV": "115",
        "kV_Sort": 115,
        "Owner": "PG&E",
        "Status": "Operational",
        "Circuit": "Double",
        "Type": "OH",
        "Legend": "PG&E_115kV",
        "Length_Mile": 0,
        "Length_Feet": "1102.33162268",
        "TLine_Name": " ",
        "Source": "Digital Globe",
        "Comments": " ",
        "Creator": "DWHITEHORN; MSNYDER; MTUCK",
        "Creator_Date": 1237507200000,
        "Last_Editor": "SVC_AGIS_SQLADM",
        "Last_Editor_Date": 1461598062000,
        "GlobalID": "542f33f5-fbf6-4a32-b987-89ad3f0a594c",
        "Shape__Length": 424.31229854489845,
        "layer_id": "cec_transmission_lines",
        "source_name": "California Energy Commission ArcGIS FeatureServer",
        "source_url": "https://services3.arcgis.com/bWPjFyq029ChCGur/arcgis/rest/services/Transmission_Line/FeatureServer/2/query",
        "retrieved_at": "2026-05-03T02:52:20.212Z",
        "provisional": true
      }
    },
    {
      "type": "Feature",
      "id": 1567,
      "geometry": {
        "type": "LineString",
        "coordinates": [
          [
            -121.742692608677,
            37.2259882732474
          ],
          [
            -121.741110024183,
            37.2270352474601
          ],
          [
            -121.740893567031,
            37.227051683131
          ],
          [
            -121.740611202283,
            37.2270731221702
          ],
          [
            -121.739975420539,
            37.2271213927099
          ],
          [
            -121.738898851654,
            37.2305568217619
          ],
          [
            -121.738425224802,
            37.2320309492533
          ],
          [
            -121.738226579445,
            37.2326492019164
          ],
          [
            -121.736623843044,
            37.2374576269068
          ],
          [
            -121.73572885512,
            37.2401588647316
          ],
          [
            -121.735027503547,
            37.2423973376362
          ],
          [
            -121.734234838225,
            37.2447199813065
          ],
          [
            -121.73328198622,
            37.247719136661
          ],
          [
            -121.732572669285,
            37.2499291386642
          ],
          [
            -121.730678708951,
            37.2555158652845
          ],
          [
            -121.729710065461,
            37.2584637908743
          ],
          [
            -121.728157476613,
            37.2623771839533
          ],
          [
            -121.726852690731,
            37.2656870491236
          ],
          [
            -121.724752773652,
            37.2699854141054
          ],
          [
            -121.722878868206,
            37.2738262482687
          ],
          [
            -121.721220612327,
            37.277223999129
          ],
          [
            -121.719274047548,
            37.2811972252005
          ],
          [
            -121.717569246362,
            37.284612728214
          ],
          [
            -121.716168144013,
            37.2875096205356
          ],
          [
            -121.714872774272,
            37.2901707226035
          ],
          [
            -121.713128168735,
            37.293746698046
          ],
          [
            -121.712186145022,
            37.2957056492046
          ],
          [
            -121.711393897417,
            37.2973110675856
          ],
          [
            -121.710611527687,
            37.3015701889448
          ],
          [
            -121.712901561518,
            37.3046281836737
          ],
          [
            -121.714356045354,
            37.3065897802679
          ],
          [
            -121.71632980034,
            37.3100836219194
          ],
          [
            -121.717891373239,
            37.312800651046
          ],
          [
            -121.719091918616,
            37.3149429683051
          ],
          [
            -121.720177168819,
            37.3169041121883
          ],
          [
            -121.723232240286,
            37.3223133255175
          ],
          [
            -121.724429631677,
            37.3244613493671
          ],
          [
            -121.726617631266,
            37.3283375715705
          ],
          [
            -121.727593931994,
            37.3300688380617
          ],
          [
            -121.728861941747,
            37.3323277992058
          ],
          [
            -121.729894802203,
            37.3341576140152
          ],
          [
            -121.730812938814,
            37.3358121207309
          ],
          [
            -121.732252496243,
            37.3383655003308
          ],
          [
            -121.733637311237,
            37.340831740315
          ],
          [
            -121.734702800301,
            37.3427432372813
          ],
          [
            -121.736506454796,
            37.3459544461378
          ],
          [
            -121.737815477133,
            37.348240686965
          ],
          [
            -121.739641441289,
            37.3516134691771
          ],
          [
            -121.741424333922,
            37.3548240230447
          ],
          [
            -121.743490831876,
            37.3584931809124
          ],
          [
            -121.747617612341,
            37.3636775577176
          ],
          [
            -121.749889241489,
            37.3665694423373
          ],
          [
            -121.751830767618,
            37.3690005022485
          ],
          [
            -121.753833490577,
            37.372204787485
          ],
          [
            -121.754788986323,
            37.3732991066113
          ],
          [
            -121.755873540332,
            37.3745372061959
          ],
          [
            -121.760095637439,
            37.3794226663124
          ],
          [
            -121.76326602474,
            37.3830808959056
          ],
          [
            -121.76543646496,
            37.3855883403941
          ],
          [
            -121.767547528335,
            37.3880080705521
          ],
          [
            -121.769146650813,
            37.3898811707102
          ],
          [
            -121.770519854184,
            37.391460513337
          ],
          [
            -121.775250508235,
            37.3969635071647
          ],
          [
            -121.777011577196,
            37.3989854968563
          ],
          [
            -121.778747402599,
            37.4009992681222
          ],
          [
            -121.784253558759,
            37.4073416276808
          ],
          [
            -121.786717171358,
            37.4101842521006
          ],
          [
            -121.789679525009,
            37.4135963892181
          ],
          [
            -121.791153754714,
            37.4153082479606
          ],
          [
            -121.794127218728,
            37.4187172543182
          ],
          [
            -121.798524613978,
            37.4238130076077
          ],
          [
            -121.801424649701,
            37.4271286753601
          ],
          [
            -121.803963385712,
            37.4300526638411
          ],
          [
            -121.805090312354,
            37.4313411092561
          ],
          [
            -121.806660288095,
            37.4331198940282
          ],
          [
            -121.80946129444,
            37.4363226062594
          ],
          [
            -121.810407770203,
            37.4374223439364
          ],
          [
            -121.812748722341,
            37.4401634699488
          ],
          [
            -121.814358567111,
            37.4420900975519
          ],
          [
            -121.817951406937,
            37.4462032743611
          ],
          [
            -121.820702177695,
            37.4493693605305
          ],
          [
            -121.822288790234,
            37.4512105393567
          ],
          [
            -121.823594567857,
            37.4527331872193
          ],
          [
            -121.825866127834,
            37.4555379724992
          ],
          [
            -121.82735902453,
            37.4576547615278
          ],
          [
            -121.82813493717,
            37.4591112035968
          ],
          [
            -121.830067234008,
            37.4633265931369
          ],
          [
            -121.830568017829,
            37.4645529926617
          ],
          [
            -121.831697614264,
            37.4673894706491
          ],
          [
            -121.833424146596,
            37.4717022368506
          ],
          [
            -121.834698756271,
            37.4748735457989
          ],
          [
            -121.836663475104,
            37.4797967880835
          ],
          [
            -121.837611652276,
            37.481958973448
          ],
          [
            -121.840275188535,
            37.4879426464093
          ],
          [
            -121.841592281336,
            37.4909161190317
          ],
          [
            -121.843443591458,
            37.4951382627153
          ],
          [
            -121.845237045583,
            37.4991927301425
          ],
          [
            -121.846888238008,
            37.5030122684941
          ],
          [
            -121.849390399112,
            37.5088097031237
          ],
          [
            -121.850716446321,
            37.5119714804315
          ],
          [
            -121.853269187965,
            37.5178994595468
          ],
          [
            -121.855509948305,
            37.5228324010747
          ],
          [
            -121.85694327502,
            37.5260924293667
          ],
          [
            -121.858924468954,
            37.5306951166538
          ],
          [
            -121.86105121422,
            37.5354983274081
          ],
          [
            -121.862198390686,
            37.5380828677185
          ],
          [
            -121.863945058754,
            37.5420549522213
          ],
          [
            -121.864678480183,
            37.5437660730864
          ],
          [
            -121.866487495824,
            37.5477742858581
          ],
          [
            -121.868391569392,
            37.5521237859195
          ],
          [
            -121.870358928373,
            37.5564037058076
          ],
          [
            -121.87136661534,
            37.5585647029532
          ],
          [
            -121.872300680877,
            37.5608441566471
          ]
        ]
      },
      "properties": {
        "OBJECTID": 1567,
        "Name": "PG&E 230kV",
        "kV": "230",
        "kV_Sort": 230,
        "Owner": "PG&E",
        "Status": "Operational",
        "Circuit": "Double",
        "Type": "OH",
        "Legend": "PG&E_230kV",
        "Length_Mile": 26,
        "Length_Feet": "135741.4490298",
        "TLine_Name": " ",
        "Source": "Digital Globe",
        "Comments": " ",
        "Creator": "MSNYDER; DWHITEHORN",
        "Creator_Date": 1231718400000,
        "Last_Editor": "SVC_AGIS_SQLADM",
        "Last_Editor_Date": 1461598068000,
        "GlobalID": "f6e22ec8-b13d-4351-920b-7920a7972ea7",
        "Shape__Length": 52139.98238873389,
        "layer_id": "cec_transmission_lines",
        "source_name": "California Energy Commission ArcGIS FeatureServer",
        "source_url": "https://services3.arcgis.com/bWPjFyq029ChCGur/arcgis/rest/services/Transmission_Line/FeatureServer/2/query",
        "retrieved_at": "2026-05-03T02:52:20.212Z",
        "provisional": true
      }
    },
    {
      "type": "Feature",
      "id": 1584,
      "geometry": {
        "type": "LineString",
        "coordinates": [
          [
            -121.896900577809,
            37.5419208896373
          ],
          [
            -121.895885744744,
            37.5431975001707
          ],
          [
            -121.895064424962,
            37.5440675978324
          ]
        ]
      },
      "properties": {
        "OBJECTID": 1584,
        "Name": "PG&E 230kV",
        "kV": "230",
        "kV_Sort": 230,
        "Owner": "PG&E",
        "Status": "Operational",
        "Circuit": "Double",
        "Type": "OH",
        "Legend": "PG&E_230kV",
        "Length_Mile": 0,
        "Length_Feet": "947.05399803",
        "TLine_Name": " ",
        "Source": "Digital Globe",
        "Comments": " ",
        "Creator": "DWHITEHORN",
        "Creator_Date": 1237507200000,
        "Last_Editor": "SVC_AGIS_SQLADM",
        "Last_Editor_Date": 1461598068000,
        "GlobalID": "05cd340b-a4d4-49a9-835a-8ee9771316ae",
        "Shape__Length": 364.4474813746765,
        "layer_id": "cec_transmission_lines",
        "source_name": "California Energy Commission ArcGIS FeatureServer",
        "source_url": "https://services3.arcgis.com/bWPjFyq029ChCGur/arcgis/rest/services/Transmission_Line/FeatureServer/2/query",
        "retrieved_at": "2026-05-03T02:52:20.212Z",
        "provisional": true
      }
    },
    {
      "type": "Feature",
      "id": 1570,
      "geometry": {
        "type": "LineString",
        "coordinates": [
          [
            -121.872300680877,
            37.5608441566471
          ],
          [
            -121.874079047798,
            37.5646824414733
          ]
        ]
      },
      "properties": {
        "OBJECTID": 1570,
        "Name": "PG&E 230kV",
        "kV": "230",
        "kV_Sort": 230,
        "Owner": "PG&E",
        "Status": "Operational",
        "Circuit": "Single",
        "Type": "OH",
        "Legend": "PG&E_230kV",
        "Length_Mile": 0,
        "Length_Feet": "1491.49015952",
        "TLine_Name": " ",
        "Source": "Digital Globe",
        "Comments": " ",
        "Creator": "MSNYDER; DWHITEHORN",
        "Creator_Date": 1231718400000,
        "Last_Editor": "SVC_AGIS_SQLADM",
        "Last_Editor_Date": 1461598068000,
        "GlobalID": "8d0fbe3d-ccf4-4716-b896-67af63f2421d",
        "Shape__Length": 574.2269413913386,
        "layer_id": "cec_transmission_lines",
        "source_name": "California Energy Commission ArcGIS FeatureServer",
        "source_url": "https://services3.arcgis.com/bWPjFyq029ChCGur/arcgis/rest/services/Transmission_Line/FeatureServer/2/query",
        "retrieved_at": "2026-05-03T02:52:20.212Z",
        "provisional": true
      }
    },
    {
      "type": "Feature",
      "id": 1585,
      "geometry": {
        "type": "LineString",
        "coordinates": [
          [
            -121.985133863193,
            37.5022809257667
          ],
          [
            -121.984583228264,
            37.5028807604414
          ],
          [
            -121.98398340069,
            37.5035341700208
          ],
          [
            -121.983418319953,
            37.5041428363754
          ],
          [
            -121.982917539724,
            37.5046822330719
          ],
          [
            -121.980092748686,
            37.5060328734272
          ],
          [
            -121.977979346996,
            37.5070621075285
          ],
          [
            -121.975822153334,
            37.5080976054822
          ],
          [
            -121.973582120629,
            37.5087216951627
          ],
          [
            -121.970957302658,
            37.5094727092942
          ],
          [
            -121.968019816171,
            37.5103113208755
          ],
          [
            -121.965414410792,
            37.5110477154828
          ],
          [
            -121.962827823323,
            37.5117893202545
          ],
          [
            -121.96023694011,
            37.5125476714091
          ],
          [
            -121.957656884291,
            37.5132741821957
          ],
          [
            -121.955049128021,
            37.5140178219699
          ],
          [
            -121.952394607255,
            37.5147658863363
          ],
          [
            -121.94982180623,
            37.5155069803283
          ],
          [
            -121.947257740423,
            37.5162255646637
          ],
          [
            -121.944670940053,
            37.5169723507285
          ],
          [
            -121.942111311923,
            37.5176851738272
          ],
          [
            -121.937601706315,
            37.5189668988875
          ],
          [
            -121.935553058784,
            37.5195225516264
          ],
          [
            -121.932517241807,
            37.5203916166859
          ],
          [
            -121.930478119113,
            37.5209563237163
          ],
          [
            -121.92783413828,
            37.5217687340081
          ],
          [
            -121.925367342052,
            37.5224611012484
          ],
          [
            -121.923470561905,
            37.5230103770823
          ],
          [
            -121.920596801006,
            37.5238170304658
          ],
          [
            -121.918174487554,
            37.5245141086362
          ],
          [
            -121.91585183859,
            37.5251723551129
          ],
          [
            -121.914234961808,
            37.5264197485529
          ],
          [
            -121.912888966611,
            37.5274545554635
          ],
          [
            -121.909850172617,
            37.5297973857991
          ],
          [
            -121.9066109555,
            37.5322790526088
          ],
          [
            -121.905561336075,
            37.5330952390863
          ],
          [
            -121.902349602914,
            37.5355633321929
          ],
          [
            -121.900922972242,
            37.5372202351981
          ],
          [
            -121.897457977951,
            37.5412695427406
          ],
          [
            -121.896900577809,
            37.5419208896373
          ]
        ]
      },
      "properties": {
        "OBJECTID": 1585,
        "Name": "PG&E 230kV",
        "kV": "230",
        "kV_Sort": 230,
        "Owner": "PG&E",
        "Status": "Operational",
        "Circuit": "Double",
        "Type": "OH",
        "Legend": "PG&E_230kV",
        "Length_Mile": 6,
        "Length_Feet": "30187.59391241",
        "TLine_Name": " ",
        "Source": "Digital Globe",
        "Comments": " ",
        "Creator": "DWHITEHORN",
        "Creator_Date": 1237507200000,
        "Last_Editor": "SVC_AGIS_SQLADM",
        "Last_Editor_Date": 1461598068000,
        "GlobalID": "bcdcb6dd-d585-47a7-bff5-14b990d2c6aa",
        "Shape__Length": 11608.243515952105,
        "layer_id": "cec_transmission_lines",
        "source_name": "California Energy Commission ArcGIS FeatureServer",
        "source_url": "https://services3.arcgis.com/bWPjFyq029ChCGur/arcgis/rest/services/Transmission_Line/FeatureServer/2/query",
        "retrieved_at": "2026-05-03T02:52:20.212Z",
        "provisional": true
      }
    },
    {
      "type": "Feature",
      "id": 1702,
      "geometry": {
        "type": "LineString",
        "coordinates": [
          [
            -121.874823125941,
            37.5659230624282
          ],
          [
            -121.874900267867,
            37.5657592198509
          ],
          [
            -121.875079847381,
            37.5658528028241
          ],
          [
            -121.875315057763,
            37.5659753768525
          ],
          [
            -121.875317291873,
            37.5659762626442
          ],
          [
            -121.877430275847,
            37.5668143970763
          ],
          [
            -121.875006881722,
            37.5663253641761
          ],
          [
            -121.875004706002,
            37.5663249255546
          ],
          [
            -121.874837558274,
            37.566124132044
          ],
          [
            -121.874711458164,
            37.565972648984
          ],
          [
            -121.874823125941,
            37.5659230624282
          ]
        ]
      },
      "properties": {
        "OBJECTID": 1702,
        "Name": "PG&E 230kV",
        "kV": "230",
        "kV_Sort": 230,
        "Owner": "PG&E",
        "Status": "Operational",
        "Circuit": "Single",
        "Type": "OH",
        "Legend": "PG&E_230kV",
        "Length_Mile": 0,
        "Length_Feet": "1807.03889218",
        "TLine_Name": " ",
        "Source": "Digital Globe",
        "Comments": " ",
        "Creator": "DWHITEHORN; MSNYDER",
        "Creator_Date": 1237507200000,
        "Last_Editor": "SVC_AGIS_SQLADM",
        "Last_Editor_Date": 1461598070000,
        "GlobalID": "a509d6ff-b678-4034-a387-9b6ac5e23653",
        "Shape__Length": 695.2695369381919,
        "layer_id": "cec_transmission_lines",
        "source_name": "California Energy Commission ArcGIS FeatureServer",
        "source_url": "https://services3.arcgis.com/bWPjFyq029ChCGur/arcgis/rest/services/Transmission_Line/FeatureServer/2/query",
        "retrieved_at": "2026-05-03T02:52:20.212Z",
        "provisional": true
      }
    },
    {
      "type": "Feature",
      "id": 1522,
      "geometry": {
        "type": "LineString",
        "coordinates": [
          [
            -121.874512706806,
            37.5661169602777
          ],
          [
            -121.871846713655,
            37.569159236746
          ],
          [
            -121.868238060785,
            37.5732156947373
          ],
          [
            -121.865947339742,
            37.5757475887069
          ],
          [
            -121.864252367023,
            37.5776389440414
          ],
          [
            -121.862000066925,
            37.5801510302034
          ],
          [
            -121.860363789229,
            37.5819864224472
          ],
          [
            -121.85877173739,
            37.5837852399921
          ],
          [
            -121.857167438819,
            37.585579442483
          ],
          [
            -121.855560050942,
            37.5873736700665
          ],
          [
            -121.854158471588,
            37.5882274540595
          ],
          [
            -121.851103113558,
            37.590101457788
          ],
          [
            -121.847265141457,
            37.5923939296259
          ],
          [
            -121.845837018683,
            37.5932791043516
          ],
          [
            -121.843014310838,
            37.5949460748042
          ],
          [
            -121.841006759434,
            37.5961772376051
          ],
          [
            -121.838891597046,
            37.5974482757866
          ],
          [
            -121.836693330612,
            37.5987755423242
          ],
          [
            -121.834482993516,
            37.600105342413
          ],
          [
            -121.832414951358,
            37.6013396752241
          ],
          [
            -121.829441209764,
            37.6031425201164
          ],
          [
            -121.827563838618,
            37.6042901670548
          ],
          [
            -121.824975317974,
            37.6058264012333
          ],
          [
            -121.823583710818,
            37.6066222804842
          ],
          [
            -121.821806893492,
            37.6076965743019
          ],
          [
            -121.819126501245,
            37.6093081951567
          ],
          [
            -121.817402938744,
            37.6103457480313
          ],
          [
            -121.815477155591,
            37.6115011080511
          ],
          [
            -121.813370575707,
            37.6127882847578
          ],
          [
            -121.811742033403,
            37.6137717129285
          ],
          [
            -121.808380481016,
            37.6157878979094
          ],
          [
            -121.807414529777,
            37.6163691398522
          ],
          [
            -121.805194457639,
            37.617712873633
          ],
          [
            -121.802545821736,
            37.6192949398777
          ],
          [
            -121.798758965571,
            37.6215778601088
          ],
          [
            -121.797272844867,
            37.6224800441921
          ],
          [
            -121.794253844352,
            37.6240985699007
          ],
          [
            -121.792393037242,
            37.6250995559397
          ],
          [
            -121.789510673177,
            37.6266394021314
          ],
          [
            -121.788170689505,
            37.6273551868721
          ],
          [
            -121.785210966121,
            37.6289462917787
          ],
          [
            -121.783299008938,
            37.6299622409775
          ],
          [
            -121.781271240949,
            37.6310563922238
          ],
          [
            -121.778751922023,
            37.6324088585214
          ],
          [
            -121.776401925647,
            37.6336559492003
          ],
          [
            -121.775838978408,
            37.6339596504249
          ],
          [
            -121.772646713536,
            37.6356817286037
          ],
          [
            -121.768855344235,
            37.6377174844482
          ],
          [
            -121.766055423953,
            37.6392124952825
          ],
          [
            -121.763309271435,
            37.6406899095819
          ],
          [
            -121.761045304018,
            37.6418971686461
          ],
          [
            -121.758459761289,
            37.6432860339087
          ],
          [
            -121.756037952691,
            37.6445863677255
          ],
          [
            -121.753738068832,
            37.6458155294473
          ],
          [
            -121.751390643434,
            37.6470788134732
          ],
          [
            -121.750270343663,
            37.647673793582
          ],
          [
            -121.747880921127,
            37.6489519667603
          ],
          [
            -121.745715244674,
            37.6501264097968
          ],
          [
            -121.742824934112,
            37.6516652160538
          ],
          [
            -121.739931986995,
            37.6532255061475
          ],
          [
            -121.737849174736,
            37.6543412192409
          ],
          [
            -121.735843772103,
            37.6554151264487
          ],
          [
            -121.734547448351,
            37.6561057516268
          ],
          [
            -121.733061125526,
            37.6569306101712
          ],
          [
            -121.732319641717,
            37.657412665535
          ],
          [
            -121.730935968482,
            37.6583121935851
          ],
          [
            -121.730624736372,
            37.658476180142
          ],
          [
            -121.730314424137,
            37.6586396813224
          ],
          [
            -121.729079007059,
            37.6592905938829
          ],
          [
            -121.726196941235,
            37.6608240871536
          ],
          [
            -121.723791774825,
            37.6621091652127
          ],
          [
            -121.721675903666,
            37.6632513634774
          ],
          [
            -121.719327614987,
            37.6645235768154
          ],
          [
            -121.717739284869,
            37.6653879586434
          ],
          [
            -121.715789840989,
            37.6664272466536
          ],
          [
            -121.713434502332,
            37.6676635800292
          ],
          [
            -121.71164498642,
            37.6685761855839
          ],
          [
            -121.710917602568,
            37.6687564883816
          ],
          [
            -121.710623968455,
            37.6686878774328
          ],
          [
            -121.710380737015,
            37.6686310424326
          ],
          [
            -121.710241924846,
            37.6685986063089
          ],
          [
            -121.709412751991,
            37.6688454272473
          ],
          [
            -121.708080047368,
            37.6692129604083
          ],
          [
            -121.705214790819,
            37.6700393841174
          ],
          [
            -121.703133682665,
            37.6706317669458
          ],
          [
            -121.697707486447,
            37.6722028600856
          ],
          [
            -121.696603969002,
            37.6725216674173
          ]
        ]
      },
      "properties": {
        "OBJECTID": 1522,
        "Name": "PG&E 115kV",
        "kV": "115",
        "kV_Sort": 115,
        "Owner": "PG&E",
        "Status": "Operational",
        "Circuit": "Double",
        "Type": "OH",
        "Legend": "PG&E_115kV",
        "Length_Mile": 12,
        "Length_Feet": "65210.41311197",
        "TLine_Name": " ",
        "Source": "Digital Globe",
        "Comments": " ",
        "Creator": "DWHITEHORN; MSNYDER; MTUCK",
        "Creator_Date": 1237507200000,
        "Last_Editor": "SVC_AGIS_SQLADM",
        "Last_Editor_Date": 1461598062000,
        "GlobalID": "78d733ff-cf6c-4756-aaaf-d786b0fab5f9",
        "Shape__Length": 25113.30510240279,
        "layer_id": "cec_transmission_lines",
        "source_name": "California Energy Commission ArcGIS FeatureServer",
        "source_url": "https://services3.arcgis.com/bWPjFyq029ChCGur/arcgis/rest/services/Transmission_Line/FeatureServer/2/query",
        "retrieved_at": "2026-05-03T02:52:20.212Z",
        "provisional": true
      }
    },
    {
      "type": "Feature",
      "id": 99,
      "geometry": {
        "type": "LineString",
        "coordinates": [
          [
            -121.021299380701,
            37.6911281763357
          ],
          [
            -121.022329593822,
            37.6907713726424
          ],
          [
            -121.022767155112,
            37.6906198235331
          ],
          [
            -121.025848970323,
            37.6897276414667
          ],
          [
            -121.026252799874,
            37.6896088932268
          ],
          [
            -121.029414587603,
            37.6886790936291
          ],
          [
            -121.032850451326,
            37.6876841453165
          ],
          [
            -121.035960238278,
            37.6867745565049
          ],
          [
            -121.039495045141,
            37.6857466314998
          ],
          [
            -121.04257643455,
            37.684852141478
          ],
          [
            -121.045667100861,
            37.6839481000954
          ],
          [
            -121.048811976009,
            37.6830265993192
          ],
          [
            -121.050710229392,
            37.6824728083851
          ],
          [
            -121.053009806026,
            37.6818008917117
          ],
          [
            -121.055246588626,
            37.6811619335211
          ],
          [
            -121.058151050349,
            37.6802990400257
          ],
          [
            -121.061316347795,
            37.6793762447513
          ],
          [
            -121.064466890414,
            37.6784631477796
          ],
          [
            -121.067729969479,
            37.6775094196558
          ],
          [
            -121.067941226285,
            37.677447777337
          ],
          [
            -121.070812401833,
            37.6766099600061
          ],
          [
            -121.073570263891,
            37.6758109175663
          ],
          [
            -121.07656575819,
            37.674933218362
          ],
          [
            -121.079365088278,
            37.6741004101882
          ],
          [
            -121.082548209199,
            37.6730931547076
          ],
          [
            -121.085783784545,
            37.6722769057723
          ],
          [
            -121.085944847086,
            37.6722284153766
          ],
          [
            -121.089064210977,
            37.6712892517611
          ],
          [
            -121.095406264781,
            37.6694433879255
          ],
          [
            -121.098717442342,
            37.6684683319252
          ],
          [
            -121.105354061812,
            37.6665384709955
          ],
          [
            -121.111548723637,
            37.6647156419139
          ],
          [
            -121.114623484378,
            37.6638080733631
          ],
          [
            -121.117686602055,
            37.6629193136033
          ],
          [
            -121.121087166478,
            37.6619371636787
          ],
          [
            -121.124013114105,
            37.661077698321
          ],
          [
            -121.12693433929,
            37.6602238396707
          ],
          [
            -121.130504308907,
            37.6591759671614
          ],
          [
            -121.133878358657,
            37.6581861887848
          ],
          [
            -121.136825281048,
            37.6573224520531
          ],
          [
            -121.139819241922,
            37.6564394115203
          ],
          [
            -121.143150766324,
            37.655474189785
          ],
          [
            -121.146246207182,
            37.6545731153327
          ],
          [
            -121.149388587707,
            37.65364709271
          ],
          [
            -121.152467292951,
            37.6527460159999
          ],
          [
            -121.155545924532,
            37.6518448607889
          ],
          [
            -121.159155288868,
            37.6507901096899
          ],
          [
            -121.162618790159,
            37.6498099138521
          ],
          [
            -121.165838576716,
            37.6488582877066
          ],
          [
            -121.16909627667,
            37.6479118366403
          ],
          [
            -121.172257080743,
            37.6469869059797
          ],
          [
            -121.175586418646,
            37.6460102284663
          ],
          [
            -121.178836179289,
            37.6450640576332
          ],
          [
            -121.182036175062,
            37.6441225145811
          ],
          [
            -121.185160088022,
            37.6432069943431
          ],
          [
            -121.188204369824,
            37.642317538427
          ],
          [
            -121.191476664706,
            37.6413553021165
          ],
          [
            -121.19468689229,
            37.6404062728708
          ],
          [
            -121.19759887381,
            37.6399263933708
          ],
          [
            -121.201017090129,
            37.6394357253064
          ],
          [
            -121.204516288672,
            37.6389004777525
          ],
          [
            -121.209870235189,
            37.6380487684911
          ],
          [
            -121.213256793979,
            37.6370094410652
          ],
          [
            -121.217201298188,
            37.6358374576039
          ],
          [
            -121.221343287131,
            37.6345789152195
          ],
          [
            -121.224259762922,
            37.6337076803335
          ],
          [
            -121.226659901461,
            37.6329938021707
          ],
          [
            -121.229255400218,
            37.6322046186037
          ],
          [
            -121.231982966593,
            37.6313820892604
          ],
          [
            -121.234479363208,
            37.630623862947
          ],
          [
            -121.238184823924,
            37.6299206843809
          ],
          [
            -121.241678625389,
            37.62926481246
          ],
          [
            -121.241728696584,
            37.6292554128368
          ],
          [
            -121.241817127639,
            37.6292388098211
          ],
          [
            -121.245572159189,
            37.6285330078297
          ],
          [
            -121.249083720347,
            37.6278634380336
          ],
          [
            -121.252375509569,
            37.6272298723205
          ],
          [
            -121.255641313225,
            37.6266040021728
          ],
          [
            -121.258912429517,
            37.6260155490292
          ],
          [
            -121.262442765465,
            37.6253491432885
          ],
          [
            -121.266046207208,
            37.6246668319109
          ],
          [
            -121.269170527105,
            37.624081497569
          ],
          [
            -121.269404123215,
            37.6240377299126
          ],
          [
            -121.272775098031,
            37.6240432148342
          ],
          [
            -121.276235916952,
            37.6240382549966
          ],
          [
            -121.279502458125,
            37.6240315171302
          ],
          [
            -121.282785674724,
            37.6240301460776
          ],
          [
            -121.286066618586,
            37.6240343439036
          ],
          [
            -121.289174249581,
            37.6240159040617
          ],
          [
            -121.295800020098,
            37.6240194110258
          ],
          [
            -121.299023927227,
            37.6240126020082
          ],
          [
            -121.302236285615,
            37.6240227358468
          ],
          [
            -121.305561969171,
            37.6240108858795
          ],
          [
            -121.308826302285,
            37.6240127628063
          ],
          [
            -121.315423324017,
            37.6239967150095
          ],
          [
            -121.318701833444,
            37.6239962874003
          ],
          [
            -121.321802647125,
            37.6239939785948
          ],
          [
            -121.325100765877,
            37.6240307223893
          ],
          [
            -121.32838411363,
            37.6240356103663
          ],
          [
            -121.331648314691,
            37.6240293527596
          ],
          [
            -121.335026265824,
            37.6240254928939
          ],
          [
            -121.338394609475,
            37.6240141310134
          ],
          [
            -121.341677957228,
            37.6240186547055
          ],
          [
            -121.344949261268,
            37.6240119545467
          ],
          [
            -121.348374545531,
            37.6240053063266
          ],
          [
            -121.351428058421,
            37.6240065187161
          ],
          [
            -121.354481971959,
            37.6239974699071
          ],
          [
            -121.354801168533,
            37.6239965193481
          ],
          [
            -121.358243063544,
            37.6239912784663
          ],
          [
            -121.361613905409,
            37.6239867476575
          ],
          [
            -121.364965391275,
            37.6239598039966
          ],
          [
            -121.368160937692,
            37.6239552119971
          ],
          [
            -121.371732885401,
            37.6239368247864
          ],
          [
            -121.375717000822,
            37.6239173468461
          ],
          [
            -121.380304742792,
            37.623873865115
          ],
          [
            -121.383411062248,
            37.6237834977686
          ],
          [
            -121.38632804379,
            37.6237027576073
          ],
          [
            -121.39165745552,
            37.6235431809971
          ],
          [
            -121.39540018015,
            37.6235371254151
          ],
          [
            -121.400929214604,
            37.6235400873923
          ],
          [
            -121.405761456435,
            37.6235246926512
          ],
          [
            -121.412410498707,
            37.6235213984025
          ],
          [
            -121.41291543544,
            37.6235211330127
          ],
          [
            -121.413663177811,
            37.6235223034315
          ],
          [
            -121.414049159635,
            37.6235229060728
          ],
          [
            -121.414767360009,
            37.623524023129
          ],
          [
            -121.415629877429,
            37.6235253593275
          ],
          [
            -121.417327756198,
            37.6235279712468
          ],
          [
            -121.419653736116,
            37.6235135242225
          ],
          [
            -121.425862345184,
            37.6234997502752
          ],
          [
            -121.429321041386,
            37.6235054102658
          ],
          [
            -121.438824638577,
            37.6234834590343
          ],
          [
            -121.442958459139,
            37.6234881108289
          ],
          [
            -121.44555456875,
            37.6234774134085
          ],
          [
            -121.451083563678,
            37.6234761782422
          ],
          [
            -121.454831052074,
            37.6234700828108
          ],
          [
            -121.457280467698,
            37.6234684278586
          ],
          [
            -121.462700261624,
            37.6234548396049
          ],
          [
            -121.466064004104,
            37.6234493290259
          ],
          [
            -121.469257334377,
            37.6234514521464
          ],
          [
            -121.471780021087,
            37.6234410877034
          ],
          [
            -121.47564114996,
            37.6234310626453
          ],
          [
            -121.47880753347,
            37.6236285987317
          ],
          [
            -121.484587486248,
            37.6239776967116
          ],
          [
            -121.491064760756,
            37.6243666565779
          ],
          [
            -121.493308511587,
            37.6245039389744
          ],
          [
            -121.500023050925,
            37.6249063552987
          ],
          [
            -121.50311835973,
            37.6250966274645
          ],
          [
            -121.508964854314,
            37.6254437135927
          ],
          [
            -121.510926454196,
            37.6255654445788
          ],
          [
            -121.515845764337,
            37.6258638043584
          ],
          [
            -121.518592352539,
            37.6260261685335
          ],
          [
            -121.522029299629,
            37.6262360304296
          ],
          [
            -121.526164525156,
            37.6274661623872
          ],
          [
            -121.529491698119,
            37.6284472926517
          ],
          [
            -121.532564148393,
            37.629363979408
          ],
          [
            -121.53530293293,
            37.6301796913316
          ],
          [
            -121.53828971896,
            37.6310710376936
          ],
          [
            -121.541443303274,
            37.6320052378323
          ],
          [
            -121.544199013867,
            37.6328280434203
          ],
          [
            -121.54728347282,
            37.6337348104055
          ],
          [
            -121.55062572131,
            37.6347301896505
          ],
          [
            -121.553374957745,
            37.6351152382261
          ],
          [
            -121.55649288523,
            37.6355686767285
          ],
          [
            -121.559688369664,
            37.6360658922705
          ],
          [
            -121.5629802047,
            37.6365228420165
          ],
          [
            -121.566376897384,
            37.6370068153922
          ],
          [
            -121.569688681308,
            37.6374882858714
          ],
          [
            -121.576958680427,
            37.6384938996432
          ],
          [
            -121.581439247994,
            37.6391309417352
          ],
          [
            -121.583832351826,
            37.6396067930367
          ],
          [
            -121.585117053175,
            37.639870692998
          ],
          [
            -121.586261911987,
            37.6401058530968
          ],
          [
            -121.590523896987,
            37.6409677172524
          ],
          [
            -121.593772620975,
            37.6416438419403
          ],
          [
            -121.59725962399,
            37.643168157389
          ],
          [
            -121.600605520538,
            37.6446540947553
          ],
          [
            -121.603120431431,
            37.6457761262494
          ],
          [
            -121.605577395598,
            37.6460042124131
          ],
          [
            -121.610749643476,
            37.6464970996777
          ],
          [
            -121.613590022081,
            37.6460340216745
          ],
          [
            -121.618256492403,
            37.6452827626135
          ],
          [
            -121.623301708618,
            37.6444668522995
          ],
          [
            -121.627159176856,
            37.6438330134516
          ],
          [
            -121.63016225024,
            37.6437019387768
          ],
          [
            -121.635519183656,
            37.6434626815352
          ],
          [
            -121.639461105208,
            37.6432758137827
          ],
          [
            -121.643420914913,
            37.6430861970448
          ],
          [
            -121.64807682464,
            37.6431028147494
          ],
          [
            -121.653953991301,
            37.6431071153499
          ],
          [
            -121.659984115004,
            37.6431232422438
          ],
          [
            -121.662984055963,
            37.6431242821837
          ],
          [
            -121.666397347717,
            37.6431337277105
          ],
          [
            -121.671292494076,
            37.6431366156415
          ],
          [
            -121.673286468343,
            37.6431372124332
          ],
          [
            -121.677071106567,
            37.6431506498465
          ],
          [
            -121.682433374179,
            37.643156023104
          ],
          [
            -121.684502228414,
            37.6431577523055
          ],
          [
            -121.687963305151,
            37.6431611637618
          ],
          [
            -121.692756584353,
            37.643159863482
          ],
          [
            -121.695388549321,
            37.6431724188635
          ],
          [
            -121.698688059563,
            37.6431801828412
          ],
          [
            -121.70144546348,
            37.6431789572495
          ],
          [
            -121.707637547141,
            37.6432046164258
          ],
          [
            -121.711257255577,
            37.6432050873146
          ],
          [
            -121.713841121152,
            37.6432084326167
          ],
          [
            -121.717020970408,
            37.6432197787591
          ],
          [
            -121.721026990349,
            37.6432239001022
          ],
          [
            -121.724194217378,
            37.6434678086569
          ],
          [
            -121.727556610588,
            37.6437349199703
          ],
          [
            -121.730298163732,
            37.6439539653114
          ],
          [
            -121.732763827184,
            37.6441532123043
          ],
          [
            -121.735209678293,
            37.6438828055923
          ],
          [
            -121.738503380029,
            37.643507471996
          ],
          [
            -121.742318983181,
            37.6418832636655
          ],
          [
            -121.745663952668,
            37.6405087589931
          ],
          [
            -121.747744471527,
            37.6396302504064
          ],
          [
            -121.754497747118,
            37.6367737049119
          ],
          [
            -121.75889156348,
            37.6349411239352
          ],
          [
            -121.761897388404,
            37.6336723001038
          ],
          [
            -121.764777926194,
            37.6324266076309
          ],
          [
            -121.768914635738,
            37.630756450433
          ],
          [
            -121.771740495772,
            37.6291055764792
          ],
          [
            -121.774456051672,
            37.6276057833257
          ],
          [
            -121.776684245479,
            37.6262603087931
          ],
          [
            -121.779212326573,
            37.6248154008066
          ],
          [
            -121.781220436728,
            37.623662971279
          ],
          [
            -121.782563981322,
            37.6228882652735
          ],
          [
            -121.785776752935,
            37.6210437959773
          ],
          [
            -121.788310412566,
            37.6195962335938
          ],
          [
            -121.789925624769,
            37.6186726125996
          ],
          [
            -121.793144133024,
            37.6168325998438
          ],
          [
            -121.797189017678,
            37.614512552736
          ],
          [
            -121.799849119677,
            37.6129892676562
          ],
          [
            -121.802119447166,
            37.6116901343318
          ],
          [
            -121.806391108819,
            37.6092405668535
          ],
          [
            -121.809100894839,
            37.6076830934719
          ],
          [
            -121.813906562707,
            37.6049356311024
          ],
          [
            -121.817475162394,
            37.6028950260554
          ],
          [
            -121.819593989909,
            37.6016666781973
          ],
          [
            -121.822085156532,
            37.6002475029181
          ],
          [
            -121.825192570136,
            37.5984557607761
          ],
          [
            -121.827418846938,
            37.5975958549308
          ],
          [
            -121.830522862215,
            37.5964115707921
          ],
          [
            -121.83370931319,
            37.5951761035123
          ],
          [
            -121.837627467117,
            37.5936445094873
          ],
          [
            -121.840864645058,
            37.5924128136418
          ],
          [
            -121.843813468284,
            37.5912614208834
          ],
          [
            -121.849065217963,
            37.5892270928292
          ],
          [
            -121.852968146344,
            37.5877094616178
          ],
          [
            -121.855063428117,
            37.586900899162
          ],
          [
            -121.85765818756,
            37.5840292937488
          ],
          [
            -121.859240993938,
            37.5822223593689
          ],
          [
            -121.860789541266,
            37.5804847598887
          ],
          [
            -121.862344116289,
            37.5787517922458
          ],
          [
            -121.86444297695,
            37.5764122475053
          ],
          [
            -121.866130810758,
            37.5745110194568
          ],
          [
            -121.867715298782,
            37.5727578304941
          ],
          [
            -121.869264449777,
            37.5709999316533
          ],
          [
            -121.871296541358,
            37.5687289413839
          ],
          [
            -121.873184588981,
            37.5666239288272
          ],
          [
            -121.874421395752,
            37.5652261214217
          ],
          [
            -121.875224353971,
            37.5643186052718
          ],
          [
            -121.875688014015,
            37.563797063433
          ],
          [
            -121.877260691888,
            37.5620279876468
          ],
          [
            -121.878806714051,
            37.5602871810411
          ],
          [
            -121.879804454871,
            37.5591650842578
          ],
          [
            -121.881862136759,
            37.5568629823372
          ],
          [
            -121.885316092551,
            37.5529811560832
          ],
          [
            -121.887234492451,
            37.5507504353669
          ],
          [
            -121.889279058936,
            37.5484199536673
          ],
          [
            -121.891435653422,
            37.5460355016468
          ],
          [
            -121.89254083275,
            37.544845205018
          ],
          [
            -121.89403220231,
            37.5431761798218
          ],
          [
            -121.895368084274,
            37.5416613382168
          ],
          [
            -121.899453984207,
            37.5370743777524
          ],
          [
            -121.901482442102,
            37.5348450858344
          ],
          [
            -121.904507864673,
            37.5325192509403
          ],
          [
            -121.908886512083,
            37.5291538128939
          ],
          [
            -121.912965784246,
            37.5260095442323
          ],
          [
            -121.915015996642,
            37.5244277022541
          ],
          [
            -121.91802125473,
            37.5233742083253
          ],
          [
            -121.920945280861,
            37.5223393319897
          ],
          [
            -121.923774637138,
            37.5213422603369
          ],
          [
            -121.927584225171,
            37.5199894716886
          ],
          [
            -121.929682442638,
            37.5192111172496
          ],
          [
            -121.931445007294,
            37.5186199253667
          ],
          [
            -121.934302430533,
            37.5176411127475
          ],
          [
            -121.936750602889,
            37.5167747709729
          ],
          [
            -121.940725822294,
            37.5154182762803
          ],
          [
            -121.940792591375,
            37.5153954901442
          ],
          [
            -121.940937988195,
            37.5153458713652
          ],
          [
            -121.942665731456,
            37.5147234645145
          ],
          [
            -121.945348496153,
            37.5137756758079
          ],
          [
            -121.948015438823,
            37.5128344056675
          ],
          [
            -121.950779483087,
            37.5118788445062
          ],
          [
            -121.953620556988,
            37.5113629448887
          ],
          [
            -121.956305065315,
            37.5108748336629
          ],
          [
            -121.959090393363,
            37.5103612971551
          ],
          [
            -121.962242041808,
            37.5097752897879
          ],
          [
            -121.964462879311,
            37.5093720628722
          ],
          [
            -121.967198605084,
            37.5088686356129
          ],
          [
            -121.969894664847,
            37.5083721214689
          ],
          [
            -121.972582856267,
            37.5078804183901
          ],
          [
            -121.975399921794,
            37.5073707157945
          ],
          [
            -121.977598844896,
            37.5065929986577
          ],
          [
            -121.979737355397,
            37.5055633447643
          ],
          [
            -121.982648626349,
            37.5038240296449
          ],
          [
            -121.983391584293,
            37.5034617863591
          ],
          [
            -121.984004101468,
            37.5031631354887
          ],
          [
            -121.984583228264,
            37.5028807604414
          ],
          [
            -121.984901333384,
            37.5027256540019
          ],
          [
            -121.987071045069,
            37.5028973467472
          ],
          [
            -121.987298600907,
            37.5025161508323
          ],
          [
            -121.987779978424,
            37.5017097425426
          ]
        ]
      },
      "properties": {
        "OBJECTID": 99,
        "Name": "CCSF 115kV",
        "kV": "115",
        "kV_Sort": 115,
        "Owner": "CCSF",
        "Status": "Operational",
        "Circuit": "Double",
        "Type": "OH",
        "Legend": "Other_110_161kV",
        "Length_Mile": 58,
        "Length_Feet": "304293.60492479",
        "TLine_Name": " ",
        "Source": "Digital Globe",
        "Comments": " ",
        "Creator": "DWHITEHORN; MTUCK",
        "Creator_Date": 1237507200000,
        "Last_Editor": "SVC_AGIS_SQLADM",
        "Last_Editor_Date": 1461598050000,
        "GlobalID": "b214e46b-971f-4c73-b222-3473e300f292",
        "Shape__Length": 117152.09114370435,
        "layer_id": "cec_transmission_lines",
        "source_name": "California Energy Commission ArcGIS FeatureServer",
        "source_url": "https://services3.arcgis.com/bWPjFyq029ChCGur/arcgis/rest/services/Transmission_Line/FeatureServer/2/query",
        "retrieved_at": "2026-05-03T02:52:20.212Z",
        "provisional": true
      }
    },
    {
      "type": "Feature",
      "id": 1181,
      "geometry": {
        "type": "LineString",
        "coordinates": [
          [
            -121.870090937568,
            37.5863520420777
          ],
          [
            -121.869569768278,
            37.5865061737853
          ],
          [
            -121.869579523083,
            37.5865635606627
          ],
          [
            -121.869635277021,
            37.5868915568264
          ]
        ]
      },
      "properties": {
        "OBJECTID": 1181,
        "Name": "PG&E 115kV",
        "kV": "115",
        "kV_Sort": 115,
        "Owner": "PG&E",
        "Status": "Operational",
        "Circuit": "Single",
        "Type": "OH",
        "Legend": "PG&E_115kV",
        "Length_Mile": 0,
        "Length_Feet": "302.74658684",
        "TLine_Name": " ",
        "Source": "Digital Globe",
        "Comments": " ",
        "Creator": "DWHITEHORN",
        "Creator_Date": 1237507200000,
        "Last_Editor": "SVC_AGIS_SQLADM",
        "Last_Editor_Date": 1461598050000,
        "GlobalID": "6e4781fc-ec0c-4aaf-966c-cbfed99c3b29",
        "Shape__Length": 116.5519269614907,
        "layer_id": "cec_transmission_lines",
        "source_name": "California Energy Commission ArcGIS FeatureServer",
        "source_url": "https://services3.arcgis.com/bWPjFyq029ChCGur/arcgis/rest/services/Transmission_Line/FeatureServer/2/query",
        "retrieved_at": "2026-05-03T02:52:20.212Z",
        "provisional": true
      }
    },
    {
      "type": "Feature",
      "id": 1582,
      "geometry": {
        "type": "LineString",
        "coordinates": [
          [
            -121.895064424962,
            37.5440675978324
          ],
          [
            -121.893490846078,
            37.5458550179278
          ],
          [
            -121.893488551781,
            37.5458569139201
          ],
          [
            -121.891601725867,
            37.5479523120325
          ],
          [
            -121.890641765493,
            37.5489956138729
          ],
          [
            -121.889304094983,
            37.5503906811228
          ],
          [
            -121.886197661442,
            37.5537453164211
          ],
          [
            -121.883260647468,
            37.5570469972357
          ],
          [
            -121.881344066657,
            37.5591928881233
          ],
          [
            -121.878924611644,
            37.5619397184678
          ],
          [
            -121.877540513505,
            37.5634636548743
          ],
          [
            -121.875317291873,
            37.5659762626442
          ],
          [
            -121.875168344911,
            37.5661445913691
          ],
          [
            -121.875006881722,
            37.5663253641761
          ],
          [
            -121.872259701531,
            37.5694009182935
          ],
          [
            -121.868653450755,
            37.5734489140578
          ],
          [
            -121.866370426478,
            37.5759702439317
          ],
          [
            -121.864621711149,
            37.5779310317026
          ],
          [
            -121.863215351859,
            37.5795257847383
          ],
          [
            -121.861208425683,
            37.5817601175019
          ],
          [
            -121.859667429593,
            37.583507512635
          ],
          [
            -121.857708204857,
            37.5856889840076
          ],
          [
            -121.855943186902,
            37.5876721987392
          ],
          [
            -121.854460153708,
            37.5885485558839
          ],
          [
            -121.851528522439,
            37.5903713248513
          ],
          [
            -121.84802200622,
            37.5924594670343
          ],
          [
            -121.846086226614,
            37.5936141467962
          ],
          [
            -121.843270592103,
            37.5953084951293
          ],
          [
            -121.84114157949,
            37.5966185183477
          ],
          [
            -121.839101828873,
            37.5978434698238
          ],
          [
            -121.836937388502,
            37.5991483837132
          ],
          [
            -121.834797922194,
            37.6004231276087
          ],
          [
            -121.832554432772,
            37.6017607782925
          ],
          [
            -121.830523821615,
            37.6029872976699
          ],
          [
            -121.827971552485,
            37.604550820464
          ],
          [
            -121.826033035712,
            37.6057145016921
          ],
          [
            -121.824291438633,
            37.6067840497439
          ]
        ]
      },
      "properties": {
        "OBJECTID": 1582,
        "Name": "PG&E 230kV",
        "kV": "230",
        "kV_Sort": 230,
        "Owner": "PG&E",
        "Status": "Operational",
        "Circuit": "Double",
        "Type": "OH",
        "Legend": "PG&E_230kV",
        "Length_Mile": 6,
        "Length_Feet": "31029.81158133",
        "TLine_Name": " ",
        "Source": "Digital Globe",
        "Comments": " ",
        "Creator": "DWHITEHORN",
        "Creator_Date": 1237507200000,
        "Last_Editor": "SVC_AGIS_SQLADM",
        "Last_Editor_Date": 1461598068000,
        "GlobalID": "7eff608f-660a-46de-8b69-3299951d96cd",
        "Shape__Length": 11944.826581900472,
        "layer_id": "cec_transmission_lines",
        "source_name": "California Energy Commission ArcGIS FeatureServer",
        "source_url": "https://services3.arcgis.com/bWPjFyq029ChCGur/arcgis/rest/services/Transmission_Line/FeatureServer/2/query",
        "retrieved_at": "2026-05-03T02:52:20.212Z",
        "provisional": true
      }
    },
    {
      "type": "Feature",
      "id": 1576,
      "geometry": {
        "type": "LineString",
        "coordinates": [
          [
            -121.876512964788,
            37.5642581671286
          ],
          [
            -121.876542612786,
            37.5642745745901
          ],
          [
            -121.876616218045,
            37.5641432749213
          ],
          [
            -121.876512964788,
            37.5642581671286
          ]
        ]
      },
      "properties": {
        "OBJECTID": 1576,
        "Name": "PG&E 230kV",
        "kV": "230",
        "kV_Sort": 230,
        "Owner": "PG&E",
        "Status": "Operational",
        "Circuit": "Double",
        "Type": "OH",
        "Legend": "PG&E_230kV",
        "Length_Mile": 0,
        "Length_Feet": "114.33741655",
        "TLine_Name": " ",
        "Source": "Digital Globe",
        "Comments": "Line stops at an unknow sub",
        "Creator": "MSNYDER; DWHITEHORN",
        "Creator_Date": 1231718400000,
        "Last_Editor": "SVC_AGIS_SQLADM",
        "Last_Editor_Date": 1461598068000,
        "GlobalID": "f3f258a6-09f5-41f3-be46-52f61604490b",
        "Shape__Length": 44.01331418565059,
        "layer_id": "cec_transmission_lines",
        "source_name": "California Energy Commission ArcGIS FeatureServer",
        "source_url": "https://services3.arcgis.com/bWPjFyq029ChCGur/arcgis/rest/services/Transmission_Line/FeatureServer/2/query",
        "retrieved_at": "2026-05-03T02:52:20.212Z",
        "provisional": true
      }
    },
    {
      "type": "Feature",
      "id": 1577,
      "geometry": {
        "type": "LineString",
        "coordinates": [
          [
            -121.876265372926,
            37.5621669837271
          ],
          [
            -121.875164993297,
            37.5634970433639
          ],
          [
            -121.875317271212,
            37.5635843949705
          ],
          [
            -121.875688014015,
            37.563797063433
          ],
          [
            -121.875913757052,
            37.5639265557642
          ],
          [
            -121.876113159689,
            37.5640369088609
          ],
          [
            -121.876229719691,
            37.5641014145229
          ],
          [
            -121.876363850739,
            37.5641756455606
          ],
          [
            -121.876512964788,
            37.5642581671286
          ]
        ]
      },
      "properties": {
        "OBJECTID": 1577,
        "Name": "PG&E 230kV",
        "kV": "230",
        "kV_Sort": 230,
        "Owner": "PG&E",
        "Status": "Operational",
        "Circuit": "Double",
        "Type": "OH",
        "Legend": "PG&E_230kV",
        "Length_Mile": 0,
        "Length_Feet": "1059.08819672",
        "TLine_Name": " ",
        "Source": "Digital Globe",
        "Comments": "Line stops at an unknow sub",
        "Creator": "MSNYDER; DWHITEHORN",
        "Creator_Date": 1231718400000,
        "Last_Editor": "SVC_AGIS_SQLADM",
        "Last_Editor_Date": 1461598068000,
        "GlobalID": "5c56af35-77ad-44e7-96e6-8d6faf91c1f0",
        "Shape__Length": 407.6076587429972,
        "layer_id": "cec_transmission_lines",
        "source_name": "California Energy Commission ArcGIS FeatureServer",
        "source_url": "https://services3.arcgis.com/bWPjFyq029ChCGur/arcgis/rest/services/Transmission_Line/FeatureServer/2/query",
        "retrieved_at": "2026-05-03T02:52:20.212Z",
        "provisional": true
      }
    },
    {
      "type": "Feature",
      "id": 1571,
      "geometry": {
        "type": "LineString",
        "coordinates": [
          [
            -121.876265372926,
            37.5621669837271
          ],
          [
            -121.874168284641,
            37.5644506053044
          ],
          [
            -121.872300680877,
            37.5608441566471
          ]
        ]
      },
      "properties": {
        "OBJECTID": 1571,
        "Name": "PG&E 230kV",
        "kV": "230",
        "kV_Sort": 230,
        "Owner": "PG&E",
        "Status": "Operational",
        "Circuit": "Single",
        "Type": "OH",
        "Legend": "PG&E_230kV",
        "Length_Mile": 0,
        "Length_Feet": "2452.58089283",
        "TLine_Name": " ",
        "Source": "Digital Globe",
        "Comments": " ",
        "Creator": "MSNYDER; DWHITEHORN",
        "Creator_Date": 1231718400000,
        "Last_Editor": "SVC_AGIS_SQLADM",
        "Last_Editor_Date": 1461598068000,
        "GlobalID": "aa87ba10-7107-433a-b68f-9581b5ec6ce4",
        "Shape__Length": 944.1427269487332,
        "layer_id": "cec_transmission_lines",
        "source_name": "California Energy Commission ArcGIS FeatureServer",
        "source_url": "https://services3.arcgis.com/bWPjFyq029ChCGur/arcgis/rest/services/Transmission_Line/FeatureServer/2/query",
        "retrieved_at": "2026-05-03T02:52:20.212Z",
        "provisional": true
      }
    },
    {
      "type": "Feature",
      "id": 1179,
      "geometry": {
        "type": "LineString",
        "coordinates": [
          [
            -121.897099099199,
            37.5411016984484
          ],
          [
            -121.900167969686,
            37.5376479522745
          ],
          [
            -121.902149591219,
            37.5354243726875
          ],
          [
            -121.905254971935,
            37.533038764158
          ],
          [
            -121.906431234951,
            37.5321336941342
          ],
          [
            -121.909678373412,
            37.5296417539778
          ],
          [
            -121.912372920413,
            37.5275597782965
          ],
          [
            -121.91405821109,
            37.526263506968
          ],
          [
            -121.915711995155,
            37.5249950703453
          ],
          [
            -121.918081546957,
            37.5243242190789
          ],
          [
            -121.920505557326,
            37.5236287350354
          ],
          [
            -121.922852108663,
            37.5229599803709
          ],
          [
            -121.925116567458,
            37.522316210257
          ],
          [
            -121.927597522034,
            37.5216068968774
          ],
          [
            -121.930134754265,
            37.5208546774929
          ],
          [
            -121.932435728678,
            37.5202065280712
          ],
          [
            -121.935677623673,
            37.5192604149721
          ],
          [
            -121.937516513687,
            37.5187783161907
          ],
          [
            -121.942019681968,
            37.5174924104191
          ],
          [
            -121.942147756575,
            37.5174564904199
          ],
          [
            -121.944573644423,
            37.5167760798745
          ],
          [
            -121.947166352114,
            37.5160499437662
          ],
          [
            -121.949751980183,
            37.5153183953005
          ],
          [
            -121.952326125088,
            37.5145888020048
          ],
          [
            -121.954970585621,
            37.5138269971989
          ],
          [
            -121.95757639075,
            37.513082179805
          ],
          [
            -121.960154715515,
            37.5123423158462
          ],
          [
            -121.96273670361,
            37.5115980800574
          ],
          [
            -121.965328866923,
            37.5108642568725
          ],
          [
            -121.967924654039,
            37.5101219631035
          ]
        ]
      },
      "properties": {
        "OBJECTID": 1179,
        "Name": "PG&E 115kV",
        "kV": "115",
        "kV_Sort": 115,
        "Owner": "PG&E",
        "Status": "Operational",
        "Circuit": "Single",
        "Type": "OH",
        "Legend": "PG&E_115kV",
        "Length_Mile": 5,
        "Length_Feet": "24065.30998655",
        "TLine_Name": " ",
        "Source": "Digital Globe",
        "Comments": " ",
        "Creator": "DWHITEHORN",
        "Creator_Date": 1237507200000,
        "Last_Editor": "SVC_AGIS_SQLADM",
        "Last_Editor_Date": 1461598050000,
        "GlobalID": "9404c862-4302-4343-852e-d89f01d1e91c",
        "Shape__Length": 9254.25058800212,
        "layer_id": "cec_transmission_lines",
        "source_name": "California Energy Commission ArcGIS FeatureServer",
        "source_url": "https://services3.arcgis.com/bWPjFyq029ChCGur/arcgis/rest/services/Transmission_Line/FeatureServer/2/query",
        "retrieved_at": "2026-05-03T02:52:20.212Z",
        "provisional": true
      }
    },
    {
      "type": "Feature",
      "id": 1703,
      "geometry": {
        "type": "LineString",
        "coordinates": [
          [
            -121.877430275847,
            37.5668143970763
          ],
          [
            -121.880648610727,
            37.5677649124813
          ],
          [
            -121.884171859865,
            37.568803481101
          ],
          [
            -121.888739447233,
            37.5708982254832
          ],
          [
            -121.888923185048,
            37.5709829133503
          ],
          [
            -121.889069181045,
            37.5710502047601
          ],
          [
            -121.892561829971,
            37.5726599216173
          ],
          [
            -121.89568257637,
            37.5740782631059
          ],
          [
            -121.899733406973,
            37.5758845201435
          ],
          [
            -121.903461969662,
            37.5775834625559
          ],
          [
            -121.908845524651,
            37.580047867135
          ],
          [
            -121.910507895712,
            37.5813012849244
          ],
          [
            -121.912554203132,
            37.5828680475977
          ],
          [
            -121.916734108166,
            37.5860639738649
          ],
          [
            -121.918007539252,
            37.5870204758281
          ],
          [
            -121.920895723502,
            37.5892306840062
          ],
          [
            -121.92259170952,
            37.5905098630116
          ],
          [
            -121.923700884554,
            37.5913698671145
          ],
          [
            -121.926399836893,
            37.5934229135898
          ],
          [
            -121.932472734776,
            37.5980627030891
          ],
          [
            -121.941977741424,
            37.6032067606013
          ],
          [
            -121.942793068545,
            37.6036401852852
          ],
          [
            -121.949059715967,
            37.6077699505956
          ],
          [
            -121.952834557166,
            37.6102050699316
          ],
          [
            -121.956780195947,
            37.6128128507313
          ],
          [
            -121.959961281285,
            37.6149347275914
          ],
          [
            -121.962304466635,
            37.6168843796877
          ],
          [
            -121.96519860941,
            37.6192277155621
          ],
          [
            -121.966745624212,
            37.6204829168556
          ],
          [
            -121.969616987508,
            37.6228161959946
          ],
          [
            -121.972103146024,
            37.6248588400091
          ],
          [
            -121.973613906617,
            37.6260887343585
          ],
          [
            -121.976725304249,
            37.628616695982
          ],
          [
            -121.978149744829,
            37.6297782504849
          ],
          [
            -121.981044808377,
            37.6321186181129
          ],
          [
            -121.98383396774,
            37.6343883820583
          ],
          [
            -121.985532726858,
            37.6356924719305
          ],
          [
            -121.988186138205,
            37.6378685355237
          ],
          [
            -121.991765698236,
            37.6407562637294
          ],
          [
            -121.994898120937,
            37.6433550688023
          ],
          [
            -121.996944462493,
            37.6450676069931
          ],
          [
            -121.998371473153,
            37.6462714881587
          ],
          [
            -122.001182381627,
            37.6485230709372
          ],
          [
            -122.004019069055,
            37.6508186965436
          ],
          [
            -122.006964255901,
            37.6532363706888
          ],
          [
            -122.009668384332,
            37.6554043475696
          ],
          [
            -122.012271133392,
            37.6575216880733
          ],
          [
            -122.013176061175,
            37.6585560262764
          ],
          [
            -122.017235578486,
            37.6631370991434
          ],
          [
            -122.020308166203,
            37.6666231779897
          ],
          [
            -122.022870090426,
            37.6695581772686
          ],
          [
            -122.027183442891,
            37.6744444730908
          ],
          [
            -122.029014000133,
            37.67652419721
          ],
          [
            -122.032589899529,
            37.6771625689655
          ],
          [
            -122.035094621731,
            37.6776313767354
          ],
          [
            -122.0360373614,
            37.6796513866164
          ]
        ]
      },
      "properties": {
        "OBJECTID": 1703,
        "Name": "PG&E 230kV",
        "kV": "230",
        "kV_Sort": 230,
        "Owner": "PG&E",
        "Status": "Operational",
        "Circuit": "Double",
        "Type": "OH",
        "Legend": "PG&E_230kV",
        "Length_Mile": 12,
        "Length_Feet": "62581.29616544",
        "TLine_Name": " ",
        "Source": "Digital Globe",
        "Comments": " ",
        "Creator": "DWHITEHORN; MSNYDER",
        "Creator_Date": 1237507200000,
        "Last_Editor": "SVC_AGIS_SQLADM",
        "Last_Editor_Date": 1461598070000,
        "GlobalID": "e867c878-4dff-444f-9643-aaccdf104ace",
        "Shape__Length": 24101.476851296964,
        "layer_id": "cec_transmission_lines",
        "source_name": "California Energy Commission ArcGIS FeatureServer",
        "source_url": "https://services3.arcgis.com/bWPjFyq029ChCGur/arcgis/rest/services/Transmission_Line/FeatureServer/2/query",
        "retrieved_at": "2026-05-03T02:52:20.212Z",
        "provisional": true
      }
    },
    {
      "type": "Feature",
      "id": 1182,
      "geometry": {
        "type": "LineString",
        "coordinates": [
          [
            -121.603057093915,
            37.6801011597995
          ],
          [
            -121.607550702325,
            37.6788943085624
          ],
          [
            -121.61147809273,
            37.6778550024684
          ],
          [
            -121.612421534882,
            37.6776018745063
          ],
          [
            -121.613973387112,
            37.6771955203662
          ],
          [
            -121.616616961906,
            37.6764900951235
          ],
          [
            -121.61895657825,
            37.6758745875935
          ],
          [
            -121.621475815429,
            37.6752146228903
          ],
          [
            -121.624555188121,
            37.6744000774168
          ],
          [
            -121.627354348428,
            37.673659862382
          ],
          [
            -121.628920391344,
            37.6733599710357
          ],
          [
            -121.631658489567,
            37.6728055696924
          ],
          [
            -121.633742678045,
            37.6724145909629
          ],
          [
            -121.637303995988,
            37.6717362393021
          ],
          [
            -121.63960354208,
            37.6712849684357
          ],
          [
            -121.641279767857,
            37.6709624149752
          ],
          [
            -121.644012871448,
            37.670407796625
          ],
          [
            -121.646978945921,
            37.6698270114889
          ],
          [
            -121.649175698693,
            37.6694151317756
          ],
          [
            -121.655723790989,
            37.6681027924833
          ],
          [
            -121.6566794655,
            37.6679521797658
          ],
          [
            -121.65952162277,
            37.6676022459609
          ],
          [
            -121.662824207047,
            37.6671671363374
          ],
          [
            -121.666049370919,
            37.6667444624965
          ],
          [
            -121.669738773351,
            37.6662465307418
          ],
          [
            -121.672299201879,
            37.6659290837982
          ],
          [
            -121.675019296068,
            37.6655647435615
          ],
          [
            -121.677675900027,
            37.6652157812426
          ],
          [
            -121.680000959171,
            37.6649284202761
          ],
          [
            -121.682359920734,
            37.6646233644287
          ],
          [
            -121.685006725871,
            37.6642698444428
          ],
          [
            -121.687805315747,
            37.6639212799489
          ],
          [
            -121.690601720921,
            37.6635569383902
          ],
          [
            -121.693425114181,
            37.6631892861972
          ],
          [
            -121.696206348606,
            37.6628751151269
          ],
          [
            -121.699004219831,
            37.6624991066528
          ],
          [
            -121.70180077682,
            37.6621459484716
          ],
          [
            -121.704586280938,
            37.6617842948208
          ],
          [
            -121.70739203937,
            37.6614408921827
          ],
          [
            -121.710116436489,
            37.6610942913769
          ],
          [
            -121.712855054837,
            37.6607388394719
          ],
          [
            -121.715579598382,
            37.6604006987576
          ],
          [
            -121.718321743516,
            37.6600436391747
          ],
          [
            -121.721055130974,
            37.6596995215971
          ],
          [
            -121.723674993838,
            37.6593669950053
          ],
          [
            -121.726539423937,
            37.6589908108843
          ],
          [
            -121.728568641807,
            37.6587325301988
          ],
          [
            -121.73001189221,
            37.6585525920588
          ],
          [
            -121.730624736372,
            37.658476180142
          ],
          [
            -121.731217388203,
            37.6584022821214
          ],
          [
            -121.732658347004,
            37.6582225636432
          ],
          [
            -121.734008357671,
            37.6580541708271
          ],
          [
            -121.736042603411,
            37.6575466794794
          ],
          [
            -121.737937064107,
            37.6569562724196
          ],
          [
            -121.739439510793,
            37.6562560953722
          ],
          [
            -121.741159205149,
            37.6554253676624
          ],
          [
            -121.74385468999,
            37.6541596503278
          ],
          [
            -121.746180443532,
            37.6529164421403
          ],
          [
            -121.748161874622,
            37.6518556771686
          ],
          [
            -121.749560105057,
            37.6511082344569
          ],
          [
            -121.752172570295,
            37.6497018608048
          ],
          [
            -121.754167905509,
            37.6486250479789
          ],
          [
            -121.756186680464,
            37.6475492878693
          ],
          [
            -121.758480106334,
            37.6463306370086
          ],
          [
            -121.760562693115,
            37.6452094987397
          ],
          [
            -121.762991266028,
            37.6439086281258
          ],
          [
            -121.764779686892,
            37.6429520339459
          ],
          [
            -121.766949615072,
            37.6417908518151
          ],
          [
            -121.769105540313,
            37.6402677671777
          ],
          [
            -121.771161762439,
            37.6388076567197
          ],
          [
            -121.773147068861,
            37.6374058049417
          ],
          [
            -121.775308087549,
            37.6358796660752
          ],
          [
            -121.776929741572,
            37.6347482618895
          ],
          [
            -121.777856603519,
            37.6341015769044
          ],
          [
            -121.780042289945,
            37.6328626350966
          ],
          [
            -121.782817135552,
            37.631654941813
          ],
          [
            -121.785252466491,
            37.630596793634
          ],
          [
            -121.787938144424,
            37.6294418306484
          ],
          [
            -121.790231699651,
            37.6284243390182
          ],
          [
            -121.791937840226,
            37.6276803629758
          ],
          [
            -121.793127826805,
            37.6271687887281
          ],
          [
            -121.796642265267,
            37.6256562956999
          ],
          [
            -121.799442387669,
            37.6242446091483
          ],
          [
            -121.80415418698,
            37.6218680733749
          ],
          [
            -121.806078477133,
            37.6205996717063
          ],
          [
            -121.807379613161,
            37.6197823575737
          ],
          [
            -121.80748848538,
            37.6197139682008
          ],
          [
            -121.808305446537,
            37.6190862331437
          ],
          [
            -121.809131385457,
            37.6186071929183
          ],
          [
            -121.809690829266,
            37.6182294959517
          ],
          [
            -121.810778431259,
            37.6175246596068
          ],
          [
            -121.812908056523,
            37.6160984733497
          ],
          [
            -121.814690345488,
            37.6149408479165
          ],
          [
            -121.817303447631,
            37.6132138601739
          ],
          [
            -121.820991278909,
            37.6107849386712
          ],
          [
            -121.823427023971,
            37.6091979027505
          ],
          [
            -121.825870578986,
            37.6077137357943
          ],
          [
            -121.828062990201,
            37.6063693167571
          ],
          [
            -121.830291714014,
            37.6050371790404
          ],
          [
            -121.832385270123,
            37.6036412392997
          ],
          [
            -121.834519852291,
            37.6022288899261
          ],
          [
            -121.836645579765,
            37.6008266542976
          ],
          [
            -121.838688849083,
            37.5994499775556
          ],
          [
            -121.838808501984,
            37.5993858263518
          ],
          [
            -121.841087921322,
            37.5981636689499
          ],
          [
            -121.843545986823,
            37.5971526112751
          ],
          [
            -121.845982308604,
            37.5961404060238
          ],
          [
            -121.848430873523,
            37.5951150797115
          ],
          [
            -121.851560489887,
            37.5938329989054
          ],
          [
            -121.853921937987,
            37.5928661531478
          ],
          [
            -121.857010098897,
            37.5915931553944
          ],
          [
            -121.85912485345,
            37.590724492512
          ],
          [
            -121.861861089466,
            37.5895999550119
          ],
          [
            -121.863125779944,
            37.5890879329888
          ],
          [
            -121.865261502074,
            37.5881973660638
          ],
          [
            -121.866506449378,
            37.5876913402168
          ],
          [
            -121.869972739938,
            37.5862603933527
          ],
          [
            -121.872128388498,
            37.5853794056324
          ],
          [
            -121.873139755862,
            37.5833943052535
          ],
          [
            -121.874191511481,
            37.5813670584856
          ],
          [
            -121.875031877345,
            37.579835431595
          ],
          [
            -121.875907105028,
            37.578762648452
          ],
          [
            -121.879070614827,
            37.576307186887
          ],
          [
            -121.883300305393,
            37.5740566653776
          ],
          [
            -121.885574323161,
            37.5728086178921
          ],
          [
            -121.887839573372,
            37.5715735455868
          ],
          [
            -121.888923185048,
            37.5709829133503
          ],
          [
            -121.890868108605,
            37.5699227669367
          ],
          [
            -121.892464256762,
            37.5690559787029
          ],
          [
            -121.894236485493,
            37.5680919212795
          ],
          [
            -121.896498206224,
            37.5668710465026
          ],
          [
            -121.900702612807,
            37.564588805761
          ],
          [
            -121.903595869844,
            37.5621756106685
          ],
          [
            -121.908570212576,
            37.5614693966037
          ],
          [
            -121.911367496302,
            37.5605459426856
          ],
          [
            -121.912544132119,
            37.5601492859317
          ],
          [
            -121.914883507714,
            37.5593074981342
          ],
          [
            -121.915484219229,
            37.5590866367672
          ],
          [
            -121.917402828437,
            37.558381200259
          ],
          [
            -121.920381478426,
            37.5572943296975
          ],
          [
            -121.922840031713,
            37.5563946530485
          ],
          [
            -121.924099693421,
            37.5559350026037
          ],
          [
            -121.92685572112,
            37.5548944891428
          ],
          [
            -121.931294705672,
            37.5528191723138
          ],
          [
            -121.933047988036,
            37.5519936520501
          ],
          [
            -121.934970232726,
            37.5510780679485
          ],
          [
            -121.937041778314,
            37.5500798862775
          ],
          [
            -121.939133504554,
            37.5490970814413
          ],
          [
            -121.941772683892,
            37.5484373716939
          ],
          [
            -121.944341611382,
            37.5476427854665
          ],
          [
            -121.946930573098,
            37.5468578344172
          ],
          [
            -121.949436863758,
            37.5460856256477
          ],
          [
            -121.951689833101,
            37.5454205473902
          ],
          [
            -121.953985017872,
            37.5447160933463
          ],
          [
            -121.956197583688,
            37.5440258287213
          ],
          [
            -121.956503112394,
            37.5439177793591
          ],
          [
            -121.959294548986,
            37.5427471154958
          ],
          [
            -121.96161929911,
            37.5417300308161
          ],
          [
            -121.962232141475,
            37.5409614407865
          ],
          [
            -121.963087987107,
            37.5399011862983
          ],
          [
            -121.964583373933,
            37.5380618650254
          ],
          [
            -121.966100091255,
            37.5362135849258
          ],
          [
            -121.967606893872,
            37.534402657554
          ],
          [
            -121.969095758031,
            37.5325290332174
          ],
          [
            -121.970615743424,
            37.530676343081
          ],
          [
            -121.972566099992,
            37.5291514199319
          ],
          [
            -121.974037429036,
            37.5273052122791
          ],
          [
            -121.975532561639,
            37.5254070684657
          ],
          [
            -121.977141472161,
            37.5233825063263
          ],
          [
            -121.9783763233,
            37.5218063561675
          ],
          [
            -121.979948219638,
            37.5198195781121
          ],
          [
            -121.981356130318,
            37.5180430195979
          ],
          [
            -121.982879458343,
            37.5161342899585
          ],
          [
            -121.984353920711,
            37.514289322782
          ],
          [
            -121.985829359548,
            37.512415695611
          ],
          [
            -121.987321655271,
            37.510568961229
          ],
          [
            -121.988683361104,
            37.5088302893453
          ],
          [
            -121.990263344975,
            37.5068289170528
          ],
          [
            -121.991720968423,
            37.5049741135444
          ],
          [
            -121.993016669643,
            37.5033366722777
          ],
          [
            -121.993252044417,
            37.5030371429191
          ],
          [
            -121.993730207761,
            37.5024286421516
          ],
          [
            -121.993921506696,
            37.5021851955584
          ],
          [
            -121.99196384952,
            37.501280450374
          ],
          [
            -121.989727159447,
            37.5002486571545
          ],
          [
            -121.989566795796,
            37.500503060339
          ],
          [
            -121.989256704546,
            37.5009949923144
          ]
        ]
      },
      "properties": {
        "OBJECTID": 1182,
        "Name": "PG&E 115kV",
        "kV": "115",
        "kV_Sort": 115,
        "Owner": "PG&E",
        "Status": "Operational",
        "Circuit": "Single",
        "Type": "OH",
        "Legend": "PG&E_115kV",
        "Length_Mile": 26,
        "Length_Feet": "137049.17994289",
        "TLine_Name": " ",
        "Source": "Digital Globe",
        "Comments": " ",
        "Creator": "DWHITEHORN",
        "Creator_Date": 1237507200000,
        "Last_Editor": "SVC_AGIS_SQLADM",
        "Last_Editor_Date": 1461598050000,
        "GlobalID": "ce4d0e8b-1c81-4053-844b-f28f07df7887",
        "Shape__Length": 52762.14057314801,
        "layer_id": "cec_transmission_lines",
        "source_name": "California Energy Commission ArcGIS FeatureServer",
        "source_url": "https://services3.arcgis.com/bWPjFyq029ChCGur/arcgis/rest/services/Transmission_Line/FeatureServer/2/query",
        "retrieved_at": "2026-05-03T02:52:20.212Z",
        "provisional": true
      }
    },
    {
      "type": "Feature",
      "id": 1525,
      "geometry": {
        "type": "LineString",
        "coordinates": [
          [
            -121.98422961813,
            37.5020321672218
          ],
          [
            -121.98406676884,
            37.502760316128
          ],
          [
            -121.983391584293,
            37.5034617863591
          ],
          [
            -121.982850589185,
            37.5040238307863
          ],
          [
            -121.98021936353,
            37.5055011415495
          ],
          [
            -121.977657686344,
            37.5067205886153
          ],
          [
            -121.975586104823,
            37.5077163905125
          ],
          [
            -121.9733641049,
            37.5084082681721
          ],
          [
            -121.970730861629,
            37.5091499305224
          ],
          [
            -121.967868006277,
            37.5099790034893
          ],
          [
            -121.965241048519,
            37.5107347856631
          ],
          [
            -121.962658375009,
            37.5114586975318
          ],
          [
            -121.96010330044,
            37.5122036187727
          ],
          [
            -121.957511809067,
            37.5129395180093
          ],
          [
            -121.954905588917,
            37.5136899467391
          ],
          [
            -121.949680520999,
            37.5151741003703
          ],
          [
            -121.947082681232,
            37.5159050916273
          ],
          [
            -121.944441416006,
            37.516588912412
          ],
          [
            -121.942025500356,
            37.5172738619694
          ],
          [
            -121.941936294953,
            37.5172991520268
          ],
          [
            -121.941793572418,
            37.517339335797
          ],
          [
            -121.93764617382,
            37.5185069464233
          ],
          [
            -121.935777223481,
            37.5190178440711
          ],
          [
            -121.932082555126,
            37.5200842770524
          ],
          [
            -121.930040407804,
            37.5206552683826
          ],
          [
            -121.927410360739,
            37.5214365552734
          ],
          [
            -121.925087259024,
            37.5220932871174
          ],
          [
            -121.922776400448,
            37.5227593400495
          ],
          [
            -121.920417520631,
            37.5234332924667
          ],
          [
            -121.917992797,
            37.5241249923672
          ],
          [
            -121.915576937943,
            37.5248117179788
          ],
          [
            -121.913878561507,
            37.5261204934953
          ],
          [
            -121.91215640487,
            37.5274439696243
          ],
          [
            -121.909491904719,
            37.5294949890729
          ],
          [
            -121.906333809065,
            37.5319220309499
          ],
          [
            -121.905341172473,
            37.5326862333504
          ],
          [
            -121.901955326946,
            37.535288934042
          ],
          [
            -121.899951890725,
            37.5375372110609
          ],
          [
            -121.896375596967,
            37.5415629824701
          ],
          [
            -121.894984177559,
            37.5431272113027
          ],
          [
            -121.89288595021,
            37.5454557658934
          ],
          [
            -121.891844970781,
            37.5465461787036
          ],
          [
            -121.890081191603,
            37.5486047878092
          ],
          [
            -121.887528862285,
            37.551537756897
          ],
          [
            -121.885861541507,
            37.5534074865887
          ],
          [
            -121.882523999291,
            37.5571612616009
          ],
          [
            -121.88073304338,
            37.5591571897355
          ],
          [
            -121.878321148589,
            37.5618705624076
          ],
          [
            -121.876745129882,
            37.5636741653875
          ]
        ]
      },
      "properties": {
        "OBJECTID": 1525,
        "Name": "PG&E 115kV",
        "kV": "115",
        "kV_Sort": 115,
        "Owner": "PG&E",
        "Status": "Operational",
        "Circuit": "Double",
        "Type": "OH",
        "Legend": "PG&E_115kV",
        "Length_Mile": 8,
        "Length_Feet": "39970.36636352",
        "TLine_Name": " ",
        "Source": "Digital Globe",
        "Comments": " ",
        "Creator": "DWHITEHORN; MSNYDER; MTUCK",
        "Creator_Date": 1237507200000,
        "Last_Editor": "SVC_AGIS_SQLADM",
        "Last_Editor_Date": 1461598062000,
        "GlobalID": "702f7eaf-c647-4504-9f9a-0582a9fbe1a0",
        "Shape__Length": 15373.281848215905,
        "layer_id": "cec_transmission_lines",
        "source_name": "California Energy Commission ArcGIS FeatureServer",
        "source_url": "https://services3.arcgis.com/bWPjFyq029ChCGur/arcgis/rest/services/Transmission_Line/FeatureServer/2/query",
        "retrieved_at": "2026-05-03T02:52:20.212Z",
        "provisional": true
      }
    }
  ],
  "metadata": {
    "source_health": {
      "layer_url": "https://services3.arcgis.com/bWPjFyq029ChCGur/arcgis/rest/services/Transmission_Line/FeatureServer/2",
      "layer_name": "TransmissionLine_CEC",
      "geometry_type": "esriGeometryPolyline",
      "supported_query_formats": "JSON, geoJSON, PBF",
      "max_record_count": 2000,
      "aoi_count": 26,
      "sample_count": 3,
      "returned_count": 26,
      "query_format": "geojson"
    },
    "layer_id": "cec_transmission_lines",
    "description": "California Energy Commission transmission line features intersecting the AOI.",
    "retrieved_at": "2026-05-03T02:52:20.212Z",
    "source_name": "California Energy Commission ArcGIS FeatureServer",
    "source_url": "https://services3.arcgis.com/bWPjFyq029ChCGur/arcgis/rest/services/Transmission_Line/FeatureServer/2/query",
    "provisional": true,
    "status": "generated"
  }
}
