{
  "type": "FeatureCollection",
  "crs": {
    "type": "name",
    "properties": {
      "name": "EPSG:4326"
    }
  },
  "features": [
    {
      "type": "Feature",
      "id": 65402,
      "geometry": {
        "type": "LineString",
        "coordinates": [
          [
            -121.869999389327,
            37.5863625401073
          ],
          [
            -121.872210633455,
            37.5854280897589
          ],
          [
            -121.875795069613,
            37.5784501155216
          ],
          [
            -121.903416343811,
            37.5624489785061
          ],
          [
            -121.91093544068,
            37.5616875502215
          ],
          [
            -121.933683087705,
            37.552455242378
          ],
          [
            -121.958048767323,
            37.5438891823238
          ],
          [
            -121.962022001968,
            37.5414005327422
          ]
        ]
      },
      "properties": {
        "OBJECTID_1": 65402,
        "OBJECTID": 65402,
        "ID": "302660",
        "TYPE": "AC",
        "STATUS": "NOT AVAILABLE",
        "NAICS_CODE": "221121",
        "NAICS_DESC": "ELECTRIC POWER TRANSMISSION SYSTEMS",
        "SOURCE": "California Independent System Operator, PG&E 2012-2013 proposed solutions",
        "SOURCEDATE": "2017-01-01T00:00:00.000Z",
        "VAL_METHOD": "IMAGERY/OTHER",
        "VAL_DATE": "2017-01-01T00:00:00.000Z",
        "OWNER": "PACIFIC GAS & ELECTRIC COMPANY",
        "VOLTAGE": 60,
        "VOLT_CLASS": "Under 100",
        "INFERRED": "N",
        "SUB_1": "SUNOL TAP",
        "SUB_2": "FREMONT",
        "SHAPE__Len": 0.10478985,
        "Shape__Length": 12365.15614996088,
        "layer_id": "hifld_transmission_lines",
        "source_name": "HIFLD ArcGIS FeatureServer",
        "source_url": "https://services2.arcgis.com/LYMgRMwHfrWWEg3s/ArcGIS/rest/services/HIFLD_US_Electric_Power_Transmission_Lines/FeatureServer/0/query",
        "retrieved_at": "2026-05-03T02:52:20.212Z",
        "provisional": true
      }
    },
    {
      "type": "Feature",
      "id": 65399,
      "geometry": {
        "type": "LineString",
        "coordinates": [
          [
            -121.869999389327,
            37.5863625401073
          ],
          [
            -121.870369723203,
            37.5866424444694
          ],
          [
            -121.869753313782,
            37.5868704050648
          ]
        ]
      },
      "properties": {
        "OBJECTID_1": 65399,
        "OBJECTID": 65399,
        "ID": "302658",
        "TYPE": "AC",
        "STATUS": "NOT AVAILABLE",
        "NAICS_CODE": "221121",
        "NAICS_DESC": "ELECTRIC POWER TRANSMISSION SYSTEMS",
        "SOURCE": "California Independent System Operator, PG&E 2012-2013 proposed solutions",
        "SOURCEDATE": "2017-01-01T00:00:00.000Z",
        "VAL_METHOD": "IMAGERY/OTHER",
        "VAL_DATE": "2017-01-01T00:00:00.000Z",
        "OWNER": "PACIFIC GAS & ELECTRIC COMPANY",
        "VOLTAGE": 60,
        "VOLT_CLASS": "Under 100",
        "INFERRED": "N",
        "SUB_1": "SUNOL TAP",
        "SUB_2": "SUNOL",
        "SHAPE__Len": 0.00112143,
        "Shape__Length": 132.69352921290894,
        "layer_id": "hifld_transmission_lines",
        "source_name": "HIFLD ArcGIS FeatureServer",
        "source_url": "https://services2.arcgis.com/LYMgRMwHfrWWEg3s/ArcGIS/rest/services/HIFLD_US_Electric_Power_Transmission_Lines/FeatureServer/0/query",
        "retrieved_at": "2026-05-03T02:52:20.212Z",
        "provisional": true
      }
    },
    {
      "type": "Feature",
      "id": 71562,
      "geometry": {
        "type": "LineString",
        "coordinates": [
          [
            -121.603057093906,
            37.6801011599478
          ],
          [
            -121.607550703598,
            37.6788943095591
          ],
          [
            -121.611478093074,
            37.6778550036776
          ],
          [
            -121.612421535013,
            37.6776018746099
          ],
          [
            -121.613973387255,
            37.6771955197421
          ],
          [
            -121.616616961996,
            37.6764900948153
          ],
          [
            -121.618956578175,
            37.6758745871053
          ],
          [
            -121.621475815514,
            37.6752146226829
          ],
          [
            -121.624555189191,
            37.6744000770658
          ],
          [
            -121.627354347819,
            37.6736598621759
          ],
          [
            -121.628920391651,
            37.6733599707985
          ],
          [
            -121.631658489331,
            37.6728055704579
          ],
          [
            -121.63374267749,
            37.672414591352
          ],
          [
            -121.637303995961,
            37.6717362388366
          ],
          [
            -121.639603542499,
            37.6712849687841
          ],
          [
            -121.641279767735,
            37.6709624150948
          ],
          [
            -121.644012871783,
            37.6704077965053
          ],
          [
            -121.646978946198,
            37.6698270121121
          ],
          [
            -121.649175699493,
            37.6694151319097
          ],
          [
            -121.655723791045,
            37.6681027928029
          ],
          [
            -121.656679465156,
            37.6679521802157
          ],
          [
            -121.65952162334,
            37.6676022460027
          ],
          [
            -121.662824207258,
            37.6671671351963
          ],
          [
            -121.66604937065,
            37.6667444619375
          ],
          [
            -121.669738772928,
            37.6662465297833
          ],
          [
            -121.672299202779,
            37.6659290840858
          ],
          [
            -121.675019296029,
            37.665564743095
          ],
          [
            -121.677675899923,
            37.6652157812719
          ],
          [
            -121.680000958378,
            37.6649284199055
          ],
          [
            -121.682359920457,
            37.6646233632342
          ],
          [
            -121.685006725208,
            37.664269844166
          ],
          [
            -121.687805315585,
            37.6639212801909
          ],
          [
            -121.690601720652,
            37.6635569390698
          ],
          [
            -121.693425113316,
            37.6631892860663
          ],
          [
            -121.696206348989,
            37.6628751153239
          ],
          [
            -121.699004219853,
            37.6624991061901
          ],
          [
            -121.701800776399,
            37.6621459479595
          ],
          [
            -121.704586281018,
            37.6617842949232
          ],
          [
            -121.707392040338,
            37.6614408919727
          ],
          [
            -121.710116436746,
            37.6610942919278
          ],
          [
            -121.712855055144,
            37.6607388396353
          ],
          [
            -121.715579597967,
            37.6604006997231
          ],
          [
            -121.718321743497,
            37.6600436384766
          ],
          [
            -121.721055131667,
            37.6596995225351
          ],
          [
            -121.723674994496,
            37.6593669949319
          ],
          [
            -121.726539424322,
            37.6589908107771
          ],
          [
            -121.728568642009,
            37.6587325309484
          ],
          [
            -121.730011891939,
            37.6585525918069
          ],
          [
            -121.730624735933,
            37.6584761801981
          ],
          [
            -121.731217388266,
            37.6584022826146
          ],
          [
            -121.73265834763,
            37.6582225642803
          ],
          [
            -121.734008357044,
            37.6580541709017
          ],
          [
            -121.736042604236,
            37.657546679687
          ],
          [
            -121.737937063849,
            37.656956272299
          ],
          [
            -121.739439510255,
            37.6562560949742
          ],
          [
            -121.741159205944,
            37.6554253662583
          ],
          [
            -121.743854690243,
            37.6541596505596
          ],
          [
            -121.746180442946,
            37.6529164422412
          ],
          [
            -121.748161874373,
            37.6518556777397
          ],
          [
            -121.749560104618,
            37.6511082345993
          ],
          [
            -121.752172569871,
            37.6497018609419
          ],
          [
            -121.754167905289,
            37.6486250480225
          ],
          [
            -121.756186680289,
            37.6475492872306
          ],
          [
            -121.758480106281,
            37.6463306371992
          ],
          [
            -121.760562693283,
            37.6452094990063
          ],
          [
            -121.762991266331,
            37.6439086274273
          ],
          [
            -121.764779687051,
            37.6429520346798
          ],
          [
            -121.766949614534,
            37.6417908518959
          ],
          [
            -121.769105539329,
            37.6402677678643
          ],
          [
            -121.771161762708,
            37.6388076571048
          ],
          [
            -121.773147068446,
            37.637405805298
          ],
          [
            -121.775308087433,
            37.6358796654045
          ],
          [
            -121.776929741032,
            37.6347482617873
          ],
          [
            -121.777856603661,
            37.6341015771311
          ],
          [
            -121.780042289343,
            37.6328626366114
          ],
          [
            -121.782817136112,
            37.6316549409945
          ],
          [
            -121.785252466969,
            37.6305967937732
          ],
          [
            -121.787938145833,
            37.6294418305894
          ],
          [
            -121.790231699717,
            37.6284243390878
          ],
          [
            -121.791937841056,
            37.6276803630599
          ],
          [
            -121.79312782714,
            37.6271687894975
          ],
          [
            -121.796642265606,
            37.6256562962961
          ],
          [
            -121.7994423884,
            37.6242446106493
          ],
          [
            -121.804154187785,
            37.621868073983
          ],
          [
            -121.806078477571,
            37.6205996719614
          ],
          [
            -121.807379612453,
            37.619782357906
          ],
          [
            -121.807488486079,
            37.6197139682231
          ],
          [
            -121.808305446408,
            37.6190862335446
          ],
          [
            -121.809131385621,
            37.6186071920471
          ],
          [
            -121.809690829559,
            37.6182294968103
          ],
          [
            -121.810778431111,
            37.6175246596997
          ],
          [
            -121.81290805686,
            37.6160984740106
          ],
          [
            -121.814690345711,
            37.6149408473107
          ],
          [
            -121.817303447192,
            37.613213859564
          ],
          [
            -121.820991279644,
            37.6107849379664
          ],
          [
            -121.823427024286,
            37.609197901933
          ],
          [
            -121.825870578557,
            37.607713735849
          ],
          [
            -121.828062989846,
            37.6063693167554
          ],
          [
            -121.830291713703,
            37.6050371785459
          ],
          [
            -121.83238527014,
            37.6036412389754
          ],
          [
            -121.834519852354,
            37.6022288903939
          ],
          [
            -121.836645579948,
            37.6008266537729
          ],
          [
            -121.83868884882,
            37.5994499780827
          ],
          [
            -121.838808501738,
            37.5993858255649
          ],
          [
            -121.841087920808,
            37.5981636698752
          ],
          [
            -121.843545987089,
            37.5971526108983
          ],
          [
            -121.845982309833,
            37.5961404060296
          ],
          [
            -121.848430873295,
            37.5951150798747
          ],
          [
            -121.85156049046,
            37.5938329977647
          ],
          [
            -121.853921938076,
            37.5928661526939
          ],
          [
            -121.857010099059,
            37.5915931552437
          ],
          [
            -121.859124852972,
            37.5907244929161
          ],
          [
            -121.86186108996,
            37.5895999553065
          ],
          [
            -121.863125780214,
            37.5890879327686
          ],
          [
            -121.865261502369,
            37.5881973665094
          ],
          [
            -121.866506449155,
            37.5876913404494
          ],
          [
            -121.869999389327,
            37.5863625401073
          ],
          [
            -121.87212838864,
            37.5853794056053
          ],
          [
            -121.873139756463,
            37.5833943051862
          ],
          [
            -121.874191512703,
            37.5813670591841
          ],
          [
            -121.875031877215,
            37.5798354322558
          ],
          [
            -121.875907106059,
            37.5787626484932
          ],
          [
            -121.879070614527,
            37.5763071870275
          ],
          [
            -121.883300305108,
            37.5740566648018
          ],
          [
            -121.885574322785,
            37.5728086178511
          ],
          [
            -121.887839573651,
            37.5715735459644
          ],
          [
            -121.888923185676,
            37.5709829131383
          ],
          [
            -121.890868108664,
            37.5699227660705
          ],
          [
            -121.892464257168,
            37.5690559780237
          ],
          [
            -121.8942364855,
            37.5680919214942
          ],
          [
            -121.896498206586,
            37.5668710462392
          ],
          [
            -121.90070261249,
            37.5645888060046
          ],
          [
            -121.903595870103,
            37.5621756109561
          ],
          [
            -121.908570212864,
            37.5614693960055
          ],
          [
            -121.911367496258,
            37.5605459426364
          ],
          [
            -121.912544131956,
            37.5601492859573
          ],
          [
            -121.914883507635,
            37.5593074976964
          ],
          [
            -121.915484219677,
            37.5590866375873
          ],
          [
            -121.917402828258,
            37.5583812003274
          ],
          [
            -121.920381479826,
            37.5572943297417
          ],
          [
            -121.92284003133,
            37.5563946514219
          ],
          [
            -121.924099694219,
            37.5559350025458
          ],
          [
            -121.926855721464,
            37.5548944901411
          ],
          [
            -121.931294705539,
            37.5528191717348
          ],
          [
            -121.933047987845,
            37.5519936519657
          ],
          [
            -121.934970232011,
            37.5510780678253
          ],
          [
            -121.93704177858,
            37.5500798855408
          ],
          [
            -121.939133504269,
            37.5490970808653
          ],
          [
            -121.941772682769,
            37.5484373719883
          ],
          [
            -121.944341612004,
            37.5476427856458
          ],
          [
            -121.946930573232,
            37.5468578346613
          ],
          [
            -121.949436864341,
            37.5460856254159
          ],
          [
            -121.951689833057,
            37.5454205485054
          ],
          [
            -121.953985016975,
            37.5447160936217
          ],
          [
            -121.956197583504,
            37.5440258298288
          ],
          [
            -121.956503112189,
            37.5439177783466
          ],
          [
            -121.95929454866,
            37.5427471155351
          ],
          [
            -121.961619299619,
            37.5417300307924
          ],
          [
            -121.96223214131,
            37.5409614408301
          ],
          [
            -121.96308798716,
            37.5399011860217
          ],
          [
            -121.964583374089,
            37.5380618647327
          ],
          [
            -121.966100091531,
            37.5362135843877
          ],
          [
            -121.967606893147,
            37.5344026569744
          ],
          [
            -121.969095757658,
            37.5325290327068
          ],
          [
            -121.970615743713,
            37.5306763432099
          ],
          [
            -121.972566099864,
            37.5291514191811
          ],
          [
            -121.974037427529,
            37.5273052122895
          ],
          [
            -121.975532561924,
            37.5254070679043
          ],
          [
            -121.977141471817,
            37.5233825064268
          ],
          [
            -121.978376323172,
            37.5218063560936
          ],
          [
            -121.97994822017,
            37.5198195775922
          ],
          [
            -121.98135613076,
            37.5180430199611
          ],
          [
            -121.982879459784,
            37.5161342892173
          ],
          [
            -121.984353921414,
            37.5142893222625
          ],
          [
            -121.98582935929,
            37.5124156964736
          ],
          [
            -121.987321655057,
            37.5105689607793
          ],
          [
            -121.988683360952,
            37.5088302889203
          ],
          [
            -121.990263344747,
            37.50682891689
          ],
          [
            -121.991720968157,
            37.5049741143167
          ],
          [
            -121.99301667013,
            37.503336673448
          ],
          [
            -121.993252045014,
            37.5030371430662
          ],
          [
            -121.993730207943,
            37.5024286406232
          ],
          [
            -121.99392150618,
            37.5021851955712
          ],
          [
            -121.991963849831,
            37.5012804505691
          ],
          [
            -121.989727159118,
            37.5002486572555
          ],
          [
            -121.989566795275,
            37.5005030596144
          ],
          [
            -121.989256705522,
            37.5009949927153
          ]
        ]
      },
      "properties": {
        "OBJECTID_1": 71562,
        "OBJECTID": 72009,
        "ID": "310166",
        "TYPE": "AC",
        "STATUS": "IN SERVICE",
        "NAICS_CODE": "221121",
        "NAICS_DESC": "ELECTRIC POWER TRANSMISSION SYSTEMS",
        "SOURCE": "https://cecgis-caenergy.opendata.arcgis.com/",
        "SOURCEDATE": "2018-04-25T00:00:00.000Z",
        "VAL_METHOD": "IMAGERY/OTHER",
        "VAL_DATE": "2018-04-25T00:00:00.000Z",
        "OWNER": "PG&E",
        "VOLTAGE": 115,
        "VOLT_CLASS": "100-161",
        "INFERRED": "N",
        "SUB_1": "NOT AVAILABLE",
        "SUB_2": "NOT AVAILABLE",
        "SHAPE__Len": 0.4480198,
        "Shape__Length": 52762.676107687716,
        "layer_id": "hifld_transmission_lines",
        "source_name": "HIFLD ArcGIS FeatureServer",
        "source_url": "https://services2.arcgis.com/LYMgRMwHfrWWEg3s/ArcGIS/rest/services/HIFLD_US_Electric_Power_Transmission_Lines/FeatureServer/0/query",
        "retrieved_at": "2026-05-03T02:52:20.212Z",
        "provisional": true
      }
    },
    {
      "type": "Feature",
      "id": 71765,
      "geometry": {
        "type": "LineString",
        "coordinates": [
          [
            -121.897099099551,
            37.5411016979504
          ],
          [
            -121.897457977745,
            37.5412695419062
          ],
          [
            -121.898827727239,
            37.5419101448925
          ],
          [
            -121.899994615451,
            37.543718887381
          ],
          [
            -121.901230560775,
            37.5456213500004
          ],
          [
            -121.902636733831,
            37.5477107480157
          ],
          [
            -121.904065873311,
            37.5498873003227
          ],
          [
            -121.905945791233,
            37.5516226156511
          ],
          [
            -121.9079873857,
            37.5534775036905
          ],
          [
            -121.910433941642,
            37.5557106739096
          ],
          [
            -121.915316323951,
            37.5589260126972
          ],
          [
            -121.915484219677,
            37.5590866375873
          ],
          [
            -121.915591286229,
            37.5591890682001
          ],
          [
            -121.915591917076,
            37.5591896702845
          ],
          [
            -121.918439163711,
            37.5609876975414
          ],
          [
            -121.921494761873,
            37.5630193826814
          ],
          [
            -121.923692581283,
            37.5647547840861
          ],
          [
            -121.925161364899,
            37.5659292689446
          ],
          [
            -121.927432396836,
            37.5677345470629
          ],
          [
            -121.929537049338,
            37.5694111672988
          ],
          [
            -121.931513231144,
            37.5710041165538
          ],
          [
            -121.933396464934,
            37.5724875243754
          ],
          [
            -121.935601024878,
            37.5742175903527
          ],
          [
            -121.938535708814,
            37.5765129631926
          ],
          [
            -121.941381551852,
            37.578765941768
          ],
          [
            -121.94258767433,
            37.579539633432
          ],
          [
            -121.945033402688,
            37.5810454038664
          ],
          [
            -121.949059095384,
            37.5836373432488
          ],
          [
            -121.951228861177,
            37.5845976534459
          ],
          [
            -121.956887933012,
            37.5871941157218
          ],
          [
            -121.96442408553,
            37.5888252978881
          ],
          [
            -121.967655654482,
            37.5895312375113
          ],
          [
            -121.97011998923,
            37.5903988259521
          ],
          [
            -121.973352412616,
            37.5915559569562
          ],
          [
            -121.975660494742,
            37.5923781425819
          ],
          [
            -121.978040979671,
            37.592214300812
          ],
          [
            -121.984125887675,
            37.5918084220067
          ],
          [
            -121.987690355886,
            37.5919475150542
          ],
          [
            -121.988996784929,
            37.5919886967645
          ],
          [
            -121.9929921896,
            37.5920561745749
          ],
          [
            -121.996479434366,
            37.5922728889129
          ],
          [
            -121.999531838408,
            37.5924776295807
          ],
          [
            -122.000953096033,
            37.5925564239852
          ],
          [
            -122.002828621736,
            37.5912393099642
          ],
          [
            -122.004514484956,
            37.5910893124056
          ],
          [
            -122.005762147078,
            37.5902203638234
          ],
          [
            -122.006977324663,
            37.589362890705
          ],
          [
            -122.008466647212,
            37.588312044962
          ],
          [
            -122.010006205792,
            37.5892066655832
          ],
          [
            -122.012065396952,
            37.5906382610982
          ],
          [
            -122.01409279717,
            37.5921031826875
          ],
          [
            -122.016076379143,
            37.593603004951
          ],
          [
            -122.01753619253,
            37.5947956841279
          ],
          [
            -122.017582116014,
            37.5953086549932
          ]
        ]
      },
      "properties": {
        "OBJECTID_1": 71765,
        "OBJECTID": 72212,
        "ID": "310516",
        "TYPE": "AC",
        "STATUS": "IN SERVICE",
        "NAICS_CODE": "221121",
        "NAICS_DESC": "ELECTRIC POWER TRANSMISSION SYSTEMS",
        "SOURCE": "https://cecgis-caenergy.opendata.arcgis.com/",
        "SOURCEDATE": "2018-04-25T00:00:00.000Z",
        "VAL_METHOD": "IMAGERY/OTHER",
        "VAL_DATE": "2018-04-25T00:00:00.000Z",
        "OWNER": "PG&E",
        "VOLTAGE": 115,
        "VOLT_CLASS": "100-161",
        "INFERRED": "N",
        "SUB_1": "NOT AVAILABLE",
        "SUB_2": "AIR LIQUIDE",
        "SHAPE__Len": 0.14174115,
        "Shape__Length": 16932.57907111346,
        "layer_id": "hifld_transmission_lines",
        "source_name": "HIFLD ArcGIS FeatureServer",
        "source_url": "https://services2.arcgis.com/LYMgRMwHfrWWEg3s/ArcGIS/rest/services/HIFLD_US_Electric_Power_Transmission_Lines/FeatureServer/0/query",
        "retrieved_at": "2026-05-03T02:52:20.212Z",
        "provisional": true
      }
    },
    {
      "type": "Feature",
      "id": 64703,
      "geometry": {
        "type": "LineString",
        "coordinates": [
          [
            -121.854447625772,
            37.6697526795667
          ],
          [
            -121.899022000396,
            37.7012150000235
          ],
          [
            -121.901119000114,
            37.7040920006153
          ],
          [
            -121.904761089748,
            37.7068385172784
          ],
          [
            -121.90593043943,
            37.707311910308
          ],
          [
            -121.909575388205,
            37.7102371884393
          ],
          [
            -121.914105000426,
            37.7132419999286
          ],
          [
            -121.929915000007,
            37.7310490006242
          ],
          [
            -121.935996999684,
            37.7371939992537
          ],
          [
            -121.94680800047,
            37.7330819996416
          ],
          [
            -121.978886418694,
            37.7150339403992
          ],
          [
            -121.979047564546,
            37.7113231277208
          ],
          [
            -122.000748000573,
            37.6976389999205
          ],
          [
            -122.013916000117,
            37.6884160001343
          ],
          [
            -122.036323000221,
            37.6804040001536
          ],
          [
            -122.005608000098,
            37.6460570002487
          ],
          [
            -121.949161999972,
            37.6077419993224
          ],
          [
            -121.892565000119,
            37.5690230002932
          ],
          [
            -121.918198000419,
            37.5563890001659
          ],
          [
            -121.96237899989,
            37.5410190001104
          ],
          [
            -121.992994999758,
            37.5033280004389
          ],
          [
            -121.985681986289,
            37.5007203406663
          ]
        ]
      },
      "properties": {
        "OBJECTID_1": 64703,
        "OBJECTID": 64703,
        "ID": "301945",
        "TYPE": "AC",
        "STATUS": "IN SERVICE",
        "NAICS_CODE": "221121",
        "NAICS_DESC": "ELECTRIC POWER TRANSMISSION SYSTEMS",
        "SOURCE": "California Independent System Operator",
        "SOURCEDATE": "2017-01-01T00:00:00.000Z",
        "VAL_METHOD": "IMAGERY/OTHER",
        "VAL_DATE": "2017-01-01T00:00:00.000Z",
        "OWNER": "PACIFIC GAS & ELECTRIC COMPANY",
        "VOLTAGE": 230,
        "VOLT_CLASS": "220-287",
        "INFERRED": "N",
        "SUB_1": "VINEYARD",
        "SUB_2": "NEWARK",
        "SHAPE__Len": 0.53867778,
        "Shape__Length": 65676.41886992709,
        "layer_id": "hifld_transmission_lines",
        "source_name": "HIFLD ArcGIS FeatureServer",
        "source_url": "https://services2.arcgis.com/LYMgRMwHfrWWEg3s/ArcGIS/rest/services/HIFLD_US_Electric_Power_Transmission_Lines/FeatureServer/0/query",
        "retrieved_at": "2026-05-03T02:52:20.212Z",
        "provisional": true
      }
    },
    {
      "type": "Feature",
      "id": 72779,
      "geometry": {
        "type": "LineString",
        "coordinates": [
          [
            -121.742692607771,
            37.2259882733166
          ],
          [
            -121.741110023537,
            37.2270352469324
          ],
          [
            -121.740893566429,
            37.2270516833014
          ],
          [
            -121.740611202588,
            37.2270731216388
          ],
          [
            -121.739975421233,
            37.2271213934442
          ],
          [
            -121.738898851601,
            37.2305568210474
          ],
          [
            -121.738425224661,
            37.2320309494174
          ],
          [
            -121.738226579281,
            37.2326492022234
          ],
          [
            -121.736623843414,
            37.237457626666
          ],
          [
            -121.735728854963,
            37.2401588645757
          ],
          [
            -121.735027502785,
            37.2423973372817
          ],
          [
            -121.734234837844,
            37.2447199809821
          ],
          [
            -121.73328198649,
            37.2477191364183
          ],
          [
            -121.732572668468,
            37.2499291381543
          ],
          [
            -121.730678709137,
            37.2555158649804
          ],
          [
            -121.729710065059,
            37.2584637908078
          ],
          [
            -121.728157476544,
            37.2623771846146
          ],
          [
            -121.726852689867,
            37.2656870495162
          ],
          [
            -121.724752774038,
            37.2699854138389
          ],
          [
            -121.722878868327,
            37.2738262484663
          ],
          [
            -121.721220613308,
            37.2772239995057
          ],
          [
            -121.71927404643,
            37.2811972249015
          ],
          [
            -121.717569245684,
            37.2846127275773
          ],
          [
            -121.716168143041,
            37.287509620686
          ],
          [
            -121.714872773002,
            37.2901707219412
          ],
          [
            -121.713128168576,
            37.2937466965146
          ],
          [
            -121.712186145095,
            37.2957056492859
          ],
          [
            -121.711393897681,
            37.2973110681364
          ],
          [
            -121.710611526248,
            37.3015701887048
          ],
          [
            -121.712901561413,
            37.3046281837448
          ],
          [
            -121.714356044172,
            37.3065897799026
          ],
          [
            -121.716329799821,
            37.3100836220288
          ],
          [
            -121.717891373546,
            37.3128006504688
          ],
          [
            -121.71909191889,
            37.3149429679371
          ],
          [
            -121.720177168879,
            37.3169041127542
          ],
          [
            -121.723232240072,
            37.3223133260894
          ],
          [
            -121.724429631581,
            37.3244613490276
          ],
          [
            -121.726617631492,
            37.328337571553
          ],
          [
            -121.727593932112,
            37.330068838305
          ],
          [
            -121.728861942165,
            37.3323277994629
          ],
          [
            -121.729894803253,
            37.3341576142937
          ],
          [
            -121.730812938385,
            37.3358121208898
          ],
          [
            -121.732252496125,
            37.338365499606
          ],
          [
            -121.733637311,
            37.3408317399157
          ],
          [
            -121.73470280013,
            37.3427432373837
          ],
          [
            -121.736506455547,
            37.3459544462561
          ],
          [
            -121.737815476969,
            37.3482406868171
          ],
          [
            -121.7396414413,
            37.351613469001
          ],
          [
            -121.741424333993,
            37.3548240229769
          ],
          [
            -121.743490832299,
            37.3584931815102
          ],
          [
            -121.747617611824,
            37.3636775576008
          ],
          [
            -121.749889241888,
            37.3665694421745
          ],
          [
            -121.751830767793,
            37.3690005022315
          ],
          [
            -121.753833490359,
            37.3722047881753
          ],
          [
            -121.754788986562,
            37.3732991060074
          ],
          [
            -121.755873540908,
            37.3745372058203
          ],
          [
            -121.760095636479,
            37.3794226662574
          ],
          [
            -121.76326602429,
            37.3830808959768
          ],
          [
            -121.765436465343,
            37.38558833988
          ],
          [
            -121.767547529234,
            37.3880080700809
          ],
          [
            -121.769146650008,
            37.3898811707161
          ],
          [
            -121.770519853357,
            37.3914605133658
          ],
          [
            -121.775250508689,
            37.3969635064172
          ],
          [
            -121.777011578039,
            37.3989854965857
          ],
          [
            -121.778747402199,
            37.4009992679059
          ],
          [
            -121.78425355901,
            37.4073416277945
          ],
          [
            -121.786717170356,
            37.4101842517412
          ],
          [
            -121.789679524659,
            37.4135963887065
          ],
          [
            -121.791153754896,
            37.4153082484444
          ],
          [
            -121.794127218972,
            37.4187172541068
          ],
          [
            -121.798524613294,
            37.42381300787
          ],
          [
            -121.801424650881,
            37.4271286755611
          ],
          [
            -121.80396338642,
            37.4300526637389
          ],
          [
            -121.805090313513,
            37.4313411089421
          ],
          [
            -121.806660288141,
            37.4331198939871
          ],
          [
            -121.80946129409,
            37.4363226057047
          ],
          [
            -121.810407769809,
            37.4374223424427
          ],
          [
            -121.812748723263,
            37.4401634698259
          ],
          [
            -121.814358566713,
            37.4420900972658
          ],
          [
            -121.817951407289,
            37.4462032735501
          ],
          [
            -121.820702178234,
            37.4493693599675
          ],
          [
            -121.822288790114,
            37.4512105406786
          ],
          [
            -121.823594567936,
            37.4527331873384
          ],
          [
            -121.825866127573,
            37.4555379727183
          ],
          [
            -121.827359024482,
            37.457654761597
          ],
          [
            -121.828134937655,
            37.4591112036401
          ],
          [
            -121.830067233497,
            37.4633265924891
          ],
          [
            -121.830568017323,
            37.4645529933361
          ],
          [
            -121.831697614549,
            37.4673894712394
          ],
          [
            -121.833424146471,
            37.4717022362161
          ],
          [
            -121.834698755936,
            37.4748735461045
          ],
          [
            -121.836663474683,
            37.4797967873353
          ],
          [
            -121.837611652924,
            37.4819589740553
          ],
          [
            -121.840275188826,
            37.487942646396
          ],
          [
            -121.841592280143,
            37.4909161194023
          ],
          [
            -121.843443591293,
            37.4951382629943
          ],
          [
            -121.845237045573,
            37.499192729255
          ],
          [
            -121.846888237898,
            37.5030122684988
          ],
          [
            -121.849390398768,
            37.5088097029206
          ],
          [
            -121.850716446401,
            37.5119714807641
          ],
          [
            -121.853269187522,
            37.5178994596532
          ],
          [
            -121.855509948729,
            37.5228324011284
          ],
          [
            -121.856943275553,
            37.5260924299503
          ],
          [
            -121.85892446841,
            37.5306951171194
          ],
          [
            -121.861051213463,
            37.535498327763
          ],
          [
            -121.862198390876,
            37.5380828672449
          ],
          [
            -121.863945058952,
            37.5420549525518
          ],
          [
            -121.864678480282,
            37.5437660736141
          ],
          [
            -121.866487496127,
            37.5477742853517
          ],
          [
            -121.868391569625,
            37.5521237851114
          ],
          [
            -121.870358928812,
            37.5564037056916
          ],
          [
            -121.871366614353,
            37.5585647031974
          ],
          [
            -121.87230068025,
            37.5608441574769
          ]
        ]
      },
      "properties": {
        "OBJECTID_1": 72779,
        "OBJECTID": 73226,
        "ID": "312196",
        "TYPE": "AC",
        "STATUS": "IN SERVICE",
        "NAICS_CODE": "221121",
        "NAICS_DESC": "ELECTRIC POWER TRANSMISSION SYSTEMS",
        "SOURCE": "https://cecgis-caenergy.opendata.arcgis.com/",
        "SOURCEDATE": "2018-04-25T00:00:00.000Z",
        "VAL_METHOD": "IMAGERY/OTHER",
        "VAL_DATE": "2018-04-25T00:00:00.000Z",
        "OWNER": "PG&E",
        "VOLTAGE": 230,
        "VOLT_CLASS": "220-287",
        "INFERRED": "N",
        "SUB_1": "NOT AVAILABLE",
        "SUB_2": "NOT AVAILABLE",
        "SHAPE__Len": 0.39160774,
        "Shape__Length": 52139.98227100508,
        "layer_id": "hifld_transmission_lines",
        "source_name": "HIFLD ArcGIS FeatureServer",
        "source_url": "https://services2.arcgis.com/LYMgRMwHfrWWEg3s/ArcGIS/rest/services/HIFLD_US_Electric_Power_Transmission_Lines/FeatureServer/0/query",
        "retrieved_at": "2026-05-03T02:52:20.212Z",
        "provisional": true
      }
    },
    {
      "type": "Feature",
      "id": 64644,
      "geometry": {
        "type": "LineString",
        "coordinates": [
          [
            -121.985681986289,
            37.5007203406663
          ],
          [
            -121.977039399857,
            37.5076718160821
          ],
          [
            -121.91676619216,
            37.5225152175392
          ],
          [
            -121.874484986127,
            37.5652462239622
          ],
          [
            -121.945103596101,
            37.6057282282473
          ],
          [
            -121.992782401671,
            37.6430616334277
          ],
          [
            -122.02831660671,
            37.6749974390365
          ],
          [
            -122.040911008171,
            37.6785958386492
          ],
          [
            -121.966693998797,
            37.7312224461852
          ],
          [
            -121.946109955428,
            37.7394560631986
          ],
          [
            -121.938908000142,
            37.7427909992958
          ],
          [
            -121.940253999694,
            37.7436610001826
          ],
          [
            -121.942852000234,
            37.7472780000289
          ],
          [
            -121.967655625929,
            37.7821157513688
          ]
        ]
      },
      "properties": {
        "OBJECTID_1": 64644,
        "OBJECTID": 64644,
        "ID": "301886",
        "TYPE": "AC",
        "STATUS": "IN SERVICE",
        "NAICS_CODE": "221121",
        "NAICS_DESC": "ELECTRIC POWER TRANSMISSION SYSTEMS",
        "SOURCE": "Western Electricity Coordinating Council https://www.wecc.biz/Reliability/YEAR%202014%20OC%20MAP-1.pdf",
        "SOURCEDATE": "2017-01-01T00:00:00.000Z",
        "VAL_METHOD": "IMAGERY/OTHER",
        "VAL_DATE": "2017-01-01T00:00:00.000Z",
        "OWNER": "PACIFIC GAS & ELECTRIC COMPANY",
        "VOLTAGE": 230,
        "VOLT_CLASS": "220-287",
        "INFERRED": "N",
        "SUB_1": "NEWARK",
        "SUB_2": "TECHNICAL ECOLOGICAL S. R. RESEARCH CENTER",
        "SHAPE__Len": 0.50601853,
        "Shape__Length": 61661.65146186945,
        "layer_id": "hifld_transmission_lines",
        "source_name": "HIFLD ArcGIS FeatureServer",
        "source_url": "https://services2.arcgis.com/LYMgRMwHfrWWEg3s/ArcGIS/rest/services/HIFLD_US_Electric_Power_Transmission_Lines/FeatureServer/0/query",
        "retrieved_at": "2026-05-03T02:52:20.212Z",
        "provisional": true
      }
    },
    {
      "type": "Feature",
      "id": 63376,
      "geometry": {
        "type": "LineString",
        "coordinates": [
          [
            -122.042745513683,
            37.6933017064924
          ],
          [
            -122.042559855586,
            37.6927098827565
          ],
          [
            -122.041512892017,
            37.6861520891623
          ],
          [
            -122.040456412623,
            37.6796514007142
          ],
          [
            -122.036278078263,
            37.6803652401151
          ],
          [
            -122.03604013175,
            37.6797085083274
          ],
          [
            -122.035088347757,
            37.6776907256294
          ],
          [
            -122.02907306957,
            37.6765390657567
          ],
          [
            -122.022895989347,
            37.6695815217227
          ],
          [
            -122.017223353745,
            37.6631664951469
          ],
          [
            -122.012283593765,
            37.6575319324632
          ],
          [
            -122.004079212074,
            37.650850404491
          ],
          [
            -121.994923046387,
            37.6433788979301
          ],
          [
            -121.985538451349,
            37.6357646221281
          ],
          [
            -121.976763000526,
            37.6286262385772
          ],
          [
            -121.969681724466,
            37.6228489077961
          ],
          [
            -121.962391054599,
            37.6169288090928
          ],
          [
            -121.960021112144,
            37.6149586149808
          ],
          [
            -121.952854175073,
            37.610275835764
          ],
          [
            -121.942793814218,
            37.6036228626358
          ],
          [
            -121.932533577814,
            37.5980834774245
          ],
          [
            -121.922596949375,
            37.5905358275841
          ],
          [
            -121.916743475477,
            37.5860909952947
          ],
          [
            -121.908853181297,
            37.5801328233266
          ],
          [
            -121.899801712984,
            37.5759354544348
          ],
          [
            -121.888837155905,
            37.5709005149301
          ],
          [
            -121.884211483991,
            37.5688351433604
          ],
          [
            -121.877501403848,
            37.5668363958635
          ],
          [
            -121.875093390298,
            37.56639857554
          ],
          [
            -121.874598461521,
            37.566151111654
          ],
          [
            -121.874792913918,
            37.5659455940196
          ],
          [
            -121.874198711751,
            37.5647710242055
          ],
          [
            -121.878519814002,
            37.5599930661915
          ],
          [
            -121.881270469995,
            37.5568616959202
          ],
          [
            -121.888694388882,
            37.5483717792306
          ],
          [
            -121.893500899526,
            37.54307034071
          ],
          [
            -121.899278230765,
            37.5366553132148
          ],
          [
            -121.901143728513,
            37.5345328330997
          ],
          [
            -121.904513046185,
            37.5319439798618
          ],
          [
            -121.908510539411,
            37.5288982699735
          ],
          [
            -121.914775999388,
            37.5240999992922
          ],
          [
            -121.922644538456,
            37.5213315844369
          ],
          [
            -121.927222621232,
            37.5197230680262
          ],
          [
            -121.934665574682,
            37.51708662502
          ],
          [
            -121.942679600062,
            37.5143169338699
          ],
          [
            -121.945887114009,
            37.5131557553632
          ],
          [
            -121.950465195308,
            37.5115282040972
          ],
          [
            -121.958155614691,
            37.5100910102649
          ],
          [
            -121.961858055151,
            37.507330835097
          ],
          [
            -121.966340959931,
            37.5056176234326
          ],
          [
            -121.975230626924,
            37.5069881921923
          ],
          [
            -121.977543463731,
            37.5059126760981
          ],
          [
            -121.982388044651,
            37.503485626751
          ],
          [
            -121.983834757923,
            37.5017153072183
          ],
          [
            -121.984453417537,
            37.5010205043863
          ],
          [
            -121.985681986289,
            37.5007203406663
          ]
        ]
      },
      "properties": {
        "OBJECTID_1": 63376,
        "OBJECTID": 63376,
        "ID": "300591",
        "TYPE": "AC",
        "STATUS": "IN SERVICE",
        "NAICS_CODE": "221121",
        "NAICS_DESC": "ELECTRIC POWER TRANSMISSION SYSTEMS",
        "SOURCE": "Western Electricity Coordinating Council https://www.wecc.biz/Reliability/YEAR%202014%20OC%20MAP-1.pdf",
        "SOURCEDATE": "2017-01-01T00:00:00.000Z",
        "VAL_METHOD": "IMAGERY/OTHER",
        "VAL_DATE": "2017-01-01T00:00:00.000Z",
        "OWNER": "PACIFIC GAS & ELECTRIC COMPANY",
        "VOLTAGE": 230,
        "VOLT_CLASS": "220-287",
        "INFERRED": "N",
        "SUB_1": "CASTRO VALLEY TAP",
        "SUB_2": "NEWARK",
        "SHAPE__Len": 0.3548107,
        "Shape__Length": 43310.11963656319,
        "layer_id": "hifld_transmission_lines",
        "source_name": "HIFLD ArcGIS FeatureServer",
        "source_url": "https://services2.arcgis.com/LYMgRMwHfrWWEg3s/ArcGIS/rest/services/HIFLD_US_Electric_Power_Transmission_Lines/FeatureServer/0/query",
        "retrieved_at": "2026-05-03T02:52:20.212Z",
        "provisional": true
      }
    },
    {
      "type": "Feature",
      "id": 64260,
      "geometry": {
        "type": "LineString",
        "coordinates": [
          [
            -121.564927996074,
            37.7124281447684
          ],
          [
            -121.56416241504,
            37.7145811266915
          ],
          [
            -121.564348013201,
            37.7164656608759
          ],
          [
            -121.568031417589,
            37.7164513840485
          ],
          [
            -121.582422398228,
            37.7108548907707
          ],
          [
            -121.598854955741,
            37.7044731773579
          ],
          [
            -121.613659963046,
            37.6987481943311
          ],
          [
            -121.625552508861,
            37.6941367980662
          ],
          [
            -121.631120447813,
            37.6919667295834
          ],
          [
            -121.637702037267,
            37.6897538307818
          ],
          [
            -121.645882624094,
            37.6873981648016
          ],
          [
            -121.654791325784,
            37.6848569010332
          ],
          [
            -121.671894891044,
            37.6799314154847
          ],
          [
            -121.686685621026,
            37.6756769401678
          ],
          [
            -121.702075974672,
            37.67123686674
          ],
          [
            -121.711584300742,
            37.6685100036176
          ],
          [
            -121.716338464485,
            37.6659259093868
          ],
          [
            -121.718908282204,
            37.6645981702474
          ],
          [
            -121.728273840157,
            37.6595299183184
          ],
          [
            -121.733070834305,
            37.6567459484038
          ],
          [
            -121.742664820998,
            37.6516205890541
          ],
          [
            -121.752558619121,
            37.6463096326158
          ],
          [
            -121.765593306365,
            37.6393140165651
          ],
          [
            -121.772674582839,
            37.6355021200561
          ],
          [
            -121.785252414195,
            37.6287777635672
          ],
          [
            -121.793661428697,
            37.6242663043879
          ],
          [
            -121.796959361437,
            37.6224817094994
          ],
          [
            -121.802327426199,
            37.6192694364319
          ],
          [
            -121.807966748016,
            37.6158858435974
          ],
          [
            -121.816075950647,
            37.6110317433942
          ],
          [
            -121.824413582525,
            37.60599204487
          ],
          [
            -121.829467557628,
            37.6029796471553
          ],
          [
            -121.835992040609,
            37.5990249834232
          ],
          [
            -121.841674192665,
            37.5956271126267
          ],
          [
            -121.844772250912,
            37.5937425800149
          ],
          [
            -121.847299239309,
            37.5922292423201
          ],
          [
            -121.853638122752,
            37.5884316224109
          ],
          [
            -121.855533000103,
            37.58722400003
          ],
          [
            -121.859891345714,
            37.5824068269785
          ],
          [
            -121.866387275149,
            37.5751113994791
          ],
          [
            -121.871355590546,
            37.5695577380984
          ],
          [
            -121.874396540756,
            37.5661027609316
          ],
          [
            -121.88246291404,
            37.557037014158
          ],
          [
            -121.892299605059,
            37.5459439674122
          ],
          [
            -121.896211438953,
            37.541589553494
          ],
          [
            -121.899909121095,
            37.5373493540736
          ],
          [
            -121.901836484783,
            37.5351935624697
          ],
          [
            -121.909346063977,
            37.5294400248195
          ],
          [
            -121.915485072483,
            37.524685861855
          ],
          [
            -121.929890330148,
            37.5206027068709
          ],
          [
            -121.942111241951,
            37.517119175617
          ],
          [
            -121.967861768315,
            37.5098808553895
          ],
          [
            -121.973322631721,
            37.508322309077
          ],
          [
            -121.97547604436,
            37.5076322651658
          ],
          [
            -121.977665147862,
            37.5067637624111
          ],
          [
            -121.980234966063,
            37.5055383394344
          ],
          [
            -121.982899963097,
            37.5042534301927
          ],
          [
            -121.985636343029,
            37.5014932552482
          ],
          [
            -121.985681986289,
            37.5007203406663
          ]
        ]
      },
      "properties": {
        "OBJECTID_1": 64260,
        "OBJECTID": 64260,
        "ID": "301489",
        "TYPE": "AC",
        "STATUS": "IN SERVICE",
        "NAICS_CODE": "221121",
        "NAICS_DESC": "ELECTRIC POWER TRANSMISSION SYSTEMS",
        "SOURCE": "Western Electricity Coordinating Council https://www.wecc.biz/Reliability/YEAR%202014%20OC%20MAP-1.pdf",
        "SOURCEDATE": "2017-01-01T00:00:00.000Z",
        "VAL_METHOD": "IMAGERY/OTHER",
        "VAL_DATE": "2017-01-01T00:00:00.000Z",
        "OWNER": "PACIFIC GAS & ELECTRIC COMPANY",
        "VOLTAGE": 230,
        "VOLT_CLASS": "220-287",
        "INFERRED": "N",
        "SUB_1": "TESLA",
        "SUB_2": "NEWARK",
        "SHAPE__Len": 0.48678537,
        "Shape__Length": 57755.688724098036,
        "layer_id": "hifld_transmission_lines",
        "source_name": "HIFLD ArcGIS FeatureServer",
        "source_url": "https://services2.arcgis.com/LYMgRMwHfrWWEg3s/ArcGIS/rest/services/HIFLD_US_Electric_Power_Transmission_Lines/FeatureServer/0/query",
        "retrieved_at": "2026-05-03T02:52:20.212Z",
        "provisional": true
      }
    },
    {
      "type": "Feature",
      "id": 64492,
      "geometry": {
        "type": "LineString",
        "coordinates": [
          [
            -122.137868054,
            37.493009934067
          ],
          [
            -122.136576624151,
            37.4932828036965
          ],
          [
            -122.136138803733,
            37.4935493031231
          ],
          [
            -122.130827847221,
            37.4985176179642
          ],
          [
            -122.116893723072,
            37.5078070336091
          ],
          [
            -122.11262972811,
            37.510681422209
          ],
          [
            -122.080100986567,
            37.5076193328402
          ],
          [
            -122.066430114473,
            37.5050706528258
          ],
          [
            -122.061861549706,
            37.5042259448912
          ],
          [
            -122.038887853661,
            37.5030481106751
          ],
          [
            -122.024361243032,
            37.5023104781562
          ],
          [
            -122.011785792447,
            37.5058677727868
          ],
          [
            -122.0099417101,
            37.5064269459911
          ],
          [
            -122.000126432296,
            37.504392507122
          ],
          [
            -121.992916665492,
            37.5028934458364
          ],
          [
            -121.986694376214,
            37.5024175540982
          ],
          [
            -121.986765759885,
            37.5022866844447
          ],
          [
            -121.984957369509,
            37.5017394080683
          ],
          [
            -121.985004957782,
            37.5019892508526
          ],
          [
            -121.983691496532,
            37.5034323939918
          ],
          [
            -121.982834889567,
            37.5041890622866
          ],
          [
            -121.977652424182,
            37.5066874969178
          ],
          [
            -121.975432386366,
            37.507565518
          ],
          [
            -121.973340840527,
            37.5082436652846
          ],
          [
            -121.970642531656,
            37.5090146100665
          ],
          [
            -121.965210221929,
            37.510577915771
          ],
          [
            -121.960013478291,
            37.5120341454512
          ],
          [
            -121.951804339479,
            37.5143755360114
          ],
          [
            -121.946978792322,
            37.515738966331
          ],
          [
            -121.94211041503,
            37.5170238753149
          ],
          [
            -121.937513296724,
            37.5183373382241
          ],
          [
            -121.932023879837,
            37.5199006436924
          ],
          [
            -121.92517103262,
            37.5218636986572
          ],
          [
            -121.915434278594,
            37.5246405295476
          ],
          [
            -121.912300527064,
            37.5270176119025
          ],
          [
            -121.90925957605,
            37.5293732782491
          ],
          [
            -121.905476232853,
            37.5322571855589
          ],
          [
            -121.90177141188,
            37.5351268150476
          ],
          [
            -121.899811690306,
            37.5372862916521
          ],
          [
            -121.894682997236,
            37.5430646966773
          ],
          [
            -121.892234533012,
            37.5458629431542
          ],
          [
            -121.88735187958,
            37.5514023281615
          ],
          [
            -121.885445929858,
            37.553508150209
          ],
          [
            -121.882383562958,
            37.55697026695
          ],
          [
            -121.880391954704,
            37.5592402725893
          ],
          [
            -121.877836414445,
            37.5621099036284
          ],
          [
            -121.874331468491,
            37.5660288742299
          ],
          [
            -121.871269102364,
            37.5694767139849
          ],
          [
            -121.868499409021,
            37.5725676342426
          ],
          [
            -121.864102165262,
            37.5775073952206
          ],
          [
            -121.859840551428,
            37.5823400798317
          ],
          [
            -121.855507551457,
            37.5872155966069
          ],
          [
            -121.853573050241,
            37.5883648758143
          ],
          [
            -121.847248443458,
            37.5921553573123
          ],
          [
            -121.841601982854,
            37.5955460889502
          ],
          [
            -121.835955520555,
            37.5989439590752
          ],
          [
            -121.83262189552,
            37.6009498449878
          ],
          [
            -121.827061095921,
            37.6043120227609
          ],
          [
            -121.82178583097,
            37.6074671885651
          ],
          [
            -121.816018017145,
            37.6109435808651
          ],
          [
            -121.810949765193,
            37.6139773943445
          ],
          [
            -121.804789340863,
            37.617682214963
          ],
          [
            -121.798571808963,
            37.6214227267674
          ],
          [
            -121.796929981447,
            37.622400686554
          ],
          [
            -121.789734491228,
            37.6262768279021
          ],
          [
            -121.785194479756,
            37.6287038783964
          ],
          [
            -121.779176822873,
            37.6319232891031
          ],
          [
            -121.772602371424,
            37.6354353724747
          ],
          [
            -121.76553537294,
            37.6392544073995
          ],
          [
            -121.762315962073,
            37.640989035503
          ],
          [
            -121.756319719976,
            37.6441798923599
          ],
          [
            -121.752522100614,
            37.6462286074923
          ],
          [
            -121.749759546323,
            37.6477062539761
          ],
          [
            -121.746126109317,
            37.6496336164731
          ],
          [
            -121.742592609717,
            37.6515467038103
          ],
          [
            -121.73903769577,
            37.653445513398
          ],
          [
            -121.735447088364,
            37.655387154462
          ],
          [
            -121.733020038457,
            37.6566792013753
          ],
          [
            -121.730657233087,
            37.6581497083047
          ],
          [
            -121.728230182446,
            37.6594703097876
          ],
          [
            -121.721113214777,
            37.6633036199391
          ],
          [
            -121.718857486106,
            37.6645100067206
          ],
          [
            -121.71628052996,
            37.6658734381984
          ],
          [
            -121.71378945436,
            37.6671876170229
          ],
          [
            -121.711546354167,
            37.6684218407795
          ],
          [
            -121.708533955955,
            37.669307001731
          ],
          [
            -121.702052304441,
            37.6711558418109
          ],
          [
            -121.692815237957,
            37.6738255971505
          ],
          [
            -121.683571030487,
            37.6764739372667
          ],
          [
            -121.674640913916,
            37.6790580322487
          ],
          [
            -121.664989819873,
            37.6818348634028
          ],
          [
            -121.659286251995,
            37.6834624139031
          ],
          [
            -121.654774794709,
            37.6847901529709
          ],
          [
            -121.650006354273,
            37.6861535838993
          ],
          [
            -121.642111302093,
            37.688402175193
          ],
          [
            -121.637656951404,
            37.6896728076625
          ],
          [
            -121.631075361047,
            37.6918785678989
          ],
          [
            -121.622295151134,
            37.6952907146106
          ],
          [
            -121.616020513133,
            37.6977249024958
          ],
          [
            -121.606126713561,
            37.7015653530301
          ],
          [
            -121.596461342525,
            37.7053130051289
          ],
          [
            -121.58761688771,
            37.7087251517996
          ],
          [
            -121.579057964761,
            37.7120801919782
          ],
          [
            -121.569942250293,
            37.7156136909494
          ],
          [
            -121.56801488731,
            37.7163846372986
          ],
          [
            -121.564395726184,
            37.7163560828672
          ],
          [
            -121.564531356141,
            37.7144715495617
          ],
          [
            -121.564927996074,
            37.7124281447684
          ]
        ]
      },
      "properties": {
        "OBJECTID_1": 64492,
        "OBJECTID": 64492,
        "ID": "301729",
        "TYPE": "AC",
        "STATUS": "IN SERVICE",
        "NAICS_CODE": "221121",
        "NAICS_DESC": "ELECTRIC POWER TRANSMISSION SYSTEMS",
        "SOURCE": "Western Electricity Coordinating Council https://www.wecc.biz/Reliability/YEAR%202014%20OC%20MAP-1.pdf",
        "SOURCEDATE": "2017-01-01T00:00:00.000Z",
        "VAL_METHOD": "IMAGERY/OTHER",
        "VAL_DATE": "2017-01-01T00:00:00.000Z",
        "OWNER": "NOT AVAILABLE",
        "VOLTAGE": 230,
        "VOLT_CLASS": "220-287",
        "INFERRED": "N",
        "SUB_1": "RAVENSWOOD",
        "SUB_2": "TESLA",
        "SHAPE__Len": 0.64560146,
        "Shape__Length": 75832.615442619,
        "layer_id": "hifld_transmission_lines",
        "source_name": "HIFLD ArcGIS FeatureServer",
        "source_url": "https://services2.arcgis.com/LYMgRMwHfrWWEg3s/ArcGIS/rest/services/HIFLD_US_Electric_Power_Transmission_Lines/FeatureServer/0/query",
        "retrieved_at": "2026-05-03T02:52:20.212Z",
        "provisional": true
      }
    },
    {
      "type": "Feature",
      "id": 70066,
      "geometry": {
        "type": "LineString",
        "coordinates": [
          [
            -121.021299380119,
            37.6911281761642
          ],
          [
            -121.022329594669,
            37.6907713719878
          ],
          [
            -121.022767155478,
            37.6906198234579
          ],
          [
            -121.025848970161,
            37.6897276413768
          ],
          [
            -121.026252799245,
            37.6896088934249
          ],
          [
            -121.029414588766,
            37.6886790928888
          ],
          [
            -121.032850451962,
            37.6876841465341
          ],
          [
            -121.035960238474,
            37.6867745567853
          ],
          [
            -121.03949504539,
            37.6857466320355
          ],
          [
            -121.042576434105,
            37.6848521422092
          ],
          [
            -121.045667099309,
            37.683948099861
          ],
          [
            -121.048811975209,
            37.6830265989842
          ],
          [
            -121.050710229215,
            37.6824728085783
          ],
          [
            -121.053009805491,
            37.6818008909474
          ],
          [
            -121.05524658782,
            37.6811619342522
          ],
          [
            -121.058151049755,
            37.6802990401918
          ],
          [
            -121.061316346829,
            37.6793762449044
          ],
          [
            -121.064466890068,
            37.6784631483875
          ],
          [
            -121.067729968286,
            37.6775094195271
          ],
          [
            -121.067941227335,
            37.6774477775796
          ],
          [
            -121.070812401264,
            37.6766099602059
          ],
          [
            -121.073570264587,
            37.6758109184479
          ],
          [
            -121.076565757831,
            37.6749332175672
          ],
          [
            -121.079365087867,
            37.6741004106299
          ],
          [
            -121.082548209601,
            37.6730931552468
          ],
          [
            -121.085783783753,
            37.6722769049498
          ],
          [
            -121.085944847382,
            37.6722284155589
          ],
          [
            -121.08906421154,
            37.6712892522552
          ],
          [
            -121.095406264668,
            37.6694433882273
          ],
          [
            -121.09871744101,
            37.6684683320549
          ],
          [
            -121.105354061027,
            37.6665384712644
          ],
          [
            -121.111548723999,
            37.6647156422158
          ],
          [
            -121.114623484383,
            37.6638080736956
          ],
          [
            -121.117686602749,
            37.662919313695
          ],
          [
            -121.121087167018,
            37.6619371642511
          ],
          [
            -121.124013113478,
            37.6610776979755
          ],
          [
            -121.126934338932,
            37.6602238399332
          ],
          [
            -121.130504309184,
            37.6591759673903
          ],
          [
            -121.133878357415,
            37.6581861883669
          ],
          [
            -121.136825281135,
            37.6573224525051
          ],
          [
            -121.139819241457,
            37.6564394127893
          ],
          [
            -121.143150765373,
            37.6554741902098
          ],
          [
            -121.146246207444,
            37.6545731155064
          ],
          [
            -121.149388588222,
            37.6536470920101
          ],
          [
            -121.152467292893,
            37.6527460161873
          ],
          [
            -121.155545925706,
            37.6518448609698
          ],
          [
            -121.159155289078,
            37.6507901100134
          ],
          [
            -121.162618790611,
            37.6498099146587
          ],
          [
            -121.165838576612,
            37.6488582877212
          ],
          [
            -121.169096276266,
            37.6479118364642
          ],
          [
            -121.172257080835,
            37.6469869066368
          ],
          [
            -121.175586418571,
            37.6460102284494
          ],
          [
            -121.178836179276,
            37.6450640578945
          ],
          [
            -121.182036174811,
            37.6441225141893
          ],
          [
            -121.185160087956,
            37.6432069951107
          ],
          [
            -121.188204369934,
            37.6423175382191
          ],
          [
            -121.191476664249,
            37.6413553023115
          ],
          [
            -121.194686892421,
            37.6404062728161
          ],
          [
            -121.197598874151,
            37.639926394102
          ],
          [
            -121.201017089363,
            37.6394357247073
          ],
          [
            -121.204516288997,
            37.6389004775277
          ],
          [
            -121.20987023561,
            37.6380487694916
          ],
          [
            -121.213256792017,
            37.6370094409658
          ],
          [
            -121.217201298504,
            37.635837457977
          ],
          [
            -121.221343287341,
            37.6345789156786
          ],
          [
            -121.224259763294,
            37.6337076809086
          ],
          [
            -121.226659901413,
            37.6329938016545
          ],
          [
            -121.229255400078,
            37.6322046186803
          ],
          [
            -121.231982967482,
            37.6313820883727
          ],
          [
            -121.234479363308,
            37.630623862179
          ],
          [
            -121.2381848238,
            37.6299206844488
          ],
          [
            -121.24167862526,
            37.6292648131561
          ],
          [
            -121.241728696736,
            37.6292554130185
          ],
          [
            -121.241817127193,
            37.6292388099203
          ],
          [
            -121.245572160802,
            37.6285330072834
          ],
          [
            -121.249083720622,
            37.6278634378852
          ],
          [
            -121.252375509853,
            37.6272298733753
          ],
          [
            -121.255641313958,
            37.6266040013251
          ],
          [
            -121.258912429327,
            37.6260155492957
          ],
          [
            -121.262442765474,
            37.6253491437227
          ],
          [
            -121.266046206476,
            37.6246668318978
          ],
          [
            -121.269170527016,
            37.6240814981022
          ],
          [
            -121.269404123623,
            37.6240377304878
          ],
          [
            -121.272775098703,
            37.6240432147758
          ],
          [
            -121.276235916679,
            37.6240382545406
          ],
          [
            -121.279502457422,
            37.6240315168849
          ],
          [
            -121.282785674987,
            37.6240301459323
          ],
          [
            -121.286066618564,
            37.624034344524
          ],
          [
            -121.289174250342,
            37.6240159044703
          ],
          [
            -121.295800020198,
            37.6240194115778
          ],
          [
            -121.299023927695,
            37.6240126020033
          ],
          [
            -121.302236285791,
            37.6240227363543
          ],
          [
            -121.305561969211,
            37.6240108852967
          ],
          [
            -121.308826303135,
            37.6240127614213
          ],
          [
            -121.315423323709,
            37.6239967154358
          ],
          [
            -121.318701834169,
            37.6239962868404
          ],
          [
            -121.321802647326,
            37.6239939785434
          ],
          [
            -121.325100765804,
            37.6240307227275
          ],
          [
            -121.328384113738,
            37.6240356107318
          ],
          [
            -121.331648314448,
            37.6240293530311
          ],
          [
            -121.335026265196,
            37.6240254928483
          ],
          [
            -121.338394609492,
            37.6240141315417
          ],
          [
            -121.341677956958,
            37.624018654681
          ],
          [
            -121.344949260776,
            37.6240119540718
          ],
          [
            -121.348374546282,
            37.6240053062942
          ],
          [
            -121.351428057583,
            37.6240065179415
          ],
          [
            -121.354481972221,
            37.6239974707803
          ],
          [
            -121.354801169259,
            37.6239965192128
          ],
          [
            -121.358243063514,
            37.6239912782052
          ],
          [
            -121.361613905621,
            37.6239867479333
          ],
          [
            -121.364965392143,
            37.6239598043011
          ],
          [
            -121.368160936437,
            37.623955211402
          ],
          [
            -121.371732884775,
            37.6239368244662
          ],
          [
            -121.375717001092,
            37.6239173465764
          ],
          [
            -121.380304742734,
            37.6238738660391
          ],
          [
            -121.383411061506,
            37.6237834987212
          ],
          [
            -121.386328044246,
            37.6237027572613
          ],
          [
            -121.391657455174,
            37.6235431810124
          ],
          [
            -121.39540018032,
            37.6235371255853
          ],
          [
            -121.400929214095,
            37.6235400866278
          ],
          [
            -121.405761456109,
            37.6235246926133
          ],
          [
            -121.412410498793,
            37.6235213979987
          ],
          [
            -121.412915434957,
            37.6235211329879
          ],
          [
            -121.413663177744,
            37.623522303187
          ],
          [
            -121.414049159121,
            37.6235229053693
          ],
          [
            -121.41476736045,
            37.6235240233142
          ],
          [
            -121.415629877194,
            37.6235253599019
          ],
          [
            -121.41732775641,
            37.6235279712347
          ],
          [
            -121.41965373647,
            37.6235135250654
          ],
          [
            -121.42586234517,
            37.6234997512516
          ],
          [
            -121.429321041226,
            37.6235054103188
          ],
          [
            -121.438824638147,
            37.6234834581815
          ],
          [
            -121.442958458712,
            37.6234881108444
          ],
          [
            -121.445554568403,
            37.6234774135174
          ],
          [
            -121.451083562664,
            37.6234761785316
          ],
          [
            -121.454831052482,
            37.6234700830906
          ],
          [
            -121.457280467029,
            37.6234684279806
          ],
          [
            -121.462700261822,
            37.62345483909
          ],
          [
            -121.466064004575,
            37.6234493289702
          ],
          [
            -121.469257334118,
            37.6234514520127
          ],
          [
            -121.471780021181,
            37.6234410881108
          ],
          [
            -121.475641149679,
            37.6234310621745
          ],
          [
            -121.478807533146,
            37.6236285988717
          ],
          [
            -121.484587486515,
            37.6239776972325
          ],
          [
            -121.491064761125,
            37.624366655223
          ],
          [
            -121.493308511982,
            37.6245039386982
          ],
          [
            -121.500023050233,
            37.6249063550543
          ],
          [
            -121.503118360164,
            37.6250966283998
          ],
          [
            -121.508964853593,
            37.6254437137775
          ],
          [
            -121.510926453292,
            37.6255654445274
          ],
          [
            -121.51584576422,
            37.6258638048952
          ],
          [
            -121.518592351989,
            37.6260261684068
          ],
          [
            -121.522029298493,
            37.6262360297696
          ],
          [
            -121.526164524887,
            37.6274661614358
          ],
          [
            -121.529491697438,
            37.6284472934967
          ],
          [
            -121.532564147838,
            37.6293639793642
          ],
          [
            -121.535302932676,
            37.6301796915812
          ],
          [
            -121.538289719591,
            37.6310710379741
          ],
          [
            -121.541443303225,
            37.6320052369137
          ],
          [
            -121.544199014071,
            37.63282804272
          ],
          [
            -121.547283472473,
            37.6337348095145
          ],
          [
            -121.550625721632,
            37.6347301903724
          ],
          [
            -121.553374957727,
            37.6351152375123
          ],
          [
            -121.556492886598,
            37.6355686763173
          ],
          [
            -121.55968836991,
            37.6360658920669
          ],
          [
            -121.562980204021,
            37.6365228420617
          ],
          [
            -121.566376897856,
            37.6370068161097
          ],
          [
            -121.569688680704,
            37.6374882856009
          ],
          [
            -121.576958680081,
            37.638493899349
          ],
          [
            -121.581439248592,
            37.6391309415613
          ],
          [
            -121.583832351602,
            37.6396067935094
          ],
          [
            -121.585117054122,
            37.6398706931449
          ],
          [
            -121.586261912298,
            37.640105854366
          ],
          [
            -121.590523896882,
            37.6409677170157
          ],
          [
            -121.593772621021,
            37.6416438413052
          ],
          [
            -121.597259624694,
            37.6431681562025
          ],
          [
            -121.600605520839,
            37.6446540949678
          ],
          [
            -121.603120431845,
            37.6457761264016
          ],
          [
            -121.605577395326,
            37.646004212937
          ],
          [
            -121.610749642933,
            37.6464970996509
          ],
          [
            -121.613590021948,
            37.6460340214618
          ],
          [
            -121.618256492202,
            37.6452827634231
          ],
          [
            -121.623301708248,
            37.6444668523851
          ],
          [
            -121.627159176732,
            37.6438330135945
          ],
          [
            -121.630162250082,
            37.6437019395365
          ],
          [
            -121.635519182471,
            37.6434626815046
          ],
          [
            -121.639461105587,
            37.6432758144821
          ],
          [
            -121.6434209152,
            37.6430861967935
          ],
          [
            -121.64807682513,
            37.6431028156804
          ],
          [
            -121.653953991691,
            37.6431071152514
          ],
          [
            -121.659984115547,
            37.6431232424798
          ],
          [
            -121.662984055748,
            37.6431242823409
          ],
          [
            -121.666397346729,
            37.6431337281555
          ],
          [
            -121.67129249385,
            37.643136615672
          ],
          [
            -121.673286468288,
            37.6431372125799
          ],
          [
            -121.677071105891,
            37.6431506505409
          ],
          [
            -121.682433374061,
            37.6431560234883
          ],
          [
            -121.684502228426,
            37.6431577522449
          ],
          [
            -121.687963304917,
            37.6431611625626
          ],
          [
            -121.69275658498,
            37.6431598635911
          ],
          [
            -121.695388549772,
            37.6431724192417
          ],
          [
            -121.698688060707,
            37.6431801831328
          ],
          [
            -121.701445464228,
            37.6431789575696
          ],
          [
            -121.70763754736,
            37.6432046161713
          ],
          [
            -121.711257256609,
            37.643205087522
          ],
          [
            -121.713841120267,
            37.6432084331179
          ],
          [
            -121.717020971087,
            37.643219778762
          ],
          [
            -121.721026991016,
            37.6432238998202
          ],
          [
            -121.724194217932,
            37.6434678086146
          ],
          [
            -121.727556610149,
            37.643734920204
          ],
          [
            -121.73029816348,
            37.6439539649852
          ],
          [
            -121.73276382736,
            37.6441532129529
          ],
          [
            -121.735209679393,
            37.64388280638
          ],
          [
            -121.738503380342,
            37.6435074713183
          ],
          [
            -121.742318983269,
            37.6418832633116
          ],
          [
            -121.745663952297,
            37.6405087590916
          ],
          [
            -121.747744470762,
            37.6396302506014
          ],
          [
            -121.754497747592,
            37.6367737050544
          ],
          [
            -121.758891563914,
            37.6349411234961
          ],
          [
            -121.761897387944,
            37.6336723010892
          ],
          [
            -121.764777926523,
            37.6324266079398
          ],
          [
            -121.768914635641,
            37.6307564504354
          ],
          [
            -121.771740496125,
            37.6291055756209
          ],
          [
            -121.774456051663,
            37.6276057836573
          ],
          [
            -121.776684245578,
            37.6262603084383
          ],
          [
            -121.779212326201,
            37.6248154007937
          ],
          [
            -121.781220437299,
            37.6236629711602
          ],
          [
            -121.782563981551,
            37.6228882643585
          ],
          [
            -121.785776752371,
            37.6210437961048
          ],
          [
            -121.788310412447,
            37.6195962331372
          ],
          [
            -121.789925624591,
            37.6186726114797
          ],
          [
            -121.793144133091,
            37.6168326003755
          ],
          [
            -121.79718901772,
            37.6145125532699
          ],
          [
            -121.799849120149,
            37.6129892676797
          ],
          [
            -121.802119447107,
            37.6116901339753
          ],
          [
            -121.806391108329,
            37.6092405666222
          ],
          [
            -121.809100894182,
            37.6076830940021
          ],
          [
            -121.813906563619,
            37.6049356310521
          ],
          [
            -121.817475161785,
            37.6028950264107
          ],
          [
            -121.819593989958,
            37.6016666780732
          ],
          [
            -121.822085157454,
            37.6002475025583
          ],
          [
            -121.82519257036,
            37.5984557600315
          ],
          [
            -121.827418847552,
            37.5975958543257
          ],
          [
            -121.830522862833,
            37.596411570668
          ],
          [
            -121.833709313452,
            37.5951761034679
          ],
          [
            -121.837627467033,
            37.5936445098453
          ],
          [
            -121.840864645423,
            37.592412813266
          ],
          [
            -121.843813468181,
            37.5912614212453
          ],
          [
            -121.849065217726,
            37.5892270926115
          ],
          [
            -121.852968145858,
            37.5877094616606
          ],
          [
            -121.855063428161,
            37.5869008992624
          ],
          [
            -121.857658187984,
            37.5840292932433
          ],
          [
            -121.859240994127,
            37.5822223589797
          ],
          [
            -121.860789541364,
            37.5804847601731
          ],
          [
            -121.862344115665,
            37.5787517918759
          ],
          [
            -121.864442977551,
            37.5764122481775
          ],
          [
            -121.866004544499,
            37.574704400678
          ],
          [
            -121.867715298994,
            37.5727578305412
          ],
          [
            -121.869264449377,
            37.5709999316171
          ],
          [
            -121.87129654179,
            37.568728941318
          ],
          [
            -121.873184589277,
            37.5666239291807
          ],
          [
            -121.87442139596,
            37.5652261220821
          ],
          [
            -121.875224354486,
            37.5643186054057
          ],
          [
            -121.87568801363,
            37.5637970628071
          ],
          [
            -121.87726069272,
            37.5620279873587
          ],
          [
            -121.878806713909,
            37.5602871806677
          ],
          [
            -121.879804455728,
            37.559165084539
          ],
          [
            -121.881862138239,
            37.5568629832303
          ],
          [
            -121.885316092821,
            37.552981155692
          ],
          [
            -121.887234492305,
            37.5507504354087
          ],
          [
            -121.889279058948,
            37.5484199533395
          ],
          [
            -121.891435653834,
            37.546035501191
          ],
          [
            -121.892540832024,
            37.5448452045439
          ],
          [
            -121.894032202749,
            37.543176179213
          ],
          [
            -121.895368083838,
            37.5416613379901
          ],
          [
            -121.899453984739,
            37.5370743771285
          ],
          [
            -121.901482441921,
            37.5348450858487
          ],
          [
            -121.904507864912,
            37.5325192512746
          ],
          [
            -121.908886512318,
            37.529153812353
          ],
          [
            -121.912965785205,
            37.5260095432493
          ],
          [
            -121.915015996865,
            37.5244277017117
          ],
          [
            -121.918021254369,
            37.523374208523
          ],
          [
            -121.920945280754,
            37.5223393316535
          ],
          [
            -121.923774638065,
            37.5213422610215
          ],
          [
            -121.927584225072,
            37.5199894719563
          ],
          [
            -121.929682441531,
            37.5192111180445
          ],
          [
            -121.931445007253,
            37.5186199257601
          ],
          [
            -121.934302430922,
            37.5176411129344
          ],
          [
            -121.936750603331,
            37.5167747704506
          ],
          [
            -121.940725822151,
            37.5154182761187
          ],
          [
            -121.940792590713,
            37.5153954901969
          ],
          [
            -121.940937987382,
            37.5153458717514
          ],
          [
            -121.942665732187,
            37.5147234646551
          ],
          [
            -121.94534849612,
            37.5137756762081
          ],
          [
            -121.948015439202,
            37.5128344067887
          ],
          [
            -121.950779483276,
            37.5118788445066
          ],
          [
            -121.95362055681,
            37.511362944743
          ],
          [
            -121.956305064549,
            37.5108748336773
          ],
          [
            -121.959090394308,
            37.5103612980393
          ],
          [
            -121.962242041433,
            37.509775289822
          ],
          [
            -121.964462880532,
            37.50937206347
          ],
          [
            -121.967198604815,
            37.508868635188
          ],
          [
            -121.969894665053,
            37.5083721203733
          ],
          [
            -121.972582856813,
            37.5078804178592
          ],
          [
            -121.975399922421,
            37.5073707152119
          ],
          [
            -121.977598845695,
            37.5065929987697
          ],
          [
            -121.97973735457,
            37.505563345211
          ],
          [
            -121.982648625573,
            37.5038240292731
          ],
          [
            -121.983391584123,
            37.503461785962
          ],
          [
            -121.984004100618,
            37.5031631356521
          ],
          [
            -121.984583228866,
            37.5028807602286
          ],
          [
            -121.984901334539,
            37.5027256530021
          ],
          [
            -121.987071045317,
            37.5028973476448
          ],
          [
            -121.987298601426,
            37.5025161507819
          ],
          [
            -121.987779978045,
            37.5017097424466
          ]
        ]
      },
      "properties": {
        "OBJECTID_1": 70066,
        "OBJECTID": 71066,
        "ID": "308621",
        "TYPE": "AC",
        "STATUS": "IN SERVICE",
        "NAICS_CODE": "221121",
        "NAICS_DESC": "ELECTRIC POWER TRANSMISSION SYSTEMS",
        "SOURCE": "https://cecgis-caenergy.opendata.arcgis.com/",
        "SOURCEDATE": "2018-04-25T00:00:00.000Z",
        "VAL_METHOD": "IMAGERY/OTHER",
        "VAL_DATE": "2018-04-25T00:00:00.000Z",
        "OWNER": "CCSF",
        "VOLTAGE": 115,
        "VOLT_CLASS": "100-161",
        "INFERRED": "N",
        "SUB_1": "NOT AVAILABLE",
        "SUB_2": "NOT AVAILABLE",
        "SHAPE__Len": 1.02329045,
        "Shape__Length": 117152.1132658067,
        "layer_id": "hifld_transmission_lines",
        "source_name": "HIFLD ArcGIS FeatureServer",
        "source_url": "https://services2.arcgis.com/LYMgRMwHfrWWEg3s/ArcGIS/rest/services/HIFLD_US_Electric_Power_Transmission_Lines/FeatureServer/0/query",
        "retrieved_at": "2026-05-03T02:52:20.212Z",
        "provisional": true
      }
    },
    {
      "type": "Feature",
      "id": 64235,
      "geometry": {
        "type": "LineString",
        "coordinates": [
          [
            -121.985681986289,
            37.5007203406663
          ],
          [
            -121.988296817819,
            37.5015753471562
          ],
          [
            -121.987364068822,
            37.5032409702458
          ],
          [
            -121.985450982448,
            37.502879292051
          ],
          [
            -121.982843092967,
            37.5044307018039
          ],
          [
            -121.977827189695,
            37.5068387152272
          ],
          [
            -121.975676156742,
            37.5078761596346
          ],
          [
            -121.973410909916,
            37.5084853018332
          ],
          [
            -121.970869646027,
            37.5092181755202
          ],
          [
            -121.965320742993,
            37.5108171736652
          ],
          [
            -121.960143035486,
            37.5123114749407
          ],
          [
            -121.952271778504,
            37.5145291331353
          ],
          [
            -121.942030578453,
            37.5174415929418
          ],
          [
            -121.935701212432,
            37.5192595018051
          ],
          [
            -121.925113265275,
            37.5222859877845
          ],
          [
            -121.915675667812,
            37.5249797266798
          ],
          [
            -121.912963082846,
            37.5270546157385
          ],
          [
            -121.909631837269,
            37.5296244337621
          ],
          [
            -121.906424323735,
            37.5321371453358
          ],
          [
            -121.902150812375,
            37.5354493541772
          ],
          [
            -121.900190135025,
            37.5376003873447
          ],
          [
            -121.897095487998,
            37.5410470358436
          ],
          [
            -121.896782748558,
            37.5414646321999
          ],
          [
            -121.895383625159,
            37.5431492901375
          ],
          [
            -121.893337288487,
            37.5457571792934
          ],
          [
            -121.888978116002,
            37.5505256189261
          ],
          [
            -121.882781998657,
            37.5572547353851
          ],
          [
            -121.880983126532,
            37.5592725182207
          ],
          [
            -121.878603666643,
            37.5619470313846
          ],
          [
            -121.875015438564,
            37.5659730793936
          ],
          [
            -121.868467161912,
            37.5732827835506
          ],
          [
            -121.866220951661,
            37.5758335658747
          ],
          [
            -121.862556580771,
            37.5799643116087
          ],
          [
            -121.859149192492,
            37.5837619302122
          ],
          [
            -121.85743598012,
            37.5856940531863
          ],
          [
            -121.855827464735,
            37.5874738898495
          ],
          [
            -121.851296971294,
            37.5901864752489
          ],
          [
            -121.847716000459,
            37.5924270000638
          ],
          [
            -121.846033603513,
            37.5933654347797
          ],
          [
            -121.843197285855,
            37.5950691294426
          ],
          [
            -121.840970109652,
            37.5964206632204
          ],
          [
            -121.839028469818,
            37.5976294292389
          ],
          [
            -121.832489710227,
            37.601512709741
          ],
          [
            -121.82782596793,
            37.6043299907013
          ],
          [
            -121.825113382004,
            37.6059480249977
          ],
          [
            -121.82166792311,
            37.6080038789252
          ],
          [
            -121.81785126715,
            37.6103071969581
          ],
          [
            -121.813520647376,
            37.6129341218552
          ],
          [
            -121.80853329796,
            37.6159322429373
          ],
          [
            -121.802689342077,
            37.6194348102945
          ],
          [
            -121.797397420704,
            37.6226137702453
          ],
          [
            -121.794437371237,
            37.6241842133778
          ],
          [
            -121.78964989502,
            37.6267730680008
          ],
          [
            -121.785366866345,
            37.6290763860157
          ],
          [
            -121.781407443303,
            37.6311893472069
          ],
          [
            -121.778885214123,
            37.6325503991627
          ],
          [
            -121.772917525394,
            37.6357388766704
          ],
          [
            -121.7690056923,
            37.6378613557928
          ],
          [
            -121.763437753461,
            37.640859477665
          ],
          [
            -121.758574135168,
            37.6434388126424
          ],
          [
            -121.756156601631,
            37.6447427570166
          ],
          [
            -121.754110266502,
            37.6458373097334
          ],
          [
            -121.751540448254,
            37.647236432012
          ],
          [
            -121.745858294876,
            37.6502631073606
          ],
          [
            -121.74006192748,
            37.6533849601081
          ],
          [
            -121.735978772363,
            37.6555645458334
          ],
          [
            -121.732723670625,
            37.6573158286658
          ],
          [
            -121.730905761496,
            37.6583056843034
          ],
          [
            -121.729068818171,
            37.6592669873519
          ],
          [
            -121.726203946721,
            37.6608183959297
          ],
          [
            -121.7193035098,
            37.6645208376797
          ],
          [
            -121.711632127958,
            37.668537366553
          ],
          [
            -121.7110080003,
            37.6687200002081
          ],
          [
            -121.710320999296,
            37.668546000324
          ],
          [
            -121.705188548526,
            37.6700316689854
          ],
          [
            -121.695651667918,
            37.6727918425754
          ],
          [
            -121.684306397912,
            37.6760183929878
          ],
          [
            -121.671562004547,
            37.6797017980974
          ],
          [
            -121.659550486212,
            37.6831472585409
          ],
          [
            -121.649452052825,
            37.6860597182786
          ],
          [
            -121.641390439305,
            37.6883820715381
          ],
          [
            -121.634166396377,
            37.6904379266086
          ],
          [
            -121.630958882377,
            37.6917038003279
          ],
          [
            -121.625714549865,
            37.693731099586
          ],
          [
            -121.6225831789,
            37.6949493843732
          ],
          [
            -121.617329328962,
            37.6970147576355
          ],
          [
            -121.610552624538,
            37.6996416807863
          ],
          [
            -121.606098274209,
            37.7013073039614
          ],
          [
            -121.603319063249,
            37.7024113743687
          ],
          [
            -121.598522070158,
            37.7042959071108
          ],
          [
            -121.594648307263,
            37.7058187623907
          ],
          [
            -121.58960385032,
            37.7077604017914
          ],
          [
            -121.585025766953,
            37.7095402384608
          ],
          [
            -121.579086632075,
            37.7118245225051
          ],
          [
            -121.575231904993,
            37.7133188229567
          ],
          [
            -121.570729964352,
            37.7150796239051
          ],
          [
            -121.56909899971,
            37.7135859998605
          ],
          [
            -121.568252999675,
            37.7124709994497
          ],
          [
            -121.568076000004,
            37.7121789997306
          ],
          [
            -121.56780599958,
            37.7117200005948
          ],
          [
            -121.567655700941,
            37.7114533259328
          ],
          [
            -121.564927996074,
            37.7124281447684
          ]
        ]
      },
      "properties": {
        "OBJECTID_1": 64235,
        "OBJECTID": 64235,
        "ID": "301465",
        "TYPE": "AC",
        "STATUS": "IN SERVICE",
        "NAICS_CODE": "221121",
        "NAICS_DESC": "ELECTRIC POWER TRANSMISSION SYSTEMS",
        "SOURCE": "Western Electricity Coordinating Council https://www.wecc.biz/Reliability/YEAR%202014%20OC%20MAP-1.pdf",
        "SOURCEDATE": "2017-01-01T00:00:00.000Z",
        "VAL_METHOD": "IMAGERY/OTHER",
        "VAL_DATE": "2017-01-01T00:00:00.000Z",
        "OWNER": "PACIFIC GAS & ELECTRIC COMPANY",
        "VOLTAGE": 230,
        "VOLT_CLASS": "220-287",
        "INFERRED": "N",
        "SUB_1": "NEWARK",
        "SUB_2": "TESLA",
        "SHAPE__Len": 0.48857267,
        "Shape__Length": 57915.30672169347,
        "layer_id": "hifld_transmission_lines",
        "source_name": "HIFLD ArcGIS FeatureServer",
        "source_url": "https://services2.arcgis.com/LYMgRMwHfrWWEg3s/ArcGIS/rest/services/HIFLD_US_Electric_Power_Transmission_Lines/FeatureServer/0/query",
        "retrieved_at": "2026-05-03T02:52:20.212Z",
        "provisional": true
      }
    },
    {
      "type": "Feature",
      "id": 65403,
      "geometry": {
        "type": "LineString",
        "coordinates": [
          [
            -121.842616181169,
            37.6092780636014
          ],
          [
            -121.838721564969,
            37.5994097384007
          ],
          [
            -121.842759251203,
            37.5976448408929
          ],
          [
            -121.846180363042,
            37.5962282307722
          ],
          [
            -121.848455353045,
            37.5952669758224
          ],
          [
            -121.851853883696,
            37.5938766597709
          ],
          [
            -121.859220252135,
            37.590795534572
          ],
          [
            -121.861918892299,
            37.5896764133903
          ],
          [
            -121.863179675182,
            37.5891664341251
          ],
          [
            -121.865269173925,
            37.5882952191616
          ],
          [
            -121.866742448672,
            37.5877498247758
          ],
          [
            -121.868720440803,
            37.5869051238674
          ],
          [
            -121.869999389327,
            37.5863625401073
          ]
        ]
      },
      "properties": {
        "OBJECTID_1": 65403,
        "OBJECTID": 65403,
        "ID": "302661",
        "TYPE": "AC",
        "STATUS": "NOT AVAILABLE",
        "NAICS_CODE": "221121",
        "NAICS_DESC": "ELECTRIC POWER TRANSMISSION SYSTEMS",
        "SOURCE": "California Independent System Operator, PG&E 2012-2013 proposed solutions",
        "SOURCEDATE": "2017-01-01T00:00:00.000Z",
        "VAL_METHOD": "IMAGERY/OTHER",
        "VAL_DATE": "2017-01-01T00:00:00.000Z",
        "OWNER": "PACIFIC GAS & ELECTRIC COMPANY",
        "VOLTAGE": 60,
        "VOLT_CLASS": "Under 100",
        "INFERRED": "N",
        "SUB_1": "VALLECITOS",
        "SUB_2": "SUNOL TAP",
        "SHAPE__Len": 0.04450128,
        "Shape__Length": 5388.015286857772,
        "layer_id": "hifld_transmission_lines",
        "source_name": "HIFLD ArcGIS FeatureServer",
        "source_url": "https://services2.arcgis.com/LYMgRMwHfrWWEg3s/ArcGIS/rest/services/HIFLD_US_Electric_Power_Transmission_Lines/FeatureServer/0/query",
        "retrieved_at": "2026-05-03T02:52:20.212Z",
        "provisional": true
      }
    },
    {
      "type": "Feature",
      "id": 65400,
      "geometry": {
        "type": "LineString",
        "coordinates": [
          [
            -121.829814854966,
            37.6640865311542
          ],
          [
            -121.829472763538,
            37.6628756565024
          ],
          [
            -121.830604114303,
            37.6600907887416
          ],
          [
            -121.826513840735,
            37.6562615965853
          ],
          [
            -121.81328572175,
            37.6557394340127
          ],
          [
            -121.789005160009,
            37.6456442892111
          ],
          [
            -121.807193825099,
            37.6207545397397
          ],
          [
            -121.821447000095,
            37.6106910000185
          ],
          [
            -121.833424205472,
            37.6032760939392
          ],
          [
            -121.838572007895,
            37.5994994742328
          ],
          [
            -121.842616181169,
            37.6092780636014
          ]
        ]
      },
      "properties": {
        "OBJECTID_1": 65400,
        "OBJECTID": 65400,
        "ID": "302659",
        "TYPE": "AC",
        "STATUS": "NOT AVAILABLE",
        "NAICS_CODE": "221121",
        "NAICS_DESC": "ELECTRIC POWER TRANSMISSION SYSTEMS",
        "SOURCE": "California Independent System Operator, PG&E 2012-2013 proposed solutions",
        "SOURCEDATE": "2017-01-01T00:00:00.000Z",
        "VAL_METHOD": "IMAGERY/OTHER",
        "VAL_DATE": "2017-01-01T00:00:00.000Z",
        "OWNER": "PACIFIC GAS & ELECTRIC COMPANY",
        "VOLTAGE": 60,
        "VOLT_CLASS": "Under 100",
        "INFERRED": "N",
        "SUB_1": "CALMAT TAP",
        "SUB_2": "VALLECITOS",
        "SHAPE__Len": 0.12872948,
        "Shape__Length": 15905.063614624256,
        "layer_id": "hifld_transmission_lines",
        "source_name": "HIFLD ArcGIS FeatureServer",
        "source_url": "https://services2.arcgis.com/LYMgRMwHfrWWEg3s/ArcGIS/rest/services/HIFLD_US_Electric_Power_Transmission_Lines/FeatureServer/0/query",
        "retrieved_at": "2026-05-03T02:52:20.212Z",
        "provisional": true
      }
    },
    {
      "type": "Feature",
      "id": 72677,
      "geometry": {
        "type": "LineString",
        "coordinates": [
          [
            -121.989050743479,
            37.5009354506311
          ],
          [
            -121.989491694128,
            37.5004609282187
          ],
          [
            -121.989793713032,
            37.5001359135689
          ],
          [
            -121.992043161865,
            37.5011732176282
          ],
          [
            -121.994130533411,
            37.5021444896942
          ],
          [
            -121.993859417737,
            37.5024883467254
          ],
          [
            -121.993402473418,
            37.5030678815695
          ],
          [
            -121.993286627466,
            37.5032148056132
          ],
          [
            -121.991846107911,
            37.5050321328814
          ],
          [
            -121.990388638736,
            37.5068926605972
          ],
          [
            -121.988916949865,
            37.5087634232565
          ],
          [
            -121.988384944532,
            37.5094334950335
          ],
          [
            -121.987452130274,
            37.5106240334956
          ],
          [
            -121.985965769811,
            37.5124907091391
          ],
          [
            -121.984488343325,
            37.5143572139262
          ],
          [
            -121.983025326291,
            37.5161576248971
          ],
          [
            -121.981514953018,
            37.5180790244247
          ],
          [
            -121.980086251027,
            37.5198874145021
          ],
          [
            -121.978612214289,
            37.5217566466292
          ],
          [
            -121.977137763401,
            37.5236129861087
          ],
          [
            -121.975667107829,
            37.5254792606708
          ],
          [
            -121.974168111343,
            37.5273674535731
          ],
          [
            -121.972702901893,
            37.5292407541784
          ],
          [
            -121.970728707282,
            37.5307503298899
          ],
          [
            -121.969230048858,
            37.532591219307
          ],
          [
            -121.967729925133,
            37.5344478562502
          ],
          [
            -121.966229092881,
            37.5362801546316
          ],
          [
            -121.964726869198,
            37.538131061552
          ],
          [
            -121.963315193847,
            37.5398616700758
          ],
          [
            -121.962366441839,
            37.5410236346953
          ],
          [
            -121.961616985117,
            37.5418774778866
          ],
          [
            -121.959222534431,
            37.5429186041598
          ],
          [
            -121.956603039764,
            37.5440449453996
          ],
          [
            -121.95552512759,
            37.5444060806916
          ],
          [
            -121.954034327146,
            37.5448383648264
          ],
          [
            -121.951749620632,
            37.5455297682478
          ],
          [
            -121.94957010259,
            37.5461764749938
          ],
          [
            -121.946981230268,
            37.5469629137359
          ],
          [
            -121.9443978948,
            37.5477563611922
          ],
          [
            -121.941828742261,
            37.5485423649918
          ],
          [
            -121.939294948913,
            37.5491631531915
          ],
          [
            -121.937126892358,
            37.5501929958176
          ],
          [
            -121.935045964246,
            37.5511770210591
          ],
          [
            -121.93314192784,
            37.5520994677174
          ],
          [
            -121.931377533883,
            37.5529137184656
          ],
          [
            -121.926942811479,
            37.5550147307741
          ],
          [
            -121.924182919712,
            37.5560452909459
          ],
          [
            -121.922898164466,
            37.5565110701049
          ],
          [
            -121.920452080643,
            37.5574048238702
          ],
          [
            -121.917468202018,
            37.5584989343407
          ],
          [
            -121.915591286229,
            37.5591890682001
          ],
          [
            -121.914830952155,
            37.5594686285019
          ],
          [
            -121.912452163164,
            37.5603210640471
          ],
          [
            -121.911432825283,
            37.5606622503012
          ],
          [
            -121.908619398797,
            37.5615893021899
          ],
          [
            -121.90366996192,
            37.5622822417526
          ],
          [
            -121.900796317809,
            37.5646865392618
          ],
          [
            -121.896583038015,
            37.5669746478631
          ],
          [
            -121.894412006357,
            37.5681439977499
          ],
          [
            -121.892554494314,
            37.5691594985728
          ],
          [
            -121.890947706247,
            37.5700336127393
          ],
          [
            -121.889069181399,
            37.5710502040898
          ],
          [
            -121.887899298981,
            37.5716832760926
          ],
          [
            -121.885655576543,
            37.5729137145745
          ],
          [
            -121.883379754764,
            37.5741617922829
          ],
          [
            -121.881029640889,
            37.5753995448771
          ],
          [
            -121.8790377443,
            37.5764656049152
          ],
          [
            -121.876021442225,
            37.5788443346755
          ],
          [
            -121.875188065723,
            37.5798592171037
          ],
          [
            -121.874360397929,
            37.5813935068406
          ],
          [
            -121.873299877135,
            37.583430910765
          ],
          [
            -121.872228410403,
            37.585465614686
          ],
          [
            -121.869999389327,
            37.5863625401073
          ],
          [
            -121.869579522634,
            37.5865635605825
          ],
          [
            -121.866721142205,
            37.5877457082142
          ],
          [
            -121.865333267011,
            37.5883083491863
          ],
          [
            -121.863201006278,
            37.5891931390352
          ],
          [
            -121.861959621144,
            37.5896990739997
          ],
          [
            -121.859200183387,
            37.5908339936014
          ],
          [
            -121.857242619963,
            37.5916386754412
          ],
          [
            -121.85399927931,
            37.5929842110178
          ],
          [
            -121.851818196399,
            37.5938752774978
          ],
          [
            -121.848488472076,
            37.595237740513
          ],
          [
            -121.84603979819,
            37.5962587755242
          ],
          [
            -121.84360524329,
            37.597269524496
          ],
          [
            -121.841168958906,
            37.5982859733918
          ],
          [
            -121.838985741761,
            37.5995833966491
          ],
          [
            -121.836750956508,
            37.6009113773428
          ],
          [
            -121.834623634956,
            37.6023222258605
          ],
          [
            -121.832510838828,
            37.6037399676154
          ],
          [
            -121.83038814081,
            37.6051249073613
          ],
          [
            -121.828156155373,
            37.6064714074389
          ],
          [
            -121.825958263122,
            37.6078130497973
          ],
          [
            -121.823709812372,
            37.6091568543242
          ],
          [
            -121.821405111798,
            37.6106402898602
          ],
          [
            -121.820452319889,
            37.6113145513426
          ],
          [
            -121.817401847141,
            37.6133087239659
          ],
          [
            -121.814763346828,
            37.6150303742756
          ],
          [
            -121.812988273848,
            37.6161878923915
          ],
          [
            -121.81088952644,
            37.6176221990929
          ],
          [
            -121.809229679849,
            37.6186977721257
          ],
          [
            -121.807371560061,
            37.6199159829274
          ],
          [
            -121.806175205461,
            37.6207002952949
          ],
          [
            -121.804234605937,
            37.6219660815878
          ],
          [
            -121.799526446922,
            37.6243439961948
          ],
          [
            -121.796713861511,
            37.6257630282092
          ],
          [
            -121.793199318263,
            37.6272712316093
          ],
          [
            -121.792018523188,
            37.6277898239683
          ],
          [
            -121.790303460901,
            37.6285382285293
          ],
          [
            -121.787950661036,
            37.6295694867034
          ],
          [
            -121.785329464611,
            37.6307034519829
          ],
          [
            -121.782885347278,
            37.6317717505941
          ],
          [
            -121.780116242978,
            37.6329679901872
          ],
          [
            -121.777836525752,
            37.6342765480539
          ],
          [
            -121.77700174686,
            37.6348572689545
          ],
          [
            -121.775409248135,
            37.6359650615235
          ],
          [
            -121.773255024515,
            37.6374987339267
          ],
          [
            -121.771268458798,
            37.6388982212036
          ],
          [
            -121.769218107274,
            37.640352045242
          ],
          [
            -121.76706108892,
            37.6418799185184
          ],
          [
            -121.764862007131,
            37.6430553666505
          ],
          [
            -121.76308147296,
            37.644014707787
          ],
          [
            -121.760710964897,
            37.6452765631022
          ],
          [
            -121.758559294519,
            37.6464289314897
          ],
          [
            -121.756267338007,
            37.647659012309
          ],
          [
            -121.754260492737,
            37.6487303042166
          ],
          [
            -121.752256177699,
            37.6498091588416
          ],
          [
            -121.749726142401,
            37.6511628091567
          ],
          [
            -121.748247149862,
            37.6519572299312
          ],
          [
            -121.746254384107,
            37.6530224558246
          ],
          [
            -121.743976244623,
            37.6542425484746
          ],
          [
            -121.741225385649,
            37.6555343578816
          ],
          [
            -121.739520457239,
            37.6563529448818
          ],
          [
            -121.737988678344,
            37.6570602284881
          ],
          [
            -121.736107717328,
            37.6576618907147
          ],
          [
            -121.733986504349,
            37.6581830458736
          ],
          [
            -121.732658837007,
            37.6583474750039
          ],
          [
            -121.731247092927,
            37.6585223001439
          ],
          [
            -121.730314422678,
            37.6586396808488
          ],
          [
            -121.729703736296,
            37.6587165354877
          ],
          [
            -121.728591811651,
            37.6588564590389
          ],
          [
            -121.726556189577,
            37.6591243721921
          ],
          [
            -121.723677499458,
            37.6594826368849
          ],
          [
            -121.721079918854,
            37.6598157965362
          ],
          [
            -121.71834507247,
            37.6601489635519
          ],
          [
            -121.715615974331,
            37.6605239639767
          ],
          [
            -121.712881425785,
            37.6608722660308
          ],
          [
            -121.710146678486,
            37.6612128765725
          ],
          [
            -121.70740258083,
            37.6615669122869
          ],
          [
            -121.704610316472,
            37.6619215739954
          ],
          [
            -121.70180826863,
            37.6622705822622
          ],
          [
            -121.699030867867,
            37.6626458891525
          ],
          [
            -121.696176973421,
            37.6630470218293
          ],
          [
            -121.693426423735,
            37.6633340429304
          ],
          [
            -121.690631405771,
            37.6636788740038
          ],
          [
            -121.687836706021,
            37.6640388989957
          ],
          [
            -121.685029771444,
            37.6643913984907
          ],
          [
            -121.682388862744,
            37.6647395882674
          ],
          [
            -121.679658651885,
            37.6650794343925
          ],
          [
            -121.677682654039,
            37.6653361329685
          ],
          [
            -121.675044212306,
            37.6656898498476
          ],
          [
            -121.672331334001,
            37.6660540892547
          ],
          [
            -121.669534093264,
            37.6664156282347
          ],
          [
            -121.666079144766,
            37.6668721264802
          ],
          [
            -121.662833663458,
            37.6672928577538
          ],
          [
            -121.659824377362,
            37.6676882808855
          ],
          [
            -121.657877511804,
            37.6679251663475
          ],
          [
            -121.65656236709,
            37.6680783291176
          ],
          [
            -121.655763557747,
            37.6682172289762
          ],
          [
            -121.649206495796,
            37.6695327951807
          ],
          [
            -121.647117609776,
            37.6699222011747
          ],
          [
            -121.643969450531,
            37.6705455614773
          ],
          [
            -121.641288594995,
            37.6710670238162
          ],
          [
            -121.639646111406,
            37.6713910237257
          ],
          [
            -121.637336974331,
            37.671844335007
          ],
          [
            -121.6337782664,
            37.6725321931387
          ],
          [
            -121.631686769302,
            37.672919455853
          ],
          [
            -121.628950910402,
            37.673466193795
          ],
          [
            -121.62764375765,
            37.6737110464326
          ],
          [
            -121.627066653529,
            37.6738620009171
          ],
          [
            -121.624609857489,
            37.6745097885795
          ],
          [
            -121.621525584583,
            37.675320585938
          ],
          [
            -121.619016220718,
            37.6759918683896
          ],
          [
            -121.616681457626,
            37.6766092186974
          ],
          [
            -121.614023516329,
            37.6773186547148
          ],
          [
            -121.61247896721,
            37.6777287278098
          ],
          [
            -121.611523321856,
            37.6779743882379
          ],
          [
            -121.607586172814,
            37.6790081020236
          ],
          [
            -121.603119815007,
            37.680211625222
          ],
          [
            -121.603122068879,
            37.6802097796804
          ],
          [
            -121.600437022646,
            37.6809140755776
          ],
          [
            -121.598194860038,
            37.6815033382915
          ],
          [
            -121.594136007253,
            37.6825710927188
          ],
          [
            -121.592185417784,
            37.6830858007076
          ],
          [
            -121.588273883213,
            37.6841427891382
          ],
          [
            -121.582820833854,
            37.6855521822522
          ],
          [
            -121.580634422651,
            37.6861197224774
          ],
          [
            -121.578454365938,
            37.686710368314
          ]
        ]
      },
      "properties": {
        "OBJECTID_1": 72677,
        "OBJECTID": 73124,
        "ID": "312040",
        "TYPE": "AC",
        "STATUS": "IN SERVICE",
        "NAICS_CODE": "221121",
        "NAICS_DESC": "ELECTRIC POWER TRANSMISSION SYSTEMS",
        "SOURCE": "https://cecgis-caenergy.opendata.arcgis.com/",
        "SOURCEDATE": "2018-04-25T00:00:00.000Z",
        "VAL_METHOD": "IMAGERY/OTHER",
        "VAL_DATE": "2018-04-25T00:00:00.000Z",
        "OWNER": "PG&E",
        "VOLTAGE": 115,
        "VOLT_CLASS": "100-161",
        "INFERRED": "N",
        "SUB_1": "NOT AVAILABLE",
        "SUB_2": "NOT AVAILABLE",
        "SHAPE__Len": 0.47410469,
        "Shape__Length": 55724.360726425424,
        "layer_id": "hifld_transmission_lines",
        "source_name": "HIFLD ArcGIS FeatureServer",
        "source_url": "https://services2.arcgis.com/LYMgRMwHfrWWEg3s/ArcGIS/rest/services/HIFLD_US_Electric_Power_Transmission_Lines/FeatureServer/0/query",
        "retrieved_at": "2026-05-03T02:52:20.212Z",
        "provisional": true
      }
    },
    {
      "type": "Feature",
      "id": 63589,
      "geometry": {
        "type": "LineString",
        "coordinates": [
          [
            -121.780574872884,
            37.6800322446712
          ],
          [
            -121.783111000418,
            37.6544620000156
          ],
          [
            -121.782838999718,
            37.6410989998335
          ],
          [
            -121.777064666051,
            37.6348013944569
          ],
          [
            -121.855943797699,
            37.5880449864924
          ],
          [
            -121.920189244662,
            37.5223718626225
          ],
          [
            -121.974084036341,
            37.5077381766828
          ],
          [
            -121.985681986289,
            37.5007203406663
          ]
        ]
      },
      "properties": {
        "OBJECTID_1": 63589,
        "OBJECTID": 63589,
        "ID": "300811",
        "TYPE": "AC",
        "STATUS": "NOT AVAILABLE",
        "NAICS_CODE": "221121",
        "NAICS_DESC": "ELECTRIC POWER TRANSMISSION SYSTEMS",
        "SOURCE": "California Independent System Operator, PG&E 2012-2013 proposed solutions",
        "SOURCEDATE": "2017-01-01T00:00:00.000Z",
        "VAL_METHOD": "IMAGERY/OTHER",
        "VAL_DATE": "2017-01-01T00:00:00.000Z",
        "OWNER": "PACIFIC GAS & ELECTRIC COMPANY",
        "VOLTAGE": 60,
        "VOLT_CLASS": "Under 100",
        "INFERRED": "N",
        "SUB_1": "LIVERMORE",
        "SUB_2": "NEWARK",
        "SHAPE__Len": 0.30057513,
        "Shape__Length": 37182.054285413906,
        "layer_id": "hifld_transmission_lines",
        "source_name": "HIFLD ArcGIS FeatureServer",
        "source_url": "https://services2.arcgis.com/LYMgRMwHfrWWEg3s/ArcGIS/rest/services/HIFLD_US_Electric_Power_Transmission_Lines/FeatureServer/0/query",
        "retrieved_at": "2026-05-03T02:52:20.212Z",
        "provisional": true
      }
    },
    {
      "type": "Feature",
      "id": 63595,
      "geometry": {
        "type": "LineString",
        "coordinates": [
          [
            -121.73331867789,
            37.7007647409839
          ],
          [
            -121.732528999857,
            37.6576650001169
          ],
          [
            -121.712867999886,
            37.6607450007121
          ],
          [
            -121.719779999996,
            37.6534999997824
          ],
          [
            -121.712830000033,
            37.6538620007664
          ],
          [
            -121.681029999861,
            37.6587490000833
          ],
          [
            -121.579247000315,
            37.6825830000847
          ],
          [
            -121.583829999376,
            37.6396149998152
          ],
          [
            -121.6006269995,
            37.6446860002695
          ],
          [
            -121.608916999898,
            37.6461370006333
          ],
          [
            -121.634330999589,
            37.6427230002965
          ],
          [
            -121.729415999573,
            37.6403349995452
          ],
          [
            -121.747142917187,
            37.6369979120191
          ],
          [
            -121.855309000322,
            37.5746960000448
          ],
          [
            -121.874385347908,
            37.5641397143216
          ],
          [
            -121.903305000133,
            37.5353620002273
          ],
          [
            -121.914055999855,
            37.5262819999534
          ],
          [
            -121.985681986289,
            37.5007203406663
          ]
        ]
      },
      "properties": {
        "OBJECTID_1": 63595,
        "OBJECTID": 63595,
        "ID": "300817",
        "TYPE": "AC",
        "STATUS": "IN SERVICE",
        "NAICS_CODE": "221121",
        "NAICS_DESC": "ELECTRIC POWER TRANSMISSION SYSTEMS",
        "SOURCE": "California Independent System Operator",
        "SOURCEDATE": "2017-01-01T00:00:00.000Z",
        "VAL_METHOD": "IMAGERY/OTHER",
        "VAL_DATE": "2017-01-01T00:00:00.000Z",
        "OWNER": "PACIFIC GAS & ELECTRIC COMPANY",
        "VOLTAGE": 230,
        "VOLT_CLASS": "220-287",
        "INFERRED": "N",
        "SUB_1": "LAS POSITAS",
        "SUB_2": "NEWARK",
        "SHAPE__Len": 0.70220827,
        "Shape__Length": 83400.4378071781,
        "layer_id": "hifld_transmission_lines",
        "source_name": "HIFLD ArcGIS FeatureServer",
        "source_url": "https://services2.arcgis.com/LYMgRMwHfrWWEg3s/ArcGIS/rest/services/HIFLD_US_Electric_Power_Transmission_Lines/FeatureServer/0/query",
        "retrieved_at": "2026-05-03T02:52:20.212Z",
        "provisional": true
      }
    }
  ],
  "metadata": {
    "source_health": {
      "layer_url": "https://services2.arcgis.com/LYMgRMwHfrWWEg3s/ArcGIS/rest/services/HIFLD_US_Electric_Power_Transmission_Lines/FeatureServer/0",
      "layer_name": "HIFLD_US_Electric_Power_Transmission_Lines",
      "geometry_type": "esriGeometryPolyline",
      "supported_query_formats": "JSON, geoJSON, PBF",
      "max_record_count": 2000,
      "aoi_count": 17,
      "sample_count": 3,
      "returned_count": 17,
      "query_format": "geojson"
    },
    "layer_id": "hifld_transmission_lines",
    "description": "HIFLD transmission line features intersecting the AOI.",
    "retrieved_at": "2026-05-03T02:52:20.212Z",
    "source_name": "HIFLD ArcGIS FeatureServer",
    "source_url": "https://services2.arcgis.com/LYMgRMwHfrWWEg3s/ArcGIS/rest/services/HIFLD_US_Electric_Power_Transmission_Lines/FeatureServer/0/query",
    "provisional": true,
    "status": "generated"
  }
}
