{
  "type": "FeatureCollection",
  "features": [
    {
      "type": "Feature",
      "geometry": {
        "type": "LineString",
        "coordinates": [
          [
            -121.344954,
            37.624014
          ],
          [
            -121.348378,
            37.623992
          ],
          [
            -121.351407,
            37.62402
          ],
          [
            -121.354792,
            37.624011
          ],
          [
            -121.358241,
            37.624009
          ],
          [
            -121.361634,
            37.624006
          ],
          [
            -121.364959,
            37.623984
          ],
          [
            -121.368146,
            37.623945
          ],
          [
            -121.371703,
            37.623939
          ],
          [
            -121.375673,
            37.623921
          ],
          [
            -121.380286,
            37.623881
          ],
          [
            -121.383376,
            37.62379
          ],
          [
            -121.38632,
            37.623725
          ],
          [
            -121.391624,
            37.623551
          ],
          [
            -121.395379,
            37.623536
          ],
          [
            -121.400912,
            37.623536
          ],
          [
            -121.405697,
            37.623536
          ],
          [
            -121.412894,
            37.623518
          ],
          [
            -121.417324,
            37.623518
          ],
          [
            -121.419628,
            37.623518
          ],
          [
            -121.425834,
            37.623494
          ],
          [
            -121.429304,
            37.623503
          ],
          [
            -121.434849,
            37.623489
          ],
          [
            -121.438819,
            37.623485
          ],
          [
            -121.442962,
            37.623482
          ],
          [
            -121.445562,
            37.623468
          ],
          [
            -121.451076,
            37.62346
          ],
          [
            -121.454828,
            37.623456
          ],
          [
            -121.457262,
            37.62346
          ],
          [
            -121.462712,
            37.623451
          ],
          [
            -121.466059,
            37.623451
          ],
          [
            -121.469258,
            37.623439
          ],
          [
            -121.471742,
            37.623439
          ],
          [
            -121.475613,
            37.623434
          ],
          [
            -121.47878,
            37.623626
          ],
          [
            -121.484595,
            37.623975
          ],
          [
            -121.491054,
            37.62437
          ],
          [
            -121.493302,
            37.624502
          ],
          [
            -121.500005,
            37.624904
          ],
          [
            -121.503095,
            37.625083
          ],
          [
            -121.508934,
            37.625449
          ],
          [
            -121.510906,
            37.625563
          ],
          [
            -121.515852,
            37.62586
          ],
          [
            -121.518595,
            37.626027
          ],
          [
            -121.522048,
            37.626238
          ],
          [
            -121.526173,
            37.627462
          ],
          [
            -121.529483,
            37.628444
          ],
          [
            -121.532562,
            37.629361
          ],
          [
            -121.535319,
            37.630173
          ],
          [
            -121.536801,
            37.63062
          ],
          [
            -121.538291,
            37.631069
          ],
          [
            -121.541461,
            37.632004
          ],
          [
            -121.544229,
            37.632824
          ],
          [
            -121.547287,
            37.633733
          ],
          [
            -121.550608,
            37.634731
          ],
          [
            -121.553403,
            37.635122
          ],
          [
            -121.55652,
            37.635571
          ],
          [
            -121.559728,
            37.63603
          ],
          [
            -121.562957,
            37.636497
          ],
          [
            -121.56638,
            37.636973
          ],
          [
            -121.569706,
            37.637457
          ],
          [
            -121.572763,
            37.63789
          ],
          [
            -121.576969,
            37.638485
          ],
          [
            -121.581333,
            37.639131
          ],
          [
            -121.583818,
            37.639628
          ],
          [
            -121.586242,
            37.640099
          ],
          [
            -121.590623,
            37.641022
          ],
          [
            -121.593797,
            37.641638
          ],
          [
            -121.597258,
            37.643195
          ],
          [
            -121.600551,
            37.644643
          ],
          [
            -121.603096,
            37.645784
          ],
          [
            -121.605548,
            37.646025
          ],
          [
            -121.610726,
            37.64653
          ],
          [
            -121.613583,
            37.646048
          ],
          [
            -121.618261,
            37.645295
          ],
          [
            -121.623345,
            37.644472
          ],
          [
            -121.627174,
            37.643839
          ],
          [
            -121.630149,
            37.64373
          ],
          [
            -121.635498,
            37.643466
          ],
          [
            -121.639454,
            37.643284
          ],
          [
            -121.643433,
            37.64312
          ],
          [
            -121.648081,
            37.643115
          ],
          [
            -121.653979,
            37.643124
          ],
          [
            -121.660035,
            37.643135
          ],
          [
            -121.66304,
            37.643153
          ],
          [
            -121.666404,
            37.643139
          ],
          [
            -121.671353,
            37.643175
          ],
          [
            -121.673323,
            37.64318
          ],
          [
            -121.677102,
            37.643153
          ],
          [
            -121.682449,
            37.643167
          ],
          [
            -121.684519,
            37.643173
          ],
          [
            -121.68797,
            37.64318
          ],
          [
            -121.692738,
            37.643186
          ],
          [
            -121.695389,
            37.643192
          ],
          [
            -121.698672,
            37.643197
          ],
          [
            -121.701433,
            37.6432
          ],
          [
            -121.70402,
            37.643207
          ],
          [
            -121.707648,
            37.643211
          ],
          [
            -121.711275,
            37.643214
          ],
          [
            -121.713812,
            37.643239
          ],
          [
            -121.716983,
            37.643243
          ],
          [
            -121.721007,
            37.643226
          ],
          [
            -121.72415,
            37.643492
          ],
          [
            -121.727516,
            37.643763
          ],
          [
            -121.73028,
            37.643958
          ],
          [
            -121.732765,
            37.644173
          ],
          [
            -121.735176,
            37.643888
          ],
          [
            -121.738509,
            37.643554
          ],
          [
            -121.742373,
            37.6419
          ],
          [
            -121.747753,
            37.63966
          ],
          [
            -121.754175,
            37.636969
          ],
          [
            -121.754491,
            37.636836
          ],
          [
            -121.758893,
            37.634962
          ],
          [
            -121.761932,
            37.633691
          ],
          [
            -121.764771,
            37.632459
          ],
          [
            -121.768904,
            37.630756
          ],
          [
            -121.771683,
            37.629125
          ],
          [
            -121.774406,
            37.627602
          ],
          [
            -121.776723,
            37.626276
          ],
          [
            -121.779265,
            37.624828
          ],
          [
            -121.781281,
            37.623655
          ],
          [
            -121.785817,
            37.621051
          ],
          [
            -121.788344,
            37.619605
          ],
          [
            -121.789982,
            37.618709
          ],
          [
            -121.793164,
            37.616834
          ],
          [
            -121.797232,
            37.614549
          ],
          [
            -121.799909,
            37.613024
          ],
          [
            -121.802161,
            37.611714
          ],
          [
            -121.806392,
            37.609246
          ],
          [
            -121.809027,
            37.607734
          ],
          [
            -121.81389,
            37.604933
          ],
          [
            -121.817438,
            37.602907
          ],
          [
            -121.819537,
            37.601697
          ],
          [
            -121.822047,
            37.600266
          ],
          [
            -121.825177,
            37.598483
          ],
          [
            -121.827389,
            37.5976
          ],
          [
            -121.83049,
            37.59642
          ],
          [
            -121.833656,
            37.595185
          ],
          [
            -121.837604,
            37.593671
          ],
          [
            -121.840798,
            37.592437
          ],
          [
            -121.843779,
            37.591326
          ],
          [
            -121.849056,
            37.589247
          ],
          [
            -121.852999,
            37.587741
          ],
          [
            -121.855108,
            37.586892
          ],
          [
            -121.857665,
            37.584007
          ],
          [
            -121.859261,
            37.582257
          ],
          [
            -121.860814,
            37.580516
          ],
          [
            -121.862348,
            37.57877
          ],
          [
            -121.864455,
            37.576413
          ],
          [
            -121.866142,
            37.574509
          ],
          [
            -121.867711,
            37.572773
          ],
          [
            -121.86927,
            37.570994
          ],
          [
            -121.871289,
            37.568728
          ],
          [
            -121.873163,
            37.566629
          ],
          [
            -121.875202,
            37.564319
          ],
          [
            -121.877228,
            37.562012
          ],
          [
            -121.878799,
            37.56027
          ],
          [
            -121.879803,
            37.559141
          ],
          [
            -121.881837,
            37.556855
          ],
          [
            -121.88527,
            37.552963
          ],
          [
            -121.88727,
            37.550724
          ],
          [
            -121.889296,
            37.548383
          ],
          [
            -121.891424,
            37.546076
          ],
          [
            -121.892549,
            37.544837
          ],
          [
            -121.894017,
            37.543116
          ],
          [
            -121.895364,
            37.541639
          ],
          [
            -121.899467,
            37.537038
          ],
          [
            -121.90151,
            37.534819
          ],
          [
            -121.904505,
            37.532505
          ],
          [
            -121.908874,
            37.529143
          ],
          [
            -121.912959,
            37.526025
          ],
          [
            -121.915019,
            37.524405
          ],
          [
            -121.91581,
            37.524134
          ],
          [
            -121.918046,
            37.523367
          ],
          [
            -121.923725,
            37.521373
          ],
          [
            -121.927601,
            37.519996
          ],
          [
            -121.930932,
            37.518822
          ],
          [
            -121.9314,
            37.518657
          ],
          [
            -121.93668,
            37.516806
          ],
          [
            -121.940933,
            37.515338
          ],
          [
            -121.942678,
            37.514723
          ],
          [
            -121.945365,
            37.51378
          ],
          [
            -121.948047,
            37.51285
          ],
          [
            -121.950785,
            37.511875
          ],
          [
            -121.95362,
            37.511353
          ],
          [
            -121.956311,
            37.510866
          ],
          [
            -121.959083,
            37.51036
          ],
          [
            -121.962276,
            37.509776
          ],
          [
            -121.96455,
            37.50935
          ],
          [
            -121.967235,
            37.50886
          ],
          [
            -121.969928,
            37.508374
          ],
          [
            -121.972618,
            37.507885
          ],
          [
            -121.975405,
            37.507369
          ],
          [
            -121.977891,
            37.506159
          ],
          [
            -121.980308,
            37.504976
          ],
          [
            -121.982666,
            37.503829
          ],
          [
            -121.984925,
            37.502722
          ],
          [
            -121.987076,
            37.502894
          ],
          [
            -121.987789,
            37.501715
          ]
        ]
      },
      "properties": {
        "osm_type": "way",
        "osm_id": 6322301,
        "osm_cables": "6",
        "osm_circuits": "2",
        "osm_frequency": "60",
        "osm_name": "Moccasin-Newark",
        "osm_operator": "Hetch Hetchy Water & Power",
        "osm_power": "line",
        "osm_ref": "Moccasin-Newark",
        "osm_source": "usgs_imagery;Yahoo",
        "osm_tiger:cfcc": "C20",
        "osm_tiger:county": "Alameda, CA",
        "osm_voltage": "115000",
        "osm_wires": "single",
        "layer_id": "osm_power_lines",
        "source_name": "OpenStreetMap via Overpass API",
        "source_url": "https://overpass.private.coffee/api/interpreter",
        "retrieved_at": "2026-05-03T04:15:44.993Z",
        "provisional": true
      }
    },
    {
      "type": "Feature",
      "geometry": {
        "type": "LineString",
        "coordinates": [
          [
            -121.874847,
            37.565934
          ],
          [
            -121.87501,
            37.56573
          ],
          [
            -121.875404,
            37.565955
          ],
          [
            -121.877416,
            37.566808
          ]
        ]
      },
      "properties": {
        "osm_type": "way",
        "osm_id": 6324093,
        "osm_cables": "3",
        "osm_fixme": "name/operator",
        "osm_frequency": "60",
        "osm_name": "Castro Valley-Newark",
        "osm_operator": "Pacific Gas and Electric Company",
        "osm_operator:short": "PG&E",
        "osm_operator:website": "https://www.pge.com",
        "osm_operator:wikidata": "Q1815011",
        "osm_operator:wikipedia": "en:Pacific Gas and Electric Company",
        "osm_owner": "Pacific Gas & Electric",
        "osm_power": "line",
        "osm_ref": "Castro Valley-Newark",
        "osm_source": "Yahoo",
        "osm_voltage": "230000",
        "osm_wires": "single",
        "layer_id": "osm_power_lines",
        "source_name": "OpenStreetMap via Overpass API",
        "source_url": "https://overpass.private.coffee/api/interpreter",
        "retrieved_at": "2026-05-03T04:15:44.993Z",
        "provisional": true
      }
    },
    {
      "type": "Feature",
      "geometry": {
        "type": "LineString",
        "coordinates": [
          [
            -121.564361,
            37.716382
          ],
          [
            -121.565736,
            37.716381
          ],
          [
            -121.568023,
            37.716384
          ],
          [
            -121.569975,
            37.715654
          ],
          [
            -121.572502,
            37.714683
          ],
          [
            -121.574963,
            37.713718
          ],
          [
            -121.579167,
            37.712069
          ],
          [
            -121.582481,
            37.71079
          ],
          [
            -121.585246,
            37.709725
          ],
          [
            -121.587734,
            37.708718
          ],
          [
            -121.590902,
            37.707492
          ],
          [
            -121.594922,
            37.705942
          ],
          [
            -121.5965,
            37.705329
          ],
          [
            -121.598845,
            37.704419
          ],
          [
            -121.603369,
            37.70267
          ],
          [
            -121.606158,
            37.701583
          ],
          [
            -121.60835,
            37.700728
          ],
          [
            -121.610805,
            37.699784
          ],
          [
            -121.613643,
            37.698691
          ],
          [
            -121.616057,
            37.697746
          ],
          [
            -121.61769,
            37.697118
          ],
          [
            -121.622364,
            37.695311
          ],
          [
            -121.625512,
            37.694061
          ],
          [
            -121.628345,
            37.692967
          ],
          [
            -121.631139,
            37.691892
          ],
          [
            -121.634308,
            37.690647
          ],
          [
            -121.637703,
            37.689681
          ],
          [
            -121.642166,
            37.688398
          ],
          [
            -121.645906,
            37.687325
          ],
          [
            -121.650031,
            37.686136
          ],
          [
            -121.654815,
            37.684782
          ],
          [
            -121.659326,
            37.683482
          ],
          [
            -121.663576,
            37.682266
          ],
          [
            -121.6651,
            37.68184
          ],
          [
            -121.668964,
            37.680688
          ],
          [
            -121.671867,
            37.679858
          ],
          [
            -121.674648,
            37.679057
          ],
          [
            -121.677419,
            37.678267
          ],
          [
            -121.680497,
            37.677388
          ],
          [
            -121.683573,
            37.676502
          ],
          [
            -121.686658,
            37.675609
          ],
          [
            -121.689731,
            37.674725
          ],
          [
            -121.692826,
            37.673839
          ],
          [
            -121.695929,
            37.672946
          ],
          [
            -121.698166,
            37.672303
          ],
          [
            -121.702091,
            37.671174
          ],
          [
            -121.705185,
            37.670262
          ],
          [
            -121.708649,
            37.669273
          ],
          [
            -121.711571,
            37.668419
          ],
          [
            -121.713793,
            37.66725
          ],
          [
            -121.7163,
            37.665912
          ],
          [
            -121.718879,
            37.66453
          ],
          [
            -121.721131,
            37.663325
          ],
          [
            -121.723607,
            37.661996
          ],
          [
            -121.726421,
            37.660491
          ],
          [
            -121.728273,
            37.659494
          ],
          [
            -121.730638,
            37.658169
          ],
          [
            -121.73306,
            37.6567
          ],
          [
            -121.735483,
            37.655395
          ],
          [
            -121.739015,
            37.653494
          ],
          [
            -121.742645,
            37.65155
          ],
          [
            -121.74613,
            37.649681
          ],
          [
            -121.749837,
            37.647706
          ],
          [
            -121.752558,
            37.646243
          ],
          [
            -121.756336,
            37.64419
          ],
          [
            -121.759726,
            37.642389
          ],
          [
            -121.762301,
            37.640996
          ],
          [
            -121.765528,
            37.639249
          ],
          [
            -121.768815,
            37.637482
          ],
          [
            -121.772575,
            37.635456
          ],
          [
            -121.776248,
            37.633485
          ],
          [
            -121.779201,
            37.631915
          ],
          [
            -121.782342,
            37.630243
          ],
          [
            -121.785209,
            37.628693
          ],
          [
            -121.788419,
            37.626919
          ],
          [
            -121.789749,
            37.626225
          ],
          [
            -121.793543,
            37.624227
          ],
          [
            -121.796908,
            37.622385
          ],
          [
            -121.798487,
            37.62144
          ],
          [
            -121.80216,
            37.619223
          ],
          [
            -121.804753,
            37.617673
          ],
          [
            -121.807894,
            37.615763
          ],
          [
            -121.810967,
            37.613948
          ],
          [
            -121.813301,
            37.612547
          ],
          [
            -121.816117,
            37.610888
          ],
          [
            -121.81888,
            37.609208
          ],
          [
            -121.821773,
            37.607461
          ],
          [
            -121.824373,
            37.605877
          ],
          [
            -121.827026,
            37.604306
          ],
          [
            -121.829428,
            37.602911
          ],
          [
            -121.832487,
            37.600997
          ],
          [
            -121.835851,
            37.598998
          ],
          [
            -121.838707,
            37.597283
          ],
          [
            -121.841511,
            37.595571
          ],
          [
            -121.844535,
            37.593745
          ],
          [
            -121.846947,
            37.592228
          ],
          [
            -121.850766,
            37.589991
          ],
          [
            -121.853479,
            37.588358
          ],
          [
            -121.85535,
            37.587182
          ],
          [
            -121.857633,
            37.584692
          ],
          [
            -121.85977,
            37.582387
          ],
          [
            -121.861778,
            37.580142
          ],
          [
            -121.864096,
            37.57755
          ],
          [
            -121.866216,
            37.575101
          ],
          [
            -121.868465,
            37.572584
          ],
          [
            -121.871194,
            37.569496
          ],
          [
            -121.8743,
            37.566059
          ],
          [
            -121.874989,
            37.565299
          ],
          [
            -121.877743,
            37.562155
          ],
          [
            -121.880326,
            37.559216
          ],
          [
            -121.882326,
            37.556991
          ],
          [
            -121.885382,
            37.553527
          ],
          [
            -121.887317,
            37.551436
          ],
          [
            -121.889919,
            37.548525
          ],
          [
            -121.89224,
            37.545913
          ],
          [
            -121.894686,
            37.543123
          ],
          [
            -121.896128,
            37.541503
          ],
          [
            -121.899836,
            37.537317
          ],
          [
            -121.90175,
            37.535173
          ],
          [
            -121.905543,
            37.532274
          ],
          [
            -121.908166,
            37.530233
          ],
          [
            -121.909286,
            37.529361
          ],
          [
            -121.912348,
            37.527034
          ],
          [
            -121.915448,
            37.524623
          ],
          [
            -121.918822,
            37.52367
          ],
          [
            -121.922692,
            37.522554
          ],
          [
            -121.925156,
            37.521846
          ],
          [
            -121.929842,
            37.520525
          ],
          [
            -121.93204,
            37.519851
          ],
          [
            -121.935713,
            37.51883
          ],
          [
            -121.93755,
            37.518292
          ],
          [
            -121.942133,
            37.517051
          ],
          [
            -121.944342,
            37.516437
          ],
          [
            -121.947,
            37.515746
          ],
          [
            -121.949609,
            37.515024
          ],
          [
            -121.951839,
            37.514369
          ],
          [
            -121.954805,
            37.513496
          ],
          [
            -121.957449,
            37.512799
          ],
          [
            -121.960047,
            37.512051
          ],
          [
            -121.965245,
            37.51059
          ],
          [
            -121.967845,
            37.509846
          ],
          [
            -121.970656,
            37.509021
          ],
          [
            -121.973314,
            37.508285
          ],
          [
            -121.975489,
            37.507588
          ],
          [
            -121.97769,
            37.506724
          ],
          [
            -121.982867,
            37.504219
          ],
          [
            -121.983749,
            37.503459
          ],
          [
            -121.985064,
            37.501989
          ]
        ]
      },
      "properties": {
        "osm_type": "way",
        "osm_id": 24297093,
        "osm_cables": "6",
        "osm_circuits": "2",
        "osm_frequency": "60",
        "osm_name": "Tesla-Ravenswood/Tesla-Newark #1",
        "osm_operator": "Pacific Gas and Electric Company",
        "osm_operator:short": "PG&E",
        "osm_operator:website": "https://www.pge.com",
        "osm_operator:wikidata": "Q1815011",
        "osm_operator:wikipedia": "en:Pacific Gas and Electric Company",
        "osm_power": "line",
        "osm_ref": "Tesla-Ravenswood/Tesla-Newark",
        "osm_source": "Yahoo",
        "osm_tiger:cfcc": "C20",
        "osm_tiger:county": "Alameda, CA",
        "osm_tiger:reviewed": "yes",
        "osm_voltage": "230000",
        "osm_wires": "double",
        "layer_id": "osm_power_lines",
        "source_name": "OpenStreetMap via Overpass API",
        "source_url": "https://overpass.private.coffee/api/interpreter",
        "retrieved_at": "2026-05-03T04:15:44.993Z",
        "provisional": true
      }
    },
    {
      "type": "Feature",
      "geometry": {
        "type": "LineString",
        "coordinates": [
          [
            -121.993935,
            37.502193
          ],
          [
            -121.993026,
            37.503342
          ],
          [
            -121.991735,
            37.504974
          ],
          [
            -121.99027,
            37.506828
          ],
          [
            -121.98869,
            37.508824
          ],
          [
            -121.987325,
            37.510551
          ],
          [
            -121.985852,
            37.512413
          ],
          [
            -121.984377,
            37.514278
          ],
          [
            -121.982899,
            37.51613
          ],
          [
            -121.981381,
            37.518065
          ],
          [
            -121.979974,
            37.51984
          ],
          [
            -121.978401,
            37.521829
          ],
          [
            -121.977162,
            37.523396
          ],
          [
            -121.975559,
            37.525427
          ],
          [
            -121.974064,
            37.527317
          ],
          [
            -121.972602,
            37.529167
          ],
          [
            -121.970648,
            37.53069
          ],
          [
            -121.969149,
            37.532537
          ],
          [
            -121.967647,
            37.534381
          ],
          [
            -121.966141,
            37.53622
          ],
          [
            -121.964635,
            37.538061
          ],
          [
            -121.963127,
            37.539905
          ],
          [
            -121.962271,
            37.540963
          ],
          [
            -121.961624,
            37.541718
          ],
          [
            -121.959294,
            37.542735
          ],
          [
            -121.956559,
            37.543956
          ],
          [
            -121.956272,
            37.544044
          ],
          [
            -121.953964,
            37.544747
          ],
          [
            -121.951668,
            37.54544
          ],
          [
            -121.949415,
            37.546119
          ],
          [
            -121.946904,
            37.546881
          ],
          [
            -121.944325,
            37.547657
          ],
          [
            -121.941765,
            37.548448
          ],
          [
            -121.939165,
            37.549104
          ],
          [
            -121.93703,
            37.550105
          ],
          [
            -121.935005,
            37.551088
          ],
          [
            -121.933068,
            37.552
          ],
          [
            -121.931329,
            37.552829
          ],
          [
            -121.926936,
            37.554893
          ],
          [
            -121.924135,
            37.555947
          ],
          [
            -121.920401,
            37.5573
          ],
          [
            -121.91741,
            37.558391
          ],
          [
            -121.91488,
            37.559318
          ],
          [
            -121.912557,
            37.560158
          ],
          [
            -121.911375,
            37.560553
          ],
          [
            -121.908583,
            37.561474
          ],
          [
            -121.903624,
            37.562175
          ],
          [
            -121.900741,
            37.56458
          ],
          [
            -121.896559,
            37.566852
          ],
          [
            -121.894278,
            37.56808
          ],
          [
            -121.892525,
            37.569034
          ],
          [
            -121.890923,
            37.569923
          ],
          [
            -121.887875,
            37.571574
          ],
          [
            -121.885591,
            37.572807
          ],
          [
            -121.883299,
            37.574047
          ],
          [
            -121.880935,
            37.575329
          ],
          [
            -121.879057,
            37.576347
          ],
          [
            -121.875913,
            37.578786
          ],
          [
            -121.875036,
            37.579858
          ],
          [
            -121.87422,
            37.581378
          ],
          [
            -121.873166,
            37.583407
          ],
          [
            -121.872133,
            37.585384
          ],
          [
            -121.869964,
            37.586279
          ],
          [
            -121.866529,
            37.5877
          ],
          [
            -121.865291,
            37.588207
          ],
          [
            -121.863152,
            37.589094
          ],
          [
            -121.86189,
            37.589608
          ],
          [
            -121.859173,
            37.590731
          ],
          [
            -121.857071,
            37.591593
          ],
          [
            -121.853971,
            37.592874
          ],
          [
            -121.851659,
            37.593823
          ],
          [
            -121.848467,
            37.59514
          ],
          [
            -121.84601,
            37.59615
          ],
          [
            -121.843555,
            37.597161
          ],
          [
            -121.841099,
            37.598173
          ],
          [
            -121.838689,
            37.599447
          ],
          [
            -121.836611,
            37.600814
          ],
          [
            -121.834511,
            37.602242
          ],
          [
            -121.832374,
            37.603649
          ],
          [
            -121.830268,
            37.605045
          ],
          [
            -121.828041,
            37.606388
          ],
          [
            -121.825871,
            37.607721
          ],
          [
            -121.823388,
            37.609229
          ],
          [
            -121.821024,
            37.610796
          ],
          [
            -121.817299,
            37.61323
          ],
          [
            -121.814697,
            37.614952
          ],
          [
            -121.812946,
            37.616103
          ],
          [
            -121.81077,
            37.617524
          ],
          [
            -121.809722,
            37.61822
          ],
          [
            -121.809136,
            37.618608
          ],
          [
            -121.808323,
            37.619079
          ],
          [
            -121.807453,
            37.619717
          ]
        ]
      },
      "properties": {
        "osm_type": "way",
        "osm_id": 66418180,
        "osm_cables": "6",
        "osm_circuits": "2",
        "osm_operator": "Pacific Gas and Electric Company",
        "osm_operator:short": "PG&E",
        "osm_operator:website": "https://www.pge.com",
        "osm_operator:wikidata": "Q1815011",
        "osm_operator:wikipedia": "en:Pacific Gas and Electric Company",
        "osm_owner": "Pacific Gas & Electric",
        "osm_power": "line",
        "osm_voltage": "60000",
        "osm_wires": "single",
        "layer_id": "osm_power_lines",
        "source_name": "OpenStreetMap via Overpass API",
        "source_url": "https://overpass.private.coffee/api/interpreter",
        "retrieved_at": "2026-05-03T04:15:44.993Z",
        "provisional": true
      }
    },
    {
      "type": "Feature",
      "geometry": {
        "type": "LineString",
        "coordinates": [
          [
            -122.016094,
            37.593609
          ],
          [
            -122.014131,
            37.59211
          ],
          [
            -122.01209,
            37.590641
          ],
          [
            -122.010051,
            37.589215
          ],
          [
            -122.008487,
            37.588325
          ],
          [
            -122.006996,
            37.589371
          ],
          [
            -122.005784,
            37.590227
          ],
          [
            -122.004555,
            37.591092
          ],
          [
            -122.002863,
            37.591251
          ],
          [
            -122.000961,
            37.592567
          ],
          [
            -121.99959,
            37.592474
          ],
          [
            -121.996492,
            37.59228
          ],
          [
            -121.992971,
            37.592057
          ],
          [
            -121.988988,
            37.591985
          ],
          [
            -121.987681,
            37.59194
          ],
          [
            -121.984117,
            37.5918
          ],
          [
            -121.981547,
            37.591925
          ],
          [
            -121.978028,
            37.592206
          ],
          [
            -121.975657,
            37.592367
          ],
          [
            -121.973348,
            37.591541
          ],
          [
            -121.970142,
            37.590391
          ],
          [
            -121.967737,
            37.589517
          ],
          [
            -121.964507,
            37.588824
          ],
          [
            -121.956866,
            37.587198
          ],
          [
            -121.951211,
            37.584624
          ],
          [
            -121.949066,
            37.583638
          ],
          [
            -121.945029,
            37.581098
          ],
          [
            -121.942596,
            37.579546
          ],
          [
            -121.9414,
            37.578779
          ],
          [
            -121.938538,
            37.576526
          ],
          [
            -121.935612,
            37.5742
          ],
          [
            -121.933431,
            37.572468
          ],
          [
            -121.931564,
            37.570977
          ],
          [
            -121.929566,
            37.569404
          ],
          [
            -121.927458,
            37.567729
          ],
          [
            -121.925163,
            37.565943
          ],
          [
            -121.91847,
            37.56097
          ],
          [
            -121.915315,
            37.558935
          ],
          [
            -121.910445,
            37.555725
          ],
          [
            -121.907999,
            37.553484
          ],
          [
            -121.905939,
            37.551612
          ],
          [
            -121.904072,
            37.549911
          ],
          [
            -121.902656,
            37.547734
          ],
          [
            -121.901218,
            37.545598
          ],
          [
            -121.899995,
            37.543744
          ],
          [
            -121.898871,
            37.541925
          ],
          [
            -121.897131,
            37.541085
          ]
        ]
      },
      "properties": {
        "osm_type": "way",
        "osm_id": 66419113,
        "osm_cables": "6",
        "osm_circuits": "2",
        "osm_name": "Newark-Decoto",
        "osm_operator": "Pacific Gas and Electric Company",
        "osm_operator:short": "PG&E",
        "osm_operator:website": "https://www.pge.com",
        "osm_operator:wikidata": "Q1815011",
        "osm_operator:wikipedia": "en:Pacific Gas and Electric Company",
        "osm_power": "line",
        "osm_voltage": "115000",
        "layer_id": "osm_power_lines",
        "source_name": "OpenStreetMap via Overpass API",
        "source_url": "https://overpass.private.coffee/api/interpreter",
        "retrieved_at": "2026-05-03T04:15:44.993Z",
        "provisional": true
      }
    },
    {
      "type": "Feature",
      "geometry": {
        "type": "LineString",
        "coordinates": [
          [
            -121.874094,
            37.564694
          ],
          [
            -121.871343,
            37.558589
          ]
        ]
      },
      "properties": {
        "osm_type": "way",
        "osm_id": 150396905,
        "osm_cables": "3",
        "osm_frequency": "60",
        "osm_operator": "Pacific Gas & Electric Co.",
        "osm_power": "line",
        "osm_ref": "Los Esteros-Metcalf",
        "osm_voltage": "230000",
        "osm_wires": "single",
        "layer_id": "osm_power_lines",
        "source_name": "OpenStreetMap via Overpass API",
        "source_url": "https://overpass.private.coffee/api/interpreter",
        "retrieved_at": "2026-05-03T04:15:44.993Z",
        "provisional": true
      }
    },
    {
      "type": "Feature",
      "geometry": {
        "type": "LineString",
        "coordinates": [
          [
            -121.897131,
            37.541085
          ],
          [
            -121.899909,
            37.538008
          ],
          [
            -121.900242,
            37.537644
          ],
          [
            -121.902164,
            37.535418
          ],
          [
            -121.905254,
            37.53307
          ],
          [
            -121.906422,
            37.532151
          ],
          [
            -121.909709,
            37.529639
          ],
          [
            -121.911426,
            37.528309
          ],
          [
            -121.912361,
            37.527584
          ],
          [
            -121.914061,
            37.52627
          ],
          [
            -121.915717,
            37.525011
          ],
          [
            -121.918093,
            37.524334
          ],
          [
            -121.920506,
            37.523647
          ],
          [
            -121.922918,
            37.522948
          ],
          [
            -121.923057,
            37.522908
          ],
          [
            -121.92515,
            37.522308
          ],
          [
            -121.927639,
            37.521614
          ],
          [
            -121.930145,
            37.520899
          ],
          [
            -121.932463,
            37.520218
          ],
          [
            -121.93569,
            37.519306
          ],
          [
            -121.937535,
            37.518755
          ],
          [
            -121.942038,
            37.517507
          ],
          [
            -121.944625,
            37.516767
          ],
          [
            -121.947166,
            37.516045
          ],
          [
            -121.949741,
            37.515296
          ],
          [
            -121.952314,
            37.514561
          ],
          [
            -121.954971,
            37.513802
          ],
          [
            -121.957576,
            37.513084
          ],
          [
            -121.960175,
            37.512342
          ],
          [
            -121.965366,
            37.51086
          ],
          [
            -121.967969,
            37.510116
          ],
          [
            -121.970906,
            37.50928
          ],
          [
            -121.973479,
            37.508587
          ],
          [
            -121.975738,
            37.507932
          ],
          [
            -121.977875,
            37.506879
          ],
          [
            -121.98288,
            37.504477
          ],
          [
            -121.984377,
            37.503576
          ],
          [
            -121.985485,
            37.502923
          ],
          [
            -121.987398,
            37.50329
          ],
          [
            -121.988326,
            37.501624
          ]
        ]
      },
      "properties": {
        "osm_type": "way",
        "osm_id": 150396906,
        "osm_cables": "6",
        "osm_circuits": "2",
        "osm_frequency": "60",
        "osm_name": "Newark-Decoto",
        "osm_operator": "Pacific Gas and Electric Company",
        "osm_operator:short": "PG&E",
        "osm_operator:website": "https://www.pge.com",
        "osm_operator:wikidata": "Q1815011",
        "osm_operator:wikipedia": "en:Pacific Gas and Electric Company",
        "osm_power": "line",
        "osm_source": "Yahoo",
        "osm_voltage": "115000",
        "layer_id": "osm_power_lines",
        "source_name": "OpenStreetMap via Overpass API",
        "source_url": "https://overpass.private.coffee/api/interpreter",
        "retrieved_at": "2026-05-03T04:15:44.993Z",
        "provisional": true
      }
    },
    {
      "type": "Feature",
      "geometry": {
        "type": "LineString",
        "coordinates": [
          [
            -121.872064,
            37.569285
          ],
          [
            -121.874946,
            37.566027
          ],
          [
            -121.876633,
            37.564123
          ]
        ]
      },
      "properties": {
        "osm_type": "way",
        "osm_id": 150396914,
        "osm_cables": "6",
        "osm_circuits": "2",
        "osm_frequency": "60",
        "osm_name": "Tesla-Newark #2",
        "osm_operator": "Pacific Gas and Electric Company",
        "osm_operator:short": "PG&E",
        "osm_operator:website": "https://www.pge.com",
        "osm_operator:wikidata": "Q1815011",
        "osm_operator:wikipedia": "en:Pacific Gas and Electric Company",
        "osm_power": "line",
        "osm_ref": "Tesla-Newark 2",
        "osm_source": "Yahoo",
        "osm_voltage": "230000",
        "layer_id": "osm_power_lines",
        "source_name": "OpenStreetMap via Overpass API",
        "source_url": "https://overpass.private.coffee/api/interpreter",
        "retrieved_at": "2026-05-03T04:15:44.993Z",
        "provisional": true
      }
    },
    {
      "type": "Feature",
      "geometry": {
        "type": "LineString",
        "coordinates": [
          [
            -121.876739,
            37.563652
          ],
          [
            -121.876385,
            37.563897
          ],
          [
            -121.874499,
            37.566115
          ]
        ]
      },
      "properties": {
        "osm_type": "way",
        "osm_id": 150396916,
        "osm_cables": "3",
        "osm_owner": "Pacific Gas & Electric",
        "osm_power": "line",
        "osm_voltage": "60000",
        "osm_wires": "single",
        "layer_id": "osm_power_lines",
        "source_name": "OpenStreetMap via Overpass API",
        "source_url": "https://overpass.private.coffee/api/interpreter",
        "retrieved_at": "2026-05-03T04:15:44.993Z",
        "provisional": true
      }
    },
    {
      "type": "Feature",
      "geometry": {
        "type": "LineString",
        "coordinates": [
          [
            -121.876633,
            37.564123
          ],
          [
            -121.876573,
            37.564287
          ],
          [
            -121.875925,
            37.563904
          ],
          [
            -121.875179,
            37.563494
          ],
          [
            -121.876258,
            37.562155
          ]
        ]
      },
      "properties": {
        "osm_type": "way",
        "osm_id": 150396917,
        "osm_cables": "3",
        "osm_power": "line",
        "osm_ref": "Tesla-Newark 2",
        "osm_voltage": "230000",
        "osm_wires": "double",
        "layer_id": "osm_power_lines",
        "source_name": "OpenStreetMap via Overpass API",
        "source_url": "https://overpass.private.coffee/api/interpreter",
        "retrieved_at": "2026-05-03T04:15:44.993Z",
        "provisional": true
      }
    },
    {
      "type": "Feature",
      "geometry": {
        "type": "LineString",
        "coordinates": [
          [
            -121.874499,
            37.566115
          ],
          [
            -121.871846,
            37.569149
          ],
          [
            -121.86825,
            37.573197
          ],
          [
            -121.86595,
            37.575782
          ],
          [
            -121.864233,
            37.577666
          ],
          [
            -121.861993,
            37.580183
          ],
          [
            -121.860414,
            37.581999
          ],
          [
            -121.858783,
            37.583781
          ],
          [
            -121.857126,
            37.585563
          ],
          [
            -121.855487,
            37.587413
          ],
          [
            -121.854165,
            37.588216
          ],
          [
            -121.851041,
            37.590086
          ],
          [
            -121.847222,
            37.592385
          ],
          [
            -121.845763,
            37.593262
          ],
          [
            -121.843016,
            37.594928
          ],
          [
            -121.840982,
            37.596152
          ],
          [
            -121.83887,
            37.597424
          ],
          [
            -121.836639,
            37.598777
          ],
          [
            -121.834459,
            37.600076
          ],
          [
            -121.832407,
            37.601321
          ],
          [
            -121.829429,
            37.603102
          ],
          [
            -121.827558,
            37.604251
          ],
          [
            -121.824949,
            37.605795
          ],
          [
            -121.823584,
            37.606631
          ],
          [
            -121.821824,
            37.607706
          ],
          [
            -121.819129,
            37.609324
          ],
          [
            -121.817413,
            37.610371
          ],
          [
            -121.815481,
            37.6115
          ],
          [
            -121.813361,
            37.612785
          ],
          [
            -121.811739,
            37.613771
          ],
          [
            -121.808375,
            37.615763
          ],
          [
            -121.807388,
            37.616334
          ],
          [
            -121.805156,
            37.617714
          ],
          [
            -121.802444,
            37.619332
          ],
          [
            -121.798659,
            37.621576
          ],
          [
            -121.797174,
            37.622453
          ],
          [
            -121.794118,
            37.624105
          ],
          [
            -121.792247,
            37.625124
          ],
          [
            -121.789548,
            37.626637
          ],
          [
            -121.788207,
            37.627361
          ],
          [
            -121.785237,
            37.628933
          ],
          [
            -121.783235,
            37.629957
          ],
          [
            -121.781269,
            37.631038
          ],
          [
            -121.778778,
            37.63241
          ],
          [
            -121.776397,
            37.633678
          ]
        ]
      },
      "properties": {
        "osm_type": "way",
        "osm_id": 150396920,
        "osm_cables": "6",
        "osm_frequency": "60",
        "osm_operator": "Pacific Gas and Electric Company",
        "osm_operator:short": "PG&E",
        "osm_operator:website": "https://www.pge.com",
        "osm_operator:wikidata": "Q1815011",
        "osm_operator:wikipedia": "en:Pacific Gas and Electric Company",
        "osm_owner": "Pacific Gas & Electric",
        "osm_power": "line",
        "osm_source": "Yahoo",
        "osm_voltage": "115000;60000",
        "osm_wires": "single",
        "layer_id": "osm_power_lines",
        "source_name": "OpenStreetMap via Overpass API",
        "source_url": "https://overpass.private.coffee/api/interpreter",
        "retrieved_at": "2026-05-03T04:15:44.993Z",
        "provisional": true
      }
    },
    {
      "type": "Feature",
      "geometry": {
        "type": "LineString",
        "coordinates": [
          [
            -121.896883,
            37.541938
          ],
          [
            -121.895822,
            37.543149
          ],
          [
            -121.895055,
            37.544075
          ]
        ]
      },
      "properties": {
        "osm_type": "way",
        "osm_id": 150396926,
        "osm_operator": "Pacific Gas and Electric Company",
        "osm_operator:short": "PG&E",
        "osm_operator:website": "https://www.pge.com",
        "osm_operator:wikidata": "Q1815011",
        "osm_operator:wikipedia": "en:Pacific Gas and Electric Company",
        "osm_power": "line",
        "osm_voltage": "230000",
        "layer_id": "osm_power_lines",
        "source_name": "OpenStreetMap via Overpass API",
        "source_url": "https://overpass.private.coffee/api/interpreter",
        "retrieved_at": "2026-05-03T04:15:44.993Z",
        "provisional": true
      }
    },
    {
      "type": "Feature",
      "geometry": {
        "type": "LineString",
        "coordinates": [
          [
            -121.876258,
            37.562155
          ],
          [
            -121.874149,
            37.564445
          ]
        ]
      },
      "properties": {
        "osm_type": "way",
        "osm_id": 150397499,
        "osm_cables": "3",
        "osm_frequency": "60",
        "osm_operator": "Pacific Gas and Electric Company",
        "osm_operator:short": "PG&E",
        "osm_operator:website": "https://www.pge.com",
        "osm_operator:wikidata": "Q1815011",
        "osm_operator:wikipedia": "en:Pacific Gas and Electric Company",
        "osm_power": "line",
        "osm_ref": "Los Esteros-Metcalf",
        "osm_source": "Yahoo",
        "osm_voltage": "230000",
        "osm_wires": "double",
        "layer_id": "osm_power_lines",
        "source_name": "OpenStreetMap via Overpass API",
        "source_url": "https://overpass.private.coffee/api/interpreter",
        "retrieved_at": "2026-05-03T04:15:44.993Z",
        "provisional": true
      }
    },
    {
      "type": "Feature",
      "geometry": {
        "type": "LineString",
        "coordinates": [
          [
            -121.824288,
            37.606795
          ],
          [
            -121.825996,
            37.605707
          ],
          [
            -121.828004,
            37.60451
          ],
          [
            -121.830519,
            37.602987
          ],
          [
            -121.832519,
            37.60177
          ],
          [
            -121.834767,
            37.60043
          ],
          [
            -121.836896,
            37.599145
          ],
          [
            -121.83905,
            37.597819
          ],
          [
            -121.84111,
            37.596608
          ],
          [
            -121.843282,
            37.595302
          ],
          [
            -121.846037,
            37.593636
          ],
          [
            -121.847985,
            37.592446
          ],
          [
            -121.85141,
            37.590351
          ],
          [
            -121.854457,
            37.588556
          ],
          [
            -121.855933,
            37.587678
          ],
          [
            -121.857727,
            37.585631
          ],
          [
            -121.85965,
            37.583509
          ],
          [
            -121.861221,
            37.581802
          ],
          [
            -121.863246,
            37.57955
          ],
          [
            -121.864637,
            37.577945
          ],
          [
            -121.866362,
            37.576013
          ],
          [
            -121.868653,
            37.573414
          ],
          [
            -121.872241,
            37.569394
          ],
          [
            -121.875168,
            37.566127
          ],
          [
            -121.877528,
            37.563455
          ],
          [
            -121.878859,
            37.561951
          ],
          [
            -121.881322,
            37.559182
          ],
          [
            -121.883219,
            37.557059
          ],
          [
            -121.88618,
            37.553854
          ],
          [
            -121.889382,
            37.550404
          ],
          [
            -121.890736,
            37.549023
          ],
          [
            -121.891646,
            37.547927
          ],
          [
            -121.893544,
            37.545845
          ],
          [
            -121.895055,
            37.544075
          ]
        ]
      },
      "properties": {
        "osm_type": "way",
        "osm_id": 152482134,
        "osm_cables": "6",
        "osm_circuits": "2",
        "osm_frequency": "60",
        "osm_name": "Vineyard-Newark/Las Positas-Newark",
        "osm_operator": "Pacific Gas and Electric Company",
        "osm_operator:short": "PG&E",
        "osm_operator:website": "https://www.pge.com",
        "osm_operator:wikidata": "Q1815011",
        "osm_operator:wikipedia": "en:Pacific Gas and Electric Company",
        "osm_power": "line",
        "osm_ref": "Contra Costa-Newark",
        "osm_source": "Yahoo",
        "osm_voltage": "230000",
        "layer_id": "osm_power_lines",
        "source_name": "OpenStreetMap via Overpass API",
        "source_url": "https://overpass.private.coffee/api/interpreter",
        "retrieved_at": "2026-05-03T04:15:44.993Z",
        "provisional": true
      }
    },
    {
      "type": "Feature",
      "geometry": {
        "type": "LineString",
        "coordinates": [
          [
            -121.877416,
            37.566808
          ],
          [
            -121.875001,
            37.566408
          ],
          [
            -121.874577,
            37.566161
          ],
          [
            -121.874847,
            37.565934
          ]
        ]
      },
      "properties": {
        "osm_type": "way",
        "osm_id": 398218768,
        "osm_cables": "3",
        "osm_frequency": "60",
        "osm_name": "Newark-Tassajara",
        "osm_operator": "Pacific Gas and Electric Company",
        "osm_operator:short": "PG&E",
        "osm_operator:website": "https://www.pge.com",
        "osm_operator:wikidata": "Q1815011",
        "osm_operator:wikipedia": "en:Pacific Gas and Electric Company",
        "osm_owner": "Pacific Gas & Electric",
        "osm_power": "line",
        "osm_ref": "Tassajara-Newark",
        "osm_source": "Yahoo",
        "osm_voltage": "230000",
        "osm_wires": "single",
        "layer_id": "osm_power_lines",
        "source_name": "OpenStreetMap via Overpass API",
        "source_url": "https://overpass.private.coffee/api/interpreter",
        "retrieved_at": "2026-05-03T04:15:44.993Z",
        "provisional": true
      }
    },
    {
      "type": "Feature",
      "geometry": {
        "type": "LineString",
        "coordinates": [
          [
            -121.874847,
            37.565934
          ],
          [
            -121.874512,
            37.565418
          ],
          [
            -121.874224,
            37.564781
          ],
          [
            -121.876421,
            37.562271
          ],
          [
            -121.878438,
            37.560012
          ],
          [
            -121.881245,
            37.556855
          ],
          [
            -121.884841,
            37.552793
          ],
          [
            -121.888764,
            37.548349
          ],
          [
            -121.891073,
            37.545851
          ],
          [
            -121.893527,
            37.543089
          ],
          [
            -121.895175,
            37.541217
          ],
          [
            -121.899244,
            37.536664
          ],
          [
            -121.901201,
            37.534568
          ],
          [
            -121.904531,
            37.531947
          ],
          [
            -121.908539,
            37.528918
          ],
          [
            -121.912813,
            37.525576
          ],
          [
            -121.914766,
            37.524151
          ],
          [
            -121.917388,
            37.523196
          ],
          [
            -121.92265,
            37.521381
          ],
          [
            -121.924387,
            37.520758
          ],
          [
            -121.927029,
            37.519811
          ],
          [
            -121.930226,
            37.518657
          ],
          [
            -121.931177,
            37.518314
          ],
          [
            -121.931831,
            37.518086
          ],
          [
            -121.93233,
            37.517913
          ],
          [
            -121.934509,
            37.517155
          ],
          [
            -121.940661,
            37.515029
          ],
          [
            -121.942714,
            37.514346
          ],
          [
            -121.945931,
            37.513185
          ],
          [
            -121.950475,
            37.51157
          ],
          [
            -121.953428,
            37.510981
          ],
          [
            -121.956219,
            37.510498
          ],
          [
            -121.958214,
            37.510131
          ],
          [
            -121.961924,
            37.507323
          ],
          [
            -121.963902,
            37.50658
          ],
          [
            -121.966374,
            37.505653
          ],
          [
            -121.970818,
            37.506381
          ],
          [
            -121.975236,
            37.507063
          ],
          [
            -121.978935,
            37.505273
          ],
          [
            -121.982387,
            37.503519
          ],
          [
            -121.983901,
            37.501708
          ]
        ]
      },
      "properties": {
        "osm_type": "way",
        "osm_id": 398749747,
        "osm_cables": "6",
        "osm_circuits": "2",
        "osm_frequency": "60",
        "osm_name": "Castro Valley-Newark/Newark-Tassajara",
        "osm_operator": "Pacific Gas and Electric Company",
        "osm_operator:short": "PG&E",
        "osm_operator:website": "https://www.pge.com",
        "osm_operator:wikidata": "Q1815011",
        "osm_operator:wikipedia": "en:Pacific Gas and Electric Company",
        "osm_owner": "Pacific Gas & Electric",
        "osm_power": "line",
        "osm_ref": "Castro Valley-Newark/Tassajara-Newark",
        "osm_voltage": "230000",
        "osm_wires": "single",
        "layer_id": "osm_power_lines",
        "source_name": "OpenStreetMap via Overpass API",
        "source_url": "https://overpass.private.coffee/api/interpreter",
        "retrieved_at": "2026-05-03T04:15:44.993Z",
        "provisional": true
      }
    },
    {
      "type": "Feature",
      "geometry": {
        "type": "LineString",
        "coordinates": [
          [
            -121.877416,
            37.566808
          ],
          [
            -121.880678,
            37.567773
          ],
          [
            -121.884195,
            37.568814
          ],
          [
            -121.888775,
            37.5709
          ],
          [
            -121.895717,
            37.574074
          ],
          [
            -121.899803,
            37.575919
          ],
          [
            -121.903434,
            37.577635
          ],
          [
            -121.908866,
            37.580109
          ],
          [
            -121.910524,
            37.581308
          ],
          [
            -121.912565,
            37.582876
          ],
          [
            -121.916742,
            37.586063
          ],
          [
            -121.918025,
            37.587013
          ],
          [
            -121.920908,
            37.589235
          ],
          [
            -121.922604,
            37.590518
          ],
          [
            -121.923701,
            37.591353
          ],
          [
            -121.926434,
            37.593415
          ],
          [
            -121.932527,
            37.598065
          ],
          [
            -121.941947,
            37.603183
          ],
          [
            -121.942779,
            37.603599
          ],
          [
            -121.949071,
            37.607764
          ],
          [
            -121.952848,
            37.610237
          ],
          [
            -121.956796,
            37.612834
          ],
          [
            -121.960014,
            37.614933
          ],
          [
            -121.962418,
            37.616896
          ],
          [
            -121.965271,
            37.619208
          ],
          [
            -121.966838,
            37.620478
          ],
          [
            -121.969676,
            37.622811
          ],
          [
            -121.972097,
            37.62483
          ],
          [
            -121.973586,
            37.626071
          ],
          [
            -121.976687,
            37.628602
          ],
          [
            -121.978119,
            37.629732
          ],
          [
            -121.98104,
            37.632092
          ],
          [
            -121.983822,
            37.63436
          ],
          [
            -121.985514,
            37.635743
          ],
          [
            -121.988167,
            37.637882
          ],
          [
            -121.991734,
            37.640803
          ],
          [
            -121.994905,
            37.643364
          ],
          [
            -121.997013,
            37.645072
          ],
          [
            -121.998504,
            37.646282
          ],
          [
            -122.001299,
            37.648542
          ],
          [
            -122.00411,
            37.650844
          ],
          [
            -122.007023,
            37.653223
          ],
          [
            -122.009702,
            37.655394
          ],
          [
            -122.012288,
            37.657497
          ],
          [
            -122.013176,
            37.658543
          ],
          [
            -122.017237,
            37.663156
          ],
          [
            -122.020295,
            37.666646
          ],
          [
            -122.022875,
            37.669548
          ],
          [
            -122.027237,
            37.674493
          ],
          [
            -122.029031,
            37.676544
          ],
          [
            -122.032532,
            37.677169
          ],
          [
            -122.035081,
            37.677623
          ],
          [
            -122.036058,
            37.679661
          ]
        ]
      },
      "properties": {
        "osm_type": "way",
        "osm_id": 398750061,
        "osm_cables": "6",
        "osm_circuits": "2",
        "osm_frequency": "60",
        "osm_name": "Castro Valley-Newark/Newark-Tassajara",
        "osm_operator": "Pacific Gas and Electric Company",
        "osm_operator:short": "PG&E",
        "osm_operator:website": "https://www.pge.com",
        "osm_operator:wikidata": "Q1815011",
        "osm_operator:wikipedia": "en:Pacific Gas and Electric Company",
        "osm_owner": "Pacific Gas & Electric",
        "osm_power": "line",
        "osm_ref": "Castro Valley-Newark/Tassajara-Newark",
        "osm_source": "Yahoo",
        "osm_voltage": "230000",
        "osm_wires": "single",
        "layer_id": "osm_power_lines",
        "source_name": "OpenStreetMap via Overpass API",
        "source_url": "https://overpass.private.coffee/api/interpreter",
        "retrieved_at": "2026-05-03T04:15:44.993Z",
        "provisional": true
      }
    },
    {
      "type": "Feature",
      "geometry": {
        "type": "LineString",
        "coordinates": [
          [
            -121.874149,
            37.564445
          ],
          [
            -121.871343,
            37.558589
          ]
        ]
      },
      "properties": {
        "osm_type": "way",
        "osm_id": 398750197,
        "osm_cables": "3",
        "osm_frequency": "60",
        "osm_operator": "Pacific Gas and Electric Company",
        "osm_operator:short": "PG&E",
        "osm_operator:website": "https://www.pge.com",
        "osm_operator:wikidata": "Q1815011",
        "osm_operator:wikipedia": "en:Pacific Gas and Electric Company",
        "osm_power": "line",
        "osm_ref": "Los Esteros-Metcalf",
        "osm_source": "Yahoo",
        "osm_voltage": "230000",
        "osm_wires": "single",
        "layer_id": "osm_power_lines",
        "source_name": "OpenStreetMap via Overpass API",
        "source_url": "https://overpass.private.coffee/api/interpreter",
        "retrieved_at": "2026-05-03T04:15:44.993Z",
        "provisional": true
      }
    },
    {
      "type": "Feature",
      "geometry": {
        "type": "LineString",
        "coordinates": [
          [
            -121.871343,
            37.558589
          ],
          [
            -121.870362,
            37.556413
          ],
          [
            -121.8684,
            37.552158
          ],
          [
            -121.86649,
            37.547811
          ],
          [
            -121.864688,
            37.543732
          ],
          [
            -121.863931,
            37.542027
          ],
          [
            -121.861049,
            37.535508
          ],
          [
            -121.858936,
            37.530684
          ],
          [
            -121.856951,
            37.52609
          ],
          [
            -121.855599,
            37.522865
          ],
          [
            -121.853463,
            37.517842
          ],
          [
            -121.850868,
            37.511981
          ],
          [
            -121.849441,
            37.508781
          ],
          [
            -121.846908,
            37.503034
          ],
          [
            -121.845202,
            37.499195
          ],
          [
            -121.843421,
            37.495169
          ],
          [
            -121.841587,
            37.490983
          ],
          [
            -121.840257,
            37.487995
          ],
          [
            -121.837609,
            37.481957
          ],
          [
            -121.836588,
            37.47975
          ],
          [
            -121.834665,
            37.474836
          ],
          [
            -121.833435,
            37.471696
          ],
          [
            -121.831709,
            37.467385
          ],
          [
            -121.830554,
            37.464555
          ],
          [
            -121.830074,
            37.463317
          ],
          [
            -121.82815,
            37.459151
          ],
          [
            -121.82736,
            37.457642
          ],
          [
            -121.825837,
            37.455522
          ],
          [
            -121.823601,
            37.452711
          ],
          [
            -121.822306,
            37.451188
          ],
          [
            -121.820783,
            37.449344
          ],
          [
            -121.818036,
            37.446196
          ],
          [
            -121.814456,
            37.442114
          ],
          [
            -121.81275,
            37.440153
          ],
          [
            -121.81041,
            37.437426
          ],
          [
            -121.809466,
            37.436335
          ],
          [
            -121.806689,
            37.433124
          ],
          [
            -121.80511,
            37.431346
          ],
          [
            -121.803992,
            37.430049
          ],
          [
            -121.801436,
            37.427099
          ],
          [
            -121.798543,
            37.423772
          ],
          [
            -121.794156,
            37.418719
          ],
          [
            -121.791162,
            37.415274
          ],
          [
            -121.789647,
            37.413582
          ],
          [
            -121.786771,
            37.410184
          ],
          [
            -121.784247,
            37.407345
          ],
          [
            -121.782016,
            37.404614
          ],
          [
            -121.778788,
            37.401018
          ],
          [
            -121.777066,
            37.39904
          ],
          [
            -121.77529,
            37.396999
          ],
          [
            -121.770538,
            37.391433
          ],
          [
            -121.769164,
            37.389873
          ],
          [
            -121.767496,
            37.387985
          ],
          [
            -121.765404,
            37.38559
          ],
          [
            -121.763204,
            37.383105
          ],
          [
            -121.760059,
            37.379425
          ],
          [
            -121.756025,
            37.374553
          ],
          [
            -121.75485,
            37.373316
          ],
          [
            -121.753863,
            37.372221
          ],
          [
            -121.751905,
            37.368998
          ],
          [
            -121.749981,
            37.366526
          ],
          [
            -121.74772,
            37.36366
          ],
          [
            -121.743565,
            37.358493
          ],
          [
            -121.741478,
            37.354807
          ],
          [
            -121.739709,
            37.351638
          ],
          [
            -121.738357,
            37.349313
          ],
          [
            -121.737745,
            37.34826
          ],
          [
            -121.736494,
            37.345959
          ],
          [
            -121.734688,
            37.342715
          ],
          [
            -121.732224,
            37.338361
          ],
          [
            -121.730724,
            37.335796
          ],
          [
            -121.729833,
            37.334147
          ],
          [
            -121.728864,
            37.332301
          ],
          [
            -121.727533,
            37.330053
          ],
          [
            -121.726572,
            37.328345
          ],
          [
            -121.724378,
            37.324458
          ],
          [
            -121.723175,
            37.322312
          ],
          [
            -121.72024,
            37.316905
          ],
          [
            -121.7191,
            37.314924
          ],
          [
            -121.717956,
            37.31282
          ],
          [
            -121.7164,
            37.310059
          ],
          [
            -121.714411,
            37.306563
          ],
          [
            -121.712955,
            37.304608
          ],
          [
            -121.712825,
            37.304435
          ],
          [
            -121.710642,
            37.301535
          ],
          [
            -121.711409,
            37.297326
          ],
          [
            -121.71219,
            37.29568
          ],
          [
            -121.71316,
            37.293714
          ],
          [
            -121.714911,
            37.290197
          ],
          [
            -121.71622,
            37.287531
          ],
          [
            -121.71764,
            37.284638
          ],
          [
            -121.719307,
            37.281185
          ],
          [
            -121.72121,
            37.277195
          ],
          [
            -121.722858,
            37.273814
          ],
          [
            -121.724729,
            37.269962
          ],
          [
            -121.726772,
            37.265686
          ],
          [
            -121.728154,
            37.2624
          ],
          [
            -121.729673,
            37.258452
          ],
          [
            -121.730695,
            37.255541
          ],
          [
            -121.732574,
            37.249871
          ],
          [
            -121.733278,
            37.247698
          ],
          [
            -121.734222,
            37.24474
          ],
          [
            -121.734986,
            37.242396
          ],
          [
            -121.735707,
            37.24021
          ],
          [
            -121.73654,
            37.23751
          ],
          [
            -121.738119,
            37.232672
          ],
          [
            -121.738823,
            37.23052
          ],
          [
            -121.74,
            37.227138
          ],
          [
            -121.741159,
            37.227037
          ],
          [
            -121.742473,
            37.226104
          ],
          [
            -121.742615,
            37.226008
          ],
          [
            -121.742756,
            37.225902
          ],
          [
            -121.742846,
            37.225835
          ]
        ]
      },
      "properties": {
        "osm_type": "way",
        "osm_id": 398750230,
        "osm_cables": "6",
        "osm_frequency": "60",
        "osm_operator": "Pacific Gas and Electric Company",
        "osm_operator:short": "PG&E",
        "osm_operator:website": "https://www.pge.com",
        "osm_operator:wikidata": "Q1815011",
        "osm_operator:wikipedia": "en:Pacific Gas and Electric Company",
        "osm_power": "line",
        "osm_ref": "Los Esteros-Metcalf",
        "osm_voltage": "230000",
        "osm_wires": "single",
        "layer_id": "osm_power_lines",
        "source_name": "OpenStreetMap via Overpass API",
        "source_url": "https://overpass.private.coffee/api/interpreter",
        "retrieved_at": "2026-05-03T04:15:44.993Z",
        "provisional": true
      }
    },
    {
      "type": "Feature",
      "geometry": {
        "type": "LineString",
        "coordinates": [
          [
            -121.965921,
            37.505594
          ],
          [
            -121.961773,
            37.507137
          ],
          [
            -121.958069,
            37.509951
          ],
          [
            -121.956039,
            37.510312
          ],
          [
            -121.953376,
            37.510812
          ],
          [
            -121.950344,
            37.511376
          ],
          [
            -121.945826,
            37.512997
          ],
          [
            -121.942621,
            37.514184
          ],
          [
            -121.942425,
            37.514236
          ],
          [
            -121.942076,
            37.514355
          ],
          [
            -121.940552,
            37.514872
          ],
          [
            -121.934438,
            37.51697
          ],
          [
            -121.930932,
            37.518211
          ],
          [
            -121.930474,
            37.51837
          ],
          [
            -121.926811,
            37.519648
          ],
          [
            -121.92233,
            37.521218
          ],
          [
            -121.917404,
            37.522977
          ],
          [
            -121.914608,
            37.523917
          ],
          [
            -121.91265,
            37.525406
          ],
          [
            -121.908376,
            37.528728
          ],
          [
            -121.904411,
            37.531804
          ],
          [
            -121.901012,
            37.534404
          ],
          [
            -121.899089,
            37.536562
          ],
          [
            -121.895012,
            37.541074
          ],
          [
            -121.893253,
            37.543034
          ],
          [
            -121.890841,
            37.545736
          ],
          [
            -121.888515,
            37.548281
          ],
          [
            -121.881039,
            37.556732
          ],
          [
            -121.878232,
            37.559862
          ],
          [
            -121.876258,
            37.562155
          ]
        ]
      },
      "properties": {
        "osm_type": "way",
        "osm_id": 398751366,
        "osm_cables": "6",
        "osm_circuits": "2",
        "osm_frequency": "60",
        "osm_name": "Tesla-Newark 2/Los Esteros-Metcalf",
        "osm_operator": "Pacific Gas and Electric Company",
        "osm_operator:short": "PG&E",
        "osm_operator:website": "https://www.pge.com",
        "osm_operator:wikidata": "Q1815011",
        "osm_operator:wikipedia": "en:Pacific Gas and Electric Company",
        "osm_power": "line",
        "osm_ref": "Tesla-Newark 2/Los Esteros-Metcalf",
        "osm_source": "Yahoo",
        "osm_voltage": "230000",
        "layer_id": "osm_power_lines",
        "source_name": "OpenStreetMap via Overpass API",
        "source_url": "https://overpass.private.coffee/api/interpreter",
        "retrieved_at": "2026-05-03T04:15:44.993Z",
        "provisional": true
      }
    },
    {
      "type": "Feature",
      "geometry": {
        "type": "LineString",
        "coordinates": [
          [
            -121.984244,
            37.502039
          ],
          [
            -121.984068,
            37.502757
          ],
          [
            -121.982856,
            37.504008
          ],
          [
            -121.979751,
            37.505568
          ],
          [
            -121.977619,
            37.506584
          ],
          [
            -121.97562,
            37.507706
          ],
          [
            -121.973372,
            37.5084
          ],
          [
            -121.970735,
            37.509153
          ],
          [
            -121.967904,
            37.509977
          ],
          [
            -121.965298,
            37.51072
          ],
          [
            -121.962714,
            37.511438
          ],
          [
            -121.96011,
            37.512198
          ],
          [
            -121.957513,
            37.512943
          ],
          [
            -121.954883,
            37.513666
          ],
          [
            -121.951912,
            37.514536
          ],
          [
            -121.949678,
            37.51514
          ],
          [
            -121.947086,
            37.515916
          ],
          [
            -121.944485,
            37.516624
          ],
          [
            -121.941952,
            37.517322
          ],
          [
            -121.937644,
            37.518496
          ],
          [
            -121.935782,
            37.519014
          ],
          [
            -121.932091,
            37.520069
          ],
          [
            -121.93004,
            37.520675
          ],
          [
            -121.927405,
            37.52141
          ],
          [
            -121.925061,
            37.522091
          ],
          [
            -121.922753,
            37.522758
          ],
          [
            -121.92042,
            37.523455
          ],
          [
            -121.918005,
            37.524139
          ],
          [
            -121.915551,
            37.52482
          ],
          [
            -121.913878,
            37.526134
          ],
          [
            -121.912148,
            37.527454
          ],
          [
            -121.909475,
            37.529497
          ],
          [
            -121.906299,
            37.531934
          ],
          [
            -121.90532,
            37.532682
          ],
          [
            -121.901939,
            37.535296
          ],
          [
            -121.899967,
            37.537478
          ],
          [
            -121.896372,
            37.541548
          ],
          [
            -121.895004,
            37.543123
          ],
          [
            -121.892909,
            37.545477
          ],
          [
            -121.891914,
            37.546641
          ],
          [
            -121.890103,
            37.548621
          ],
          [
            -121.887489,
            37.551538
          ],
          [
            -121.885811,
            37.553391
          ],
          [
            -121.882498,
            37.557141
          ],
          [
            -121.880696,
            37.559141
          ],
          [
            -121.878301,
            37.561862
          ],
          [
            -121.876739,
            37.563652
          ]
        ]
      },
      "properties": {
        "osm_type": "way",
        "osm_id": 398755386,
        "osm_cables": "6",
        "osm_frequency": "60",
        "osm_owner": "Pacific Gas & Electric",
        "osm_power": "line",
        "osm_voltage": "115000;60000",
        "osm_wires": "single",
        "layer_id": "osm_power_lines",
        "source_name": "OpenStreetMap via Overpass API",
        "source_url": "https://overpass.private.coffee/api/interpreter",
        "retrieved_at": "2026-05-03T04:15:44.993Z",
        "provisional": true
      }
    },
    {
      "type": "Feature",
      "geometry": {
        "type": "LineString",
        "coordinates": [
          [
            -121.876739,
            37.563652
          ],
          [
            -121.876552,
            37.564001
          ],
          [
            -121.874499,
            37.566115
          ]
        ]
      },
      "properties": {
        "osm_type": "way",
        "osm_id": 398755387,
        "osm_cables": "3",
        "osm_owner": "Pacific Gas & Electric",
        "osm_power": "line",
        "osm_voltage": "115000",
        "osm_wires": "single",
        "layer_id": "osm_power_lines",
        "source_name": "OpenStreetMap via Overpass API",
        "source_url": "https://overpass.private.coffee/api/interpreter",
        "retrieved_at": "2026-05-03T04:15:44.993Z",
        "provisional": true
      }
    },
    {
      "type": "Feature",
      "geometry": {
        "type": "LineString",
        "coordinates": [
          [
            -121.840208,
            37.604511
          ],
          [
            -121.839848,
            37.603178
          ],
          [
            -121.839561,
            37.601736
          ],
          [
            -121.839299,
            37.600514
          ],
          [
            -121.83915,
            37.599745
          ],
          [
            -121.838373,
            37.599436
          ],
          [
            -121.838689,
            37.599447
          ]
        ]
      },
      "properties": {
        "osm_type": "way",
        "osm_id": 405724124,
        "osm_cables": "3",
        "osm_power": "line",
        "osm_voltage": "60000",
        "layer_id": "osm_power_lines",
        "source_name": "OpenStreetMap via Overpass API",
        "source_url": "https://overpass.private.coffee/api/interpreter",
        "retrieved_at": "2026-05-03T04:15:44.993Z",
        "provisional": true
      }
    },
    {
      "type": "Feature",
      "geometry": {
        "type": "LineString",
        "coordinates": [
          [
            -121.840208,
            37.604511
          ],
          [
            -121.83999,
            37.603146
          ],
          [
            -121.839697,
            37.601729
          ],
          [
            -121.839448,
            37.600503
          ],
          [
            -121.839268,
            37.599629
          ],
          [
            -121.838737,
            37.599234
          ],
          [
            -121.838545,
            37.599343
          ],
          [
            -121.838689,
            37.599447
          ]
        ]
      },
      "properties": {
        "osm_type": "way",
        "osm_id": 405724125,
        "osm_cables": "3",
        "osm_power": "line",
        "osm_voltage": "60000",
        "layer_id": "osm_power_lines",
        "source_name": "OpenStreetMap via Overpass API",
        "source_url": "https://overpass.private.coffee/api/interpreter",
        "retrieved_at": "2026-05-03T04:15:44.993Z",
        "provisional": true
      }
    },
    {
      "type": "Feature",
      "geometry": {
        "type": "LineString",
        "coordinates": [
          [
            -121.891774,
            37.580168
          ],
          [
            -121.890965,
            37.580388
          ],
          [
            -121.889401,
            37.580908
          ],
          [
            -121.88841,
            37.581295
          ],
          [
            -121.887335,
            37.581283
          ],
          [
            -121.887119,
            37.581426
          ],
          [
            -121.886898,
            37.582489
          ],
          [
            -121.886379,
            37.583188
          ],
          [
            -121.886476,
            37.583741
          ],
          [
            -121.886986,
            37.584224
          ],
          [
            -121.887524,
            37.584726
          ],
          [
            -121.886978,
            37.585637
          ],
          [
            -121.886217,
            37.586221
          ],
          [
            -121.886203,
            37.585938
          ]
        ]
      },
      "properties": {
        "osm_type": "way",
        "osm_id": 762577909,
        "osm_power": "line",
        "layer_id": "osm_power_lines",
        "source_name": "OpenStreetMap via Overpass API",
        "source_url": "https://overpass.private.coffee/api/interpreter",
        "retrieved_at": "2026-05-03T04:15:44.993Z",
        "provisional": true
      }
    },
    {
      "type": "Feature",
      "geometry": {
        "type": "LineString",
        "coordinates": [
          [
            -121.870797,
            37.576882
          ],
          [
            -121.870238,
            37.57643
          ],
          [
            -121.869705,
            37.575994
          ],
          [
            -121.869184,
            37.575578
          ],
          [
            -121.868671,
            37.575166
          ],
          [
            -121.867975,
            37.575434
          ],
          [
            -121.867476,
            37.575708
          ],
          [
            -121.866909,
            37.576014
          ],
          [
            -121.866839,
            37.57609
          ],
          [
            -121.866787,
            37.576033
          ],
          [
            -121.866235,
            37.575626
          ],
          [
            -121.865782,
            37.575287
          ],
          [
            -121.865238,
            37.574882
          ]
        ]
      },
      "properties": {
        "osm_type": "way",
        "osm_id": 1155699341,
        "osm_power": "minor_line",
        "layer_id": "osm_power_lines",
        "source_name": "OpenStreetMap via Overpass API",
        "source_url": "https://overpass.private.coffee/api/interpreter",
        "retrieved_at": "2026-05-03T04:15:44.993Z",
        "provisional": true
      }
    },
    {
      "type": "Feature",
      "geometry": {
        "type": "LineString",
        "coordinates": [
          [
            -121.866142,
            37.574509
          ],
          [
            -121.865896,
            37.57455
          ]
        ]
      },
      "properties": {
        "osm_type": "way",
        "osm_id": 1155699342,
        "osm_cables": "3",
        "osm_operator": "Hetch Hetchy Water & Power",
        "osm_power": "line",
        "osm_voltage": "115000",
        "layer_id": "osm_power_lines",
        "source_name": "OpenStreetMap via Overpass API",
        "source_url": "https://overpass.private.coffee/api/interpreter",
        "retrieved_at": "2026-05-03T04:15:44.993Z",
        "provisional": true
      }
    },
    {
      "type": "Feature",
      "geometry": {
        "type": "LineString",
        "coordinates": [
          [
            -121.866142,
            37.574509
          ],
          [
            -121.866186,
            37.574713
          ]
        ]
      },
      "properties": {
        "osm_type": "way",
        "osm_id": 1155699343,
        "osm_cables": "3",
        "osm_operator": "Hetch Hetchy Water & Power",
        "osm_power": "line",
        "osm_voltage": "115000",
        "layer_id": "osm_power_lines",
        "source_name": "OpenStreetMap via Overpass API",
        "source_url": "https://overpass.private.coffee/api/interpreter",
        "retrieved_at": "2026-05-03T04:15:44.993Z",
        "provisional": true
      }
    },
    {
      "type": "Feature",
      "geometry": {
        "type": "LineString",
        "coordinates": [
          [
            -121.869964,
            37.586279
          ],
          [
            -121.869914,
            37.586262
          ],
          [
            -121.870134,
            37.586178
          ],
          [
            -121.870374,
            37.586581
          ],
          [
            -121.869867,
            37.58679
          ]
        ]
      },
      "properties": {
        "osm_type": "way",
        "osm_id": 1250036871,
        "osm_operator": "Pacific Gas and Electric Company",
        "osm_operator:short": "PG&E",
        "osm_operator:website": "https://www.pge.com",
        "osm_operator:wikidata": "Q1815011",
        "osm_operator:wikipedia": "en:Pacific Gas and Electric Company",
        "osm_power": "line",
        "osm_voltage": "60000",
        "layer_id": "osm_power_lines",
        "source_name": "OpenStreetMap via Overpass API",
        "source_url": "https://overpass.private.coffee/api/interpreter",
        "retrieved_at": "2026-05-03T04:15:44.993Z",
        "provisional": true
      }
    },
    {
      "type": "Feature",
      "geometry": {
        "type": "LineString",
        "coordinates": [
          [
            -121.896883,
            37.541938
          ],
          [
            -121.900934,
            37.537181
          ],
          [
            -121.902342,
            37.535541
          ],
          [
            -121.905578,
            37.533077
          ],
          [
            -121.906616,
            37.53226
          ],
          [
            -121.909818,
            37.529803
          ],
          [
            -121.912876,
            37.527474
          ],
          [
            -121.914247,
            37.526406
          ],
          [
            -121.915835,
            37.525195
          ],
          [
            -121.918184,
            37.524528
          ],
          [
            -121.920595,
            37.523839
          ],
          [
            -121.925319,
            37.522458
          ],
          [
            -121.927825,
            37.521764
          ],
          [
            -121.930503,
            37.520974
          ],
          [
            -121.932563,
            37.520403
          ],
          [
            -121.935524,
            37.519558
          ],
          [
            -121.937575,
            37.518918
          ],
          [
            -121.942125,
            37.517699
          ],
          [
            -121.944657,
            37.516937
          ],
          [
            -121.94724,
            37.516195
          ],
          [
            -121.949884,
            37.515487
          ],
          [
            -121.9524,
            37.514755
          ],
          [
            -121.955045,
            37.513985
          ],
          [
            -121.957665,
            37.513278
          ],
          [
            -121.96026,
            37.512534
          ],
          [
            -121.965452,
            37.511053
          ],
          [
            -121.968053,
            37.510313
          ],
          [
            -121.970951,
            37.509482
          ],
          [
            -121.973602,
            37.508741
          ],
          [
            -121.975911,
            37.508102
          ],
          [
            -121.977971,
            37.507049
          ],
          [
            -121.982915,
            37.504681
          ],
          [
            -121.983994,
            37.503538
          ],
          [
            -121.985122,
            37.502288
          ]
        ]
      },
      "properties": {
        "osm_type": "way",
        "osm_id": 1264580680,
        "osm_cables": "6",
        "osm_circuits": "2",
        "osm_frequency": "60",
        "osm_name": "Vineyard-Newark/Las Positas-Newark",
        "osm_operator": "Pacific Gas and Electric Company",
        "osm_operator:short": "PG&E",
        "osm_operator:website": "https://www.pge.com",
        "osm_operator:wikidata": "Q1815011",
        "osm_operator:wikipedia": "en:Pacific Gas and Electric Company",
        "osm_power": "line",
        "osm_ref": "Contra Costa-Newark",
        "osm_source": "Yahoo",
        "osm_voltage": "230000",
        "layer_id": "osm_power_lines",
        "source_name": "OpenStreetMap via Overpass API",
        "source_url": "https://overpass.private.coffee/api/interpreter",
        "retrieved_at": "2026-05-03T04:15:44.993Z",
        "provisional": true
      }
    },
    {
      "type": "Feature",
      "geometry": {
        "type": "LineString",
        "coordinates": [
          [
            -121.895055,
            37.544075
          ],
          [
            -121.895956,
            37.543197
          ],
          [
            -121.896883,
            37.541938
          ]
        ]
      },
      "properties": {
        "osm_type": "way",
        "osm_id": 1264580681,
        "osm_cables": "3",
        "osm_circuits": "1",
        "osm_frequency": "60",
        "osm_name": "Vineyard-Newark/Las Positas-Newark",
        "osm_operator": "Pacific Gas and Electric Company",
        "osm_operator:short": "PG&E",
        "osm_operator:website": "https://www.pge.com",
        "osm_operator:wikidata": "Q1815011",
        "osm_operator:wikipedia": "en:Pacific Gas and Electric Company",
        "osm_power": "line",
        "osm_ref": "Contra Costa-Newark",
        "osm_source": "Yahoo",
        "osm_voltage": "230000",
        "layer_id": "osm_power_lines",
        "source_name": "OpenStreetMap via Overpass API",
        "source_url": "https://overpass.private.coffee/api/interpreter",
        "retrieved_at": "2026-05-03T04:15:44.993Z",
        "provisional": true
      }
    },
    {
      "type": "Feature",
      "geometry": {
        "type": "LineString",
        "coordinates": [
          [
            -121.821716,
            37.608018
          ],
          [
            -121.823715,
            37.606801
          ],
          [
            -121.82514,
            37.605992
          ],
          [
            -121.827715,
            37.604414
          ],
          [
            -121.830153,
            37.602945
          ],
          [
            -121.832401,
            37.601592
          ],
          [
            -121.834582,
            37.600273
          ],
          [
            -121.836736,
            37.598981
          ],
          [
            -121.838899,
            37.597655
          ],
          [
            -121.840924,
            37.596471
          ],
          [
            -121.843044,
            37.595166
          ],
          [
            -121.84592,
            37.593466
          ],
          [
            -121.847525,
            37.592459
          ],
          [
            -121.851121,
            37.590276
          ],
          [
            -121.854331,
            37.588412
          ],
          [
            -121.855704,
            37.587549
          ],
          [
            -121.857438,
            37.585678
          ],
          [
            -121.859078,
            37.583801
          ],
          [
            -121.860846,
            37.581856
          ],
          [
            -121.862502,
            37.579992
          ],
          [
            -121.864493,
            37.577801
          ],
          [
            -121.866133,
            37.57591
          ],
          [
            -121.868459,
            37.573319
          ],
          [
            -121.872064,
            37.569285
          ]
        ]
      },
      "properties": {
        "osm_type": "way",
        "osm_id": 1264642375,
        "osm_cables": "6",
        "osm_circuits": "2",
        "osm_frequency": "60",
        "osm_name": "Tesla-Newark #2",
        "osm_operator": "Pacific Gas and Electric Company",
        "osm_operator:short": "PG&E",
        "osm_operator:website": "https://www.pge.com",
        "osm_operator:wikidata": "Q1815011",
        "osm_operator:wikipedia": "en:Pacific Gas and Electric Company",
        "osm_power": "line",
        "osm_source": "Yahoo",
        "osm_voltage": "230000",
        "layer_id": "osm_power_lines",
        "source_name": "OpenStreetMap via Overpass API",
        "source_url": "https://overpass.private.coffee/api/interpreter",
        "retrieved_at": "2026-05-03T04:15:44.993Z",
        "provisional": true
      }
    },
    {
      "type": "Feature",
      "geometry": {
        "type": "LineString",
        "coordinates": [
          [
            -121.866065,
            37.574751
          ],
          [
            -121.865985,
            37.574708
          ]
        ]
      },
      "properties": {
        "osm_type": "way",
        "osm_id": 1274482221,
        "osm_frequency": "60",
        "osm_power": "line",
        "osm_voltage": "115000",
        "layer_id": "osm_power_lines",
        "source_name": "OpenStreetMap via Overpass API",
        "source_url": "https://overpass.private.coffee/api/interpreter",
        "retrieved_at": "2026-05-03T04:15:44.993Z",
        "provisional": true
      }
    },
    {
      "type": "Feature",
      "geometry": {
        "type": "LineString",
        "coordinates": [
          [
            -121.865896,
            37.57455
          ],
          [
            -121.866049,
            37.574636
          ],
          [
            -121.866186,
            37.574713
          ]
        ]
      },
      "properties": {
        "osm_type": "way",
        "osm_id": 1274482222,
        "osm_frequency": "60",
        "osm_power": "line",
        "osm_voltage": "115000",
        "layer_id": "osm_power_lines",
        "source_name": "OpenStreetMap via Overpass API",
        "source_url": "https://overpass.private.coffee/api/interpreter",
        "retrieved_at": "2026-05-03T04:15:44.993Z",
        "provisional": true
      }
    },
    {
      "type": "Feature",
      "geometry": {
        "type": "LineString",
        "coordinates": [
          [
            -121.865836,
            37.574686
          ],
          [
            -121.865948,
            37.574749
          ],
          [
            -121.865985,
            37.574708
          ],
          [
            -121.866049,
            37.574636
          ]
        ]
      },
      "properties": {
        "osm_type": "way",
        "osm_id": 1274482223,
        "osm_frequency": "60",
        "osm_power": "line",
        "osm_voltage": "115000",
        "layer_id": "osm_power_lines",
        "source_name": "OpenStreetMap via Overpass API",
        "source_url": "https://overpass.private.coffee/api/interpreter",
        "retrieved_at": "2026-05-03T04:15:44.993Z",
        "provisional": true
      }
    },
    {
      "type": "Feature",
      "geometry": {
        "type": "LineString",
        "coordinates": [
          [
            -121.869822,
            37.586833
          ],
          [
            -121.869812,
            37.586812
          ],
          [
            -121.869803,
            37.586793
          ]
        ]
      },
      "properties": {
        "osm_type": "way",
        "osm_id": 1274482304,
        "osm_power": "line",
        "osm_voltage": "60000",
        "layer_id": "osm_power_lines",
        "source_name": "OpenStreetMap via Overpass API",
        "source_url": "https://overpass.private.coffee/api/interpreter",
        "retrieved_at": "2026-05-03T04:15:44.993Z",
        "provisional": true
      }
    },
    {
      "type": "Feature",
      "geometry": {
        "type": "LineString",
        "coordinates": [
          [
            -121.869748,
            37.586837
          ],
          [
            -121.869812,
            37.586812
          ],
          [
            -121.869867,
            37.58679
          ]
        ]
      },
      "properties": {
        "osm_type": "way",
        "osm_id": 1274482305,
        "osm_power": "line",
        "osm_voltage": "60000",
        "layer_id": "osm_power_lines",
        "source_name": "OpenStreetMap via Overpass API",
        "source_url": "https://overpass.private.coffee/api/interpreter",
        "retrieved_at": "2026-05-03T04:15:44.993Z",
        "provisional": true
      }
    },
    {
      "type": "Feature",
      "geometry": {
        "type": "LineString",
        "coordinates": [
          [
            -121.897131,
            37.541085
          ],
          [
            -121.896811,
            37.541468
          ]
        ]
      },
      "properties": {
        "osm_type": "way",
        "osm_id": 1364601644,
        "osm_circuits": "2",
        "osm_frequency": "60",
        "osm_power": "line",
        "layer_id": "osm_power_lines",
        "source_name": "OpenStreetMap via Overpass API",
        "source_url": "https://overpass.private.coffee/api/interpreter",
        "retrieved_at": "2026-05-03T04:15:44.993Z",
        "provisional": true
      }
    }
  ],
  "metadata": {
    "source_name": "OpenStreetMap via Overpass API",
    "source_url": "https://overpass.private.coffee/api/interpreter",
    "source_health": {
      "selected_endpoint": "https://overpass.private.coffee/api/interpreter",
      "attempts": [
        {
          "endpoint": "https://overpass-api.de/api/interpreter",
          "status": "error",
          "error": "fetch failed"
        },
        {
          "endpoint": "https://overpass.private.coffee/api/interpreter",
          "status": "ok",
          "element_count": 38
        }
      ]
    },
    "layer_id": "osm_power_lines",
    "description": "OSM power line, minor line, and cable features intersecting the AOI.",
    "retrieved_at": "2026-05-03T04:15:44.993Z",
    "provisional": true,
    "status": "generated"
  }
}
