{
  "type": "FeatureCollection",
  "features": [
    {
      "type": "Feature",
      "geometry": {
        "type": "Polygon",
        "coordinates": [
          [
            [
              -121.8683759,
              37.5590207
            ],
            [
              -121.8686655,
              37.5592248
            ],
            [
              -121.8690732,
              37.5589016
            ],
            [
              -121.8689123,
              37.5587571
            ],
            [
              -121.8688479,
              37.5588251
            ],
            [
              -121.8687514,
              37.5587315
            ],
            [
              -121.8683759,
              37.5590207
            ]
          ]
        ]
      },
      "properties": {
        "building": "yes",
        "source_name": "OpenStreetMap Overpass",
        "source_url": "https://overpass-api.de/api/interpreter",
        "retrieved_at": "2026-05-03T02:57:59.023Z",
        "provisional": true
      }
    },
    {
      "type": "Feature",
      "geometry": {
        "type": "Polygon",
        "coordinates": [
          [
            [
              -121.8681291,
              37.5593439
            ],
            [
              -121.8683759,
              37.5595225
            ],
            [
              -121.8685904,
              37.5593609
            ],
            [
              -121.8683544,
              37.5591738
            ],
            [
              -121.8681291,
              37.5593439
            ]
          ]
        ]
      },
      "properties": {
        "building": "yes",
        "source_name": "OpenStreetMap Overpass",
        "source_url": "https://overpass-api.de/api/interpreter",
        "retrieved_at": "2026-05-03T02:57:59.023Z",
        "provisional": true
      }
    },
    {
      "type": "Feature",
      "geometry": {
        "type": "Polygon",
        "coordinates": [
          [
            [
              -121.8891505,
              37.5940964
            ],
            [
              -121.8891215,
              37.5940261
            ],
            [
              -121.8888377,
              37.5941064
            ],
            [
              -121.8888748,
              37.5941812
            ],
            [
              -121.8891505,
              37.5940964
            ]
          ]
        ]
      },
      "properties": {
        "addr:city": "Sunol",
        "addr:housenumber": "6",
        "addr:street": "Kilkare Road",
        "building": "train_station",
        "name": "Sunol",
        "website": "http://www.ncry.org/",
        "source_name": "OpenStreetMap Overpass",
        "source_url": "https://overpass-api.de/api/interpreter",
        "retrieved_at": "2026-05-03T02:57:59.023Z",
        "provisional": true
      }
    },
    {
      "type": "Feature",
      "geometry": {
        "type": "Polygon",
        "coordinates": [
          [
            [
              -121.8704077,
              37.4881941
            ],
            [
              -121.8702697,
              37.4882044
            ],
            [
              -121.870215,
              37.4877426
            ],
            [
              -121.870353,
              37.4877323
            ],
            [
              -121.8704077,
              37.4881941
            ]
          ]
        ]
      },
      "properties": {
        "building": "service",
        "source_name": "OpenStreetMap Overpass",
        "source_url": "https://overpass-api.de/api/interpreter",
        "retrieved_at": "2026-05-03T02:57:59.023Z",
        "provisional": true
      }
    },
    {
      "type": "Feature",
      "geometry": {
        "type": "Polygon",
        "coordinates": [
          [
            [
              -121.831973,
              37.5161035
            ],
            [
              -121.831973,
              37.5160311
            ],
            [
              -121.8317799,
              37.5160354
            ],
            [
              -121.8317852,
              37.516112
            ],
            [
              -121.831973,
              37.5161035
            ]
          ]
        ]
      },
      "properties": {
        "amenity": "ranger_station",
        "building": "yes",
        "drinking_water": "yes",
        "name": "Sunol Wilderness Visitor Center",
        "source_name": "OpenStreetMap Overpass",
        "source_url": "https://overpass-api.de/api/interpreter",
        "retrieved_at": "2026-05-03T02:57:59.023Z",
        "provisional": true
      }
    },
    {
      "type": "Feature",
      "geometry": {
        "type": "Polygon",
        "coordinates": [
          [
            [
              -121.8221856,
              37.5256062
            ],
            [
              -121.8219827,
              37.5256595
            ],
            [
              -121.8218934,
              37.5254692
            ],
            [
              -121.8221052,
              37.5254129
            ],
            [
              -121.8221856,
              37.5256062
            ]
          ]
        ]
      },
      "properties": {
        "building": "barn",
        "source_name": "OpenStreetMap Overpass",
        "source_url": "https://overpass-api.de/api/interpreter",
        "retrieved_at": "2026-05-03T02:57:59.023Z",
        "provisional": true
      }
    },
    {
      "type": "Feature",
      "geometry": {
        "type": "Polygon",
        "coordinates": [
          [
            [
              -121.8025034,
              37.5259345
            ],
            [
              -121.8023746,
              37.5259685
            ],
            [
              -121.8023961,
              37.5260068
            ],
            [
              -121.8021922,
              37.5260621
            ],
            [
              -121.8022512,
              37.5261812
            ],
            [
              -121.8024604,
              37.5261259
            ],
            [
              -121.802439,
              37.5260791
            ],
            [
              -121.8025624,
              37.5260281
            ],
            [
              -121.8025034,
              37.5259345
            ]
          ]
        ]
      },
      "properties": {
        "building": "yes",
        "source_name": "OpenStreetMap Overpass",
        "source_url": "https://overpass-api.de/api/interpreter",
        "retrieved_at": "2026-05-03T02:57:59.023Z",
        "provisional": true
      }
    },
    {
      "type": "Feature",
      "geometry": {
        "type": "Polygon",
        "coordinates": [
          [
            [
              -121.8674729,
              37.4877205
            ],
            [
              -121.86732,
              37.4877503
            ],
            [
              -121.8672825,
              37.487629
            ],
            [
              -121.8673334,
              37.4876141
            ],
            [
              -121.8673066,
              37.4875056
            ],
            [
              -121.8674032,
              37.4874864
            ],
            [
              -121.8674729,
              37.4877205
            ]
          ]
        ]
      },
      "properties": {
        "building": "service",
        "source_name": "OpenStreetMap Overpass",
        "source_url": "https://overpass-api.de/api/interpreter",
        "retrieved_at": "2026-05-03T02:57:59.023Z",
        "provisional": true
      }
    },
    {
      "type": "Feature",
      "geometry": {
        "type": "Polygon",
        "coordinates": [
          [
            [
              -121.8667101,
              37.4851278
            ],
            [
              -121.8666225,
              37.4851569
            ],
            [
              -121.8665686,
              37.4850546
            ],
            [
              -121.8665991,
              37.4850444
            ],
            [
              -121.8665731,
              37.484995
            ],
            [
              -121.8666302,
              37.4849761
            ],
            [
              -121.8667101,
              37.4851278
            ]
          ]
        ]
      },
      "properties": {
        "building": "service",
        "source_name": "OpenStreetMap Overpass",
        "source_url": "https://overpass-api.de/api/interpreter",
        "retrieved_at": "2026-05-03T02:57:59.023Z",
        "provisional": true
      }
    },
    {
      "type": "Feature",
      "geometry": {
        "type": "Polygon",
        "coordinates": [
          [
            [
              -121.8728807,
              37.4994979
            ],
            [
              -121.8726522,
              37.4996894
            ],
            [
              -121.8724713,
              37.4995465
            ],
            [
              -121.8726403,
              37.4994017
            ],
            [
              -121.8725939,
              37.4993676
            ],
            [
              -121.8726613,
              37.4993163
            ],
            [
              -121.8728807,
              37.4994979
            ]
          ]
        ]
      },
      "properties": {
        "building": "service",
        "source_name": "OpenStreetMap Overpass",
        "source_url": "https://overpass-api.de/api/interpreter",
        "retrieved_at": "2026-05-03T02:57:59.023Z",
        "provisional": true
      }
    },
    {
      "type": "Feature",
      "geometry": {
        "type": "Polygon",
        "coordinates": [
          [
            [
              -121.8817332,
              37.5743919
            ],
            [
              -121.8818701,
              37.5746984
            ],
            [
              -121.8813477,
              37.574845
            ],
            [
              -121.8812108,
              37.5745385
            ],
            [
              -121.8817332,
              37.5743919
            ]
          ]
        ]
      },
      "properties": {
        "addr:housenumber": "7587",
        "addr:street": "Athenour Way",
        "building": "yes",
        "source_name": "OpenStreetMap Overpass",
        "source_url": "https://overpass-api.de/api/interpreter",
        "retrieved_at": "2026-05-03T02:57:59.023Z",
        "provisional": true
      }
    },
    {
      "type": "Feature",
      "geometry": {
        "type": "Polygon",
        "coordinates": [
          [
            [
              -121.8550133,
              37.4823517
            ],
            [
              -121.854927,
              37.482389
            ],
            [
              -121.8548585,
              37.482289
            ],
            [
              -121.8549464,
              37.4822511
            ],
            [
              -121.8549443,
              37.4822324
            ],
            [
              -121.8550223,
              37.4821987
            ],
            [
              -121.8551117,
              37.4823294
            ],
            [
              -121.8550239,
              37.4823673
            ],
            [
              -121.8550133,
              37.4823517
            ]
          ]
        ]
      },
      "properties": {
        "building": "house",
        "source_name": "OpenStreetMap Overpass",
        "source_url": "https://overpass-api.de/api/interpreter",
        "retrieved_at": "2026-05-03T02:57:59.023Z",
        "provisional": true
      }
    },
    {
      "type": "Feature",
      "geometry": {
        "type": "Polygon",
        "coordinates": [
          [
            [
              -121.8845788,
              37.5731084
            ],
            [
              -121.8844425,
              37.5731283
            ],
            [
              -121.8844229,
              37.573044
            ],
            [
              -121.8843823,
              37.57305
            ],
            [
              -121.8843569,
              37.5729406
            ],
            [
              -121.8845338,
              37.5729147
            ],
            [
              -121.8845455,
              37.5729654
            ],
            [
              -121.8845788,
              37.5731084
            ]
          ]
        ]
      },
      "properties": {
        "building": "yes",
        "name": "Sunol Super Stop Food Mart",
        "source_name": "OpenStreetMap Overpass",
        "source_url": "https://overpass-api.de/api/interpreter",
        "retrieved_at": "2026-05-03T02:57:59.023Z",
        "provisional": true
      }
    },
    {
      "type": "Feature",
      "geometry": {
        "type": "Polygon",
        "coordinates": [
          [
            [
              -121.8847813,
              37.5730617
            ],
            [
              -121.8846453,
              37.5730819
            ],
            [
              -121.8845982,
              37.5728828
            ],
            [
              -121.8847342,
              37.5728626
            ],
            [
              -121.8847813,
              37.5730617
            ]
          ]
        ]
      },
      "properties": {
        "amenity": "fuel",
        "building": "roof",
        "name": "Sunol Super Stop",
        "self_service": "yes",
        "source_name": "OpenStreetMap Overpass",
        "source_url": "https://overpass-api.de/api/interpreter",
        "retrieved_at": "2026-05-03T02:57:59.023Z",
        "provisional": true
      }
    },
    {
      "type": "Feature",
      "geometry": {
        "type": "Polygon",
        "coordinates": [
          [
            [
              -121.8873139,
              37.5941141
            ],
            [
              -121.8871818,
              37.5942173
            ],
            [
              -121.887261,
              37.594281
            ],
            [
              -121.8873931,
              37.5941778
            ],
            [
              -121.8873139,
              37.5941141
            ]
          ]
        ]
      },
      "properties": {
        "addr:city": "Sunol",
        "addr:housenumber": "11925",
        "addr:postcode": "94586",
        "addr:street": "Main Street",
        "amenity": "post_office",
        "building": "yes",
        "ele": "82",
        "gnis:feature_id": "1692945",
        "name": "Sunol Post Office",
        "operator": "United States Postal Service",
        "operator:short": "USPS",
        "operator:type": "public",
        "operator:website": "https://www.usps.com",
        "operator:wikidata": "Q668687",
        "operator:wikipedia": "en:United States Postal Service",
        "source_name": "OpenStreetMap Overpass",
        "source_url": "https://overpass-api.de/api/interpreter",
        "retrieved_at": "2026-05-03T02:57:59.023Z",
        "provisional": true
      }
    },
    {
      "type": "Feature",
      "geometry": {
        "type": "Polygon",
        "coordinates": [
          [
            [
              -121.8871366,
              37.5938046
            ],
            [
              -121.8871853,
              37.5936593
            ],
            [
              -121.8872828,
              37.5936798
            ],
            [
              -121.887234,
              37.5938251
            ],
            [
              -121.8871366,
              37.5938046
            ]
          ]
        ]
      },
      "properties": {
        "amenity": "cafe",
        "building": "yes",
        "name": "Sunol Railroad Cafe",
        "opening_hours": "Mo-Fr 06:00-14:00; Sa-Su 07:00-15:00",
        "source_name": "OpenStreetMap Overpass",
        "source_url": "https://overpass-api.de/api/interpreter",
        "retrieved_at": "2026-05-03T02:57:59.023Z",
        "provisional": true
      }
    },
    {
      "type": "Feature",
      "geometry": {
        "type": "Polygon",
        "coordinates": [
          [
            [
              -121.8842479,
              37.5939223
            ],
            [
              -121.8841139,
              37.5938949
            ],
            [
              -121.8842468,
              37.5934876
            ],
            [
              -121.8843808,
              37.593515
            ],
            [
              -121.8842479,
              37.5939223
            ]
          ]
        ]
      },
      "properties": {
        "building": "school",
        "source_name": "OpenStreetMap Overpass",
        "source_url": "https://overpass-api.de/api/interpreter",
        "retrieved_at": "2026-05-03T02:57:59.023Z",
        "provisional": true
      }
    },
    {
      "type": "Feature",
      "geometry": {
        "type": "Polygon",
        "coordinates": [
          [
            [
              -121.8842287,
              37.593994
            ],
            [
              -121.8841951,
              37.594099
            ],
            [
              -121.8847203,
              37.5942045
            ],
            [
              -121.8847539,
              37.5940996
            ],
            [
              -121.8842287,
              37.593994
            ]
          ]
        ]
      },
      "properties": {
        "building": "school",
        "source_name": "OpenStreetMap Overpass",
        "source_url": "https://overpass-api.de/api/interpreter",
        "retrieved_at": "2026-05-03T02:57:59.023Z",
        "provisional": true
      }
    },
    {
      "type": "Feature",
      "geometry": {
        "type": "Polygon",
        "coordinates": [
          [
            [
              -121.8848189,
              37.5941164
            ],
            [
              -121.8847869,
              37.5942155
            ],
            [
              -121.8850244,
              37.5942635
            ],
            [
              -121.8850563,
              37.5941643
            ],
            [
              -121.8848189,
              37.5941164
            ]
          ]
        ]
      },
      "properties": {
        "building": "school",
        "name": "Library",
        "source_name": "OpenStreetMap Overpass",
        "source_url": "https://overpass-api.de/api/interpreter",
        "retrieved_at": "2026-05-03T02:57:59.023Z",
        "provisional": true
      }
    },
    {
      "type": "Feature",
      "geometry": {
        "type": "Polygon",
        "coordinates": [
          [
            [
              -121.8851117,
              37.5942121
            ],
            [
              -121.8851754,
              37.5940026
            ],
            [
              -121.8853098,
              37.5940283
            ],
            [
              -121.8852461,
              37.5942378
            ],
            [
              -121.8851117,
              37.5942121
            ]
          ]
        ]
      },
      "properties": {
        "building": "school",
        "name": "Cafeteria",
        "source_name": "OpenStreetMap Overpass",
        "source_url": "https://overpass-api.de/api/interpreter",
        "retrieved_at": "2026-05-03T02:57:59.023Z",
        "provisional": true
      }
    },
    {
      "type": "Feature",
      "geometry": {
        "type": "Polygon",
        "coordinates": [
          [
            [
              -121.8852708,
              37.5939404
            ],
            [
              -121.8851662,
              37.5939201
            ],
            [
              -121.8851457,
              37.5939866
            ],
            [
              -121.8849001,
              37.593939
            ],
            [
              -121.8849142,
              37.5938932
            ],
            [
              -121.884816,
              37.5938742
            ],
            [
              -121.8848545,
              37.5937494
            ],
            [
              -121.8853029,
              37.5938363
            ],
            [
              -121.8852708,
              37.5939404
            ]
          ]
        ]
      },
      "properties": {
        "building": "school",
        "source_name": "OpenStreetMap Overpass",
        "source_url": "https://overpass-api.de/api/interpreter",
        "retrieved_at": "2026-05-03T02:57:59.023Z",
        "provisional": true
      }
    },
    {
      "type": "Feature",
      "geometry": {
        "type": "Polygon",
        "coordinates": [
          [
            [
              -121.8843972,
              37.5938385
            ],
            [
              -121.884427,
              37.5937339
            ],
            [
              -121.8847506,
              37.593792
            ],
            [
              -121.8847207,
              37.5938965
            ],
            [
              -121.8843972,
              37.5938385
            ]
          ]
        ]
      },
      "properties": {
        "building": "school",
        "source_name": "OpenStreetMap Overpass",
        "source_url": "https://overpass-api.de/api/interpreter",
        "retrieved_at": "2026-05-03T02:57:59.023Z",
        "provisional": true
      }
    },
    {
      "type": "Feature",
      "geometry": {
        "type": "Polygon",
        "coordinates": [
          [
            [
              -121.8983561,
              37.5491462
            ],
            [
              -121.8982496,
              37.5491478
            ],
            [
              -121.8982454,
              37.5489765
            ],
            [
              -121.8983519,
              37.5489749
            ],
            [
              -121.8983561,
              37.5491462
            ]
          ]
        ]
      },
      "properties": {
        "building": "yes",
        "source_name": "OpenStreetMap Overpass",
        "source_url": "https://overpass-api.de/api/interpreter",
        "retrieved_at": "2026-05-03T02:57:59.023Z",
        "provisional": true
      }
    },
    {
      "type": "Feature",
      "geometry": {
        "type": "Polygon",
        "coordinates": [
          [
            [
              -121.899016,
              37.548729
            ],
            [
              -121.898834,
              37.5488011
            ],
            [
              -121.8986533,
              37.5487171
            ],
            [
              -121.8987941,
              37.5485403
            ],
            [
              -121.899016,
              37.548729
            ]
          ]
        ]
      },
      "properties": {
        "addr:housenumber": "5003",
        "addr:street": "Sheridan Road",
        "building": "house",
        "source_name": "OpenStreetMap Overpass",
        "source_url": "https://overpass-api.de/api/interpreter",
        "retrieved_at": "2026-05-03T02:57:59.023Z",
        "provisional": true
      }
    },
    {
      "type": "Feature",
      "geometry": {
        "type": "Polygon",
        "coordinates": [
          [
            [
              -121.9000069,
              37.5562247
            ],
            [
              -121.8999779,
              37.5562432
            ],
            [
              -121.8999395,
              37.5562054
            ],
            [
              -121.8999686,
              37.5561869
            ],
            [
              -121.9000069,
              37.5562247
            ]
          ]
        ]
      },
      "properties": {
        "building": "yes",
        "source_name": "OpenStreetMap Overpass",
        "source_url": "https://overpass-api.de/api/interpreter",
        "retrieved_at": "2026-05-03T02:57:59.023Z",
        "provisional": true
      }
    },
    {
      "type": "Feature",
      "geometry": {
        "type": "Polygon",
        "coordinates": [
          [
            [
              -121.888954,
              37.5171683
            ],
            [
              -121.888918,
              37.5171348
            ],
            [
              -121.8889413,
              37.5171191
            ],
            [
              -121.888978,
              37.5171547
            ],
            [
              -121.888954,
              37.5171683
            ]
          ]
        ]
      },
      "properties": {
        "amenity": "toilets",
        "building": "hut",
        "building:levels": "1",
        "drinking_water": "no",
        "toilets:disposal": "pitlatrine",
        "toilets:position": "seated",
        "unisex": "yes",
        "source_name": "OpenStreetMap Overpass",
        "source_url": "https://overpass-api.de/api/interpreter",
        "retrieved_at": "2026-05-03T02:57:59.023Z",
        "provisional": true
      }
    },
    {
      "type": "Feature",
      "geometry": {
        "type": "Polygon",
        "coordinates": [
          [
            [
              -121.8849712,
              37.5106311
            ],
            [
              -121.8849059,
              37.5106871
            ],
            [
              -121.8848281,
              37.5106299
            ],
            [
              -121.8848078,
              37.5106473
            ],
            [
              -121.8847462,
              37.5106021
            ],
            [
              -121.8848319,
              37.5105287
            ],
            [
              -121.8849712,
              37.5106311
            ]
          ]
        ]
      },
      "properties": {
        "building": "yes",
        "name": "Park Residence",
        "source_name": "OpenStreetMap Overpass",
        "source_url": "https://overpass-api.de/api/interpreter",
        "retrieved_at": "2026-05-03T02:57:59.023Z",
        "provisional": true
      }
    },
    {
      "type": "Feature",
      "geometry": {
        "type": "Polygon",
        "coordinates": [
          [
            [
              -121.8843037,
              37.5103471
            ],
            [
              -121.8842507,
              37.5103861
            ],
            [
              -121.8841461,
              37.5102968
            ],
            [
              -121.8841991,
              37.5102578
            ],
            [
              -121.8843037,
              37.5103471
            ]
          ]
        ]
      },
      "properties": {
        "building": "yes",
        "name": "Park Residence",
        "source_name": "OpenStreetMap Overpass",
        "source_url": "https://overpass-api.de/api/interpreter",
        "retrieved_at": "2026-05-03T02:57:59.023Z",
        "provisional": true
      }
    },
    {
      "type": "Feature",
      "geometry": {
        "type": "Polygon",
        "coordinates": [
          [
            [
              -121.888117,
              37.5938159
            ],
            [
              -121.8881417,
              37.5938038
            ],
            [
              -121.888076,
              37.593693
            ],
            [
              -121.8879314,
              37.5937648
            ],
            [
              -121.8878965,
              37.5937202
            ],
            [
              -121.8877166,
              37.5938085
            ],
            [
              -121.8877225,
              37.5938161
            ],
            [
              -121.887552,
              37.5938997
            ],
            [
              -121.8875887,
              37.5939468
            ],
            [
              -121.8877226,
              37.593973
            ],
            [
              -121.8877278,
              37.5939564
            ],
            [
              -121.8877994,
              37.5939704
            ],
            [
              -121.887916,
              37.5939131
            ],
            [
              -121.8879379,
              37.5939412
            ],
            [
              -121.8881381,
              37.5938429
            ],
            [
              -121.888117,
              37.5938159
            ]
          ]
        ]
      },
      "properties": {
        "addr:housenumber": "11922",
        "addr:street": "Main Street",
        "building": "yes",
        "source_name": "OpenStreetMap Overpass",
        "source_url": "https://overpass-api.de/api/interpreter",
        "retrieved_at": "2026-05-03T02:57:59.023Z",
        "provisional": true
      }
    },
    {
      "type": "Feature",
      "geometry": {
        "type": "Polygon",
        "coordinates": [
          [
            [
              -121.8887692,
              37.5953873
            ],
            [
              -121.8886245,
              37.59533
            ],
            [
              -121.8885778,
              37.5954114
            ],
            [
              -121.8886081,
              37.5954262
            ],
            [
              -121.8885404,
              37.5955335
            ],
            [
              -121.8886501,
              37.5955723
            ],
            [
              -121.8887692,
              37.5953873
            ]
          ]
        ]
      },
      "properties": {
        "addr:housenumber": "11973",
        "addr:street": "Foothill Road",
        "building": "house",
        "source_name": "OpenStreetMap Overpass",
        "source_url": "https://overpass-api.de/api/interpreter",
        "retrieved_at": "2026-05-03T02:57:59.023Z",
        "provisional": true
      }
    },
    {
      "type": "Feature",
      "geometry": {
        "type": "Polygon",
        "coordinates": [
          [
            [
              -121.8903967,
              37.5961863
            ],
            [
              -121.8903733,
              37.5960901
            ],
            [
              -121.8901468,
              37.5961271
            ],
            [
              -121.8901749,
              37.596227
            ],
            [
              -121.8903967,
              37.5961863
            ]
          ]
        ]
      },
      "properties": {
        "addr:housenumber": "118",
        "addr:street": "Kilkare Road",
        "building": "house",
        "source_name": "OpenStreetMap Overpass",
        "source_url": "https://overpass-api.de/api/interpreter",
        "retrieved_at": "2026-05-03T02:57:59.023Z",
        "provisional": true
      }
    },
    {
      "type": "Feature",
      "geometry": {
        "type": "Polygon",
        "coordinates": [
          [
            [
              -121.8895911,
              37.5963491
            ],
            [
              -121.8895584,
              37.5962362
            ],
            [
              -121.889395,
              37.5962603
            ],
            [
              -121.8894207,
              37.5963769
            ],
            [
              -121.8895911,
              37.5963491
            ]
          ]
        ]
      },
      "properties": {
        "addr:housenumber": "121",
        "addr:street": "Kilkare Road",
        "building": "house",
        "source_name": "OpenStreetMap Overpass",
        "source_url": "https://overpass-api.de/api/interpreter",
        "retrieved_at": "2026-05-03T02:57:59.023Z",
        "provisional": true
      }
    },
    {
      "type": "Feature",
      "geometry": {
        "type": "Polygon",
        "coordinates": [
          [
            [
              -121.8865429,
              37.5936094
            ],
            [
              -121.8866116,
              37.5933794
            ],
            [
              -121.8864944,
              37.5933574
            ],
            [
              -121.8864257,
              37.5935874
            ],
            [
              -121.8865429,
              37.5936094
            ]
          ]
        ]
      },
      "properties": {
        "addr:housenumber": "11820",
        "addr:street": "Main Street",
        "building": "house",
        "source_name": "OpenStreetMap Overpass",
        "source_url": "https://overpass-api.de/api/interpreter",
        "retrieved_at": "2026-05-03T02:57:59.023Z",
        "provisional": true
      }
    },
    {
      "type": "Feature",
      "geometry": {
        "type": "Polygon",
        "coordinates": [
          [
            [
              -121.8870569,
              37.5937371
            ],
            [
              -121.8870945,
              37.5936
            ],
            [
              -121.8869501,
              37.5935721
            ],
            [
              -121.8869108,
              37.5937105
            ],
            [
              -121.8870569,
              37.5937371
            ]
          ]
        ]
      },
      "properties": {
        "addr:housenumber": "11870;11882",
        "addr:street": "Main Street",
        "building": "house",
        "source_name": "OpenStreetMap Overpass",
        "source_url": "https://overpass-api.de/api/interpreter",
        "retrieved_at": "2026-05-03T02:57:59.023Z",
        "provisional": true
      }
    },
    {
      "type": "Feature",
      "geometry": {
        "type": "Polygon",
        "coordinates": [
          [
            [
              -121.8857078,
              37.5942193
            ],
            [
              -121.8857413,
              37.5940921
            ],
            [
              -121.885603,
              37.5940647
            ],
            [
              -121.885564,
              37.5941964
            ],
            [
              -121.8857078,
              37.5942193
            ]
          ]
        ]
      },
      "properties": {
        "addr:housenumber": "247",
        "addr:street": "Bond Street",
        "building": "yes",
        "source_name": "OpenStreetMap Overpass",
        "source_url": "https://overpass-api.de/api/interpreter",
        "retrieved_at": "2026-05-03T02:57:59.023Z",
        "provisional": true
      }
    },
    {
      "type": "Feature",
      "geometry": {
        "type": "Polygon",
        "coordinates": [
          [
            [
              -121.8871304,
              37.5932986
            ],
            [
              -121.8871645,
              37.5933061
            ],
            [
              -121.8871586,
              37.5933229
            ],
            [
              -121.8872297,
              37.5933386
            ],
            [
              -121.8872636,
              37.5932418
            ],
            [
              -121.8871987,
              37.5932275
            ],
            [
              -121.8872031,
              37.5932151
            ],
            [
              -121.8871474,
              37.5932028
            ],
            [
              -121.8871336,
              37.5932422
            ],
            [
              -121.887149,
              37.5932456
            ],
            [
              -121.8871304,
              37.5932986
            ]
          ]
        ]
      },
      "properties": {
        "building": "yes",
        "source_name": "OpenStreetMap Overpass",
        "source_url": "https://overpass-api.de/api/interpreter",
        "retrieved_at": "2026-05-03T02:57:59.023Z",
        "provisional": true
      }
    },
    {
      "type": "Feature",
      "geometry": {
        "type": "Polygon",
        "coordinates": [
          [
            [
              -121.8872718,
              37.5932204
            ],
            [
              -121.887288,
              37.5931702
            ],
            [
              -121.8872535,
              37.5931632
            ],
            [
              -121.8872373,
              37.5932134
            ],
            [
              -121.8872718,
              37.5932204
            ]
          ]
        ]
      },
      "properties": {
        "building": "yes",
        "source_name": "OpenStreetMap Overpass",
        "source_url": "https://overpass-api.de/api/interpreter",
        "retrieved_at": "2026-05-03T02:57:59.023Z",
        "provisional": true
      }
    },
    {
      "type": "Feature",
      "geometry": {
        "type": "Polygon",
        "coordinates": [
          [
            [
              -121.8870477,
              37.5932222
            ],
            [
              -121.8870966,
              37.5930585
            ],
            [
              -121.8869523,
              37.5930314
            ],
            [
              -121.8869034,
              37.5931951
            ],
            [
              -121.8870477,
              37.5932222
            ]
          ]
        ]
      },
      "properties": {
        "addr:housenumber": "11842",
        "addr:street": "Main Street",
        "building": "yes",
        "source_name": "OpenStreetMap Overpass",
        "source_url": "https://overpass-api.de/api/interpreter",
        "retrieved_at": "2026-05-03T02:57:59.023Z",
        "provisional": true
      }
    },
    {
      "type": "Feature",
      "geometry": {
        "type": "Polygon",
        "coordinates": [
          [
            [
              -121.886764,
              37.5933545
            ],
            [
              -121.8867784,
              37.5933064
            ],
            [
              -121.8866922,
              37.5932901
            ],
            [
              -121.8866777,
              37.5933382
            ],
            [
              -121.886764,
              37.5933545
            ]
          ]
        ]
      },
      "properties": {
        "building": "yes",
        "source_name": "OpenStreetMap Overpass",
        "source_url": "https://overpass-api.de/api/interpreter",
        "retrieved_at": "2026-05-03T02:57:59.023Z",
        "provisional": true
      }
    },
    {
      "type": "Feature",
      "geometry": {
        "type": "Polygon",
        "coordinates": [
          [
            [
              -121.8867149,
              37.5931865
            ],
            [
              -121.8868151,
              37.5932055
            ],
            [
              -121.8868393,
              37.5931249
            ],
            [
              -121.8867392,
              37.593106
            ],
            [
              -121.8867149,
              37.5931865
            ]
          ]
        ]
      },
      "properties": {
        "building": "yes",
        "source_name": "OpenStreetMap Overpass",
        "source_url": "https://overpass-api.de/api/interpreter",
        "retrieved_at": "2026-05-03T02:57:59.023Z",
        "provisional": true
      }
    },
    {
      "type": "Feature",
      "geometry": {
        "type": "Polygon",
        "coordinates": [
          [
            [
              -121.8864964,
              37.5932993
            ],
            [
              -121.8865624,
              37.5933107
            ],
            [
              -121.8865888,
              37.5932148
            ],
            [
              -121.8865227,
              37.5932033
            ],
            [
              -121.8864964,
              37.5932993
            ]
          ]
        ]
      },
      "properties": {
        "building": "yes",
        "source_name": "OpenStreetMap Overpass",
        "source_url": "https://overpass-api.de/api/interpreter",
        "retrieved_at": "2026-05-03T02:57:59.023Z",
        "provisional": true
      }
    },
    {
      "type": "Feature",
      "geometry": {
        "type": "Polygon",
        "coordinates": [
          [
            [
              -121.886485,
              37.5933363
            ],
            [
              -121.886546,
              37.5933493
            ],
            [
              -121.8865558,
              37.5933205
            ],
            [
              -121.8864948,
              37.5933075
            ],
            [
              -121.886485,
              37.5933363
            ]
          ]
        ]
      },
      "properties": {
        "building": "yes",
        "source_name": "OpenStreetMap Overpass",
        "source_url": "https://overpass-api.de/api/interpreter",
        "retrieved_at": "2026-05-03T02:57:59.023Z",
        "provisional": true
      }
    },
    {
      "type": "Feature",
      "geometry": {
        "type": "Polygon",
        "coordinates": [
          [
            [
              -121.8862678,
              37.5936204
            ],
            [
              -121.8863518,
              37.5936368
            ],
            [
              -121.8863641,
              37.5935972
            ],
            [
              -121.8863901,
              37.5936023
            ],
            [
              -121.8864037,
              37.5935585
            ],
            [
              -121.8863942,
              37.5935566
            ],
            [
              -121.886407,
              37.5935151
            ],
            [
              -121.8862784,
              37.59349
            ],
            [
              -121.8862646,
              37.5935346
            ],
            [
              -121.8862214,
              37.5935262
            ],
            [
              -121.8862011,
              37.5935917
            ],
            [
              -121.8862723,
              37.5936056
            ],
            [
              -121.8862678,
              37.5936204
            ]
          ]
        ]
      },
      "properties": {
        "addr:housenumber": "11780",
        "addr:street": "Main Street",
        "building": "yes",
        "source_name": "OpenStreetMap Overpass",
        "source_url": "https://overpass-api.de/api/interpreter",
        "retrieved_at": "2026-05-03T02:57:59.023Z",
        "provisional": true
      }
    },
    {
      "type": "Feature",
      "geometry": {
        "type": "Polygon",
        "coordinates": [
          [
            [
              -121.8862481,
              37.5934562
            ],
            [
              -121.8863114,
              37.5934672
            ],
            [
              -121.886344,
              37.5933497
            ],
            [
              -121.8862807,
              37.5933386
            ],
            [
              -121.8862481,
              37.5934562
            ]
          ]
        ]
      },
      "properties": {
        "building": "yes",
        "source_name": "OpenStreetMap Overpass",
        "source_url": "https://overpass-api.de/api/interpreter",
        "retrieved_at": "2026-05-03T02:57:59.023Z",
        "provisional": true
      }
    },
    {
      "type": "Feature",
      "geometry": {
        "type": "Polygon",
        "coordinates": [
          [
            [
              -121.8860688,
              37.5935747
            ],
            [
              -121.8861344,
              37.5935876
            ],
            [
              -121.8861377,
              37.5935771
            ],
            [
              -121.8861811,
              37.5935856
            ],
            [
              -121.8862175,
              37.5934691
            ],
            [
              -121.8860863,
              37.5934433
            ],
            [
              -121.8860598,
              37.5935279
            ],
            [
              -121.8860821,
              37.5935323
            ],
            [
              -121.8860688,
              37.5935747
            ]
          ]
        ]
      },
      "properties": {
        "addr:housenumber": "11768",
        "addr:street": "Main Street",
        "building": "yes",
        "source_name": "OpenStreetMap Overpass",
        "source_url": "https://overpass-api.de/api/interpreter",
        "retrieved_at": "2026-05-03T02:57:59.023Z",
        "provisional": true
      }
    },
    {
      "type": "Feature",
      "geometry": {
        "type": "Polygon",
        "coordinates": [
          [
            [
              -121.8859778,
              37.5932373
            ],
            [
              -121.8859363,
              37.5933717
            ],
            [
              -121.8860407,
              37.5933919
            ],
            [
              -121.8860822,
              37.5932575
            ],
            [
              -121.8859778,
              37.5932373
            ]
          ]
        ]
      },
      "properties": {
        "building": "yes",
        "source_name": "OpenStreetMap Overpass",
        "source_url": "https://overpass-api.de/api/interpreter",
        "retrieved_at": "2026-05-03T02:57:59.023Z",
        "provisional": true
      }
    },
    {
      "type": "Feature",
      "geometry": {
        "type": "Polygon",
        "coordinates": [
          [
            [
              -121.8857106,
              37.5933967
            ],
            [
              -121.8858383,
              37.5934198
            ],
            [
              -121.8858854,
              37.5932567
            ],
            [
              -121.8857577,
              37.5932336
            ],
            [
              -121.8857106,
              37.5933967
            ]
          ]
        ]
      },
      "properties": {
        "building": "yes",
        "source_name": "OpenStreetMap Overpass",
        "source_url": "https://overpass-api.de/api/interpreter",
        "retrieved_at": "2026-05-03T02:57:59.023Z",
        "provisional": true
      }
    },
    {
      "type": "Feature",
      "geometry": {
        "type": "Polygon",
        "coordinates": [
          [
            [
              -121.8853731,
              37.5933588
            ],
            [
              -121.8855787,
              37.5933958
            ],
            [
              -121.8856063,
              37.5932993
            ],
            [
              -121.8854008,
              37.5932623
            ],
            [
              -121.8853731,
              37.5933588
            ]
          ]
        ]
      },
      "properties": {
        "building": "yes",
        "source_name": "OpenStreetMap Overpass",
        "source_url": "https://overpass-api.de/api/interpreter",
        "retrieved_at": "2026-05-03T02:57:59.023Z",
        "provisional": true
      }
    },
    {
      "type": "Feature",
      "geometry": {
        "type": "Polygon",
        "coordinates": [
          [
            [
              -121.8857287,
              37.5929578
            ],
            [
              -121.8857846,
              37.5927684
            ],
            [
              -121.88567,
              37.5927472
            ],
            [
              -121.8856142,
              37.5929366
            ],
            [
              -121.8857287,
              37.5929578
            ]
          ]
        ]
      },
      "properties": {
        "addr:housenumber": "11760",
        "addr:street": "Main Street",
        "building": "yes",
        "source_name": "OpenStreetMap Overpass",
        "source_url": "https://overpass-api.de/api/interpreter",
        "retrieved_at": "2026-05-03T02:57:59.023Z",
        "provisional": true
      }
    },
    {
      "type": "Feature",
      "geometry": {
        "type": "Polygon",
        "coordinates": [
          [
            [
              -121.8866457,
              37.5920499
            ],
            [
              -121.8866021,
              37.592335
            ],
            [
              -121.8867626,
              37.5923504
            ],
            [
              -121.8868062,
              37.5920653
            ],
            [
              -121.8866457,
              37.5920499
            ]
          ]
        ]
      },
      "properties": {
        "addr:housenumber": "8301",
        "addr:street": "Niles Canyon Road",
        "building": "yes",
        "source_name": "OpenStreetMap Overpass",
        "source_url": "https://overpass-api.de/api/interpreter",
        "retrieved_at": "2026-05-03T02:57:59.023Z",
        "provisional": true
      }
    },
    {
      "type": "Feature",
      "geometry": {
        "type": "Polygon",
        "coordinates": [
          [
            [
              -121.886758,
              37.5915669
            ],
            [
              -121.8867336,
              37.5916986
            ],
            [
              -121.8867664,
              37.5917024
            ],
            [
              -121.8867554,
              37.5917617
            ],
            [
              -121.8868691,
              37.591775
            ],
            [
              -121.8869046,
              37.591584
            ],
            [
              -121.886758,
              37.5915669
            ]
          ]
        ]
      },
      "properties": {
        "building": "yes",
        "source_name": "OpenStreetMap Overpass",
        "source_url": "https://overpass-api.de/api/interpreter",
        "retrieved_at": "2026-05-03T02:57:59.023Z",
        "provisional": true
      }
    },
    {
      "type": "Feature",
      "geometry": {
        "type": "Polygon",
        "coordinates": [
          [
            [
              -121.8002153,
              37.53396
            ],
            [
              -121.8001121,
              37.5339705
            ],
            [
              -121.8001204,
              37.5340219
            ],
            [
              -121.800041,
              37.53403
            ],
            [
              -121.8000338,
              37.5339852
            ],
            [
              -121.7999631,
              37.5339924
            ],
            [
              -121.7999823,
              37.5341113
            ],
            [
              -121.8000636,
              37.5341031
            ],
            [
              -121.8000736,
              37.5341648
            ],
            [
              -121.8000127,
              37.534171
            ],
            [
              -121.8000343,
              37.5343044
            ],
            [
              -121.8001684,
              37.5342908
            ],
            [
              -121.8001651,
              37.5342704
            ],
            [
              -121.8001807,
              37.5342689
            ],
            [
              -121.8002099,
              37.5342374
            ],
            [
              -121.8002078,
              37.5341687
            ],
            [
              -121.8002307,
              37.5341497
            ],
            [
              -121.8002213,
              37.534081
            ],
            [
              -121.8001896,
              37.5340697
            ],
            [
              -121.8002015,
              37.5340488
            ],
            [
              -121.8002047,
              37.5340173
            ],
            [
              -121.8002234,
              37.5340107
            ],
            [
              -121.8002153,
              37.53396
            ]
          ]
        ]
      },
      "properties": {
        "building": "house",
        "source_name": "OpenStreetMap Overpass",
        "source_url": "https://overpass-api.de/api/interpreter",
        "retrieved_at": "2026-05-03T02:57:59.023Z",
        "provisional": true
      }
    },
    {
      "type": "Feature",
      "geometry": {
        "type": "Polygon",
        "coordinates": [
          [
            [
              -121.8002404,
              37.5346443
            ],
            [
              -121.8002281,
              37.5345778
            ],
            [
              -121.8001174,
              37.5345908
            ],
            [
              -121.8001297,
              37.5346572
            ],
            [
              -121.8002404,
              37.5346443
            ]
          ]
        ]
      },
      "properties": {
        "building": "yes",
        "source_name": "OpenStreetMap Overpass",
        "source_url": "https://overpass-api.de/api/interpreter",
        "retrieved_at": "2026-05-03T02:57:59.023Z",
        "provisional": true
      }
    },
    {
      "type": "Feature",
      "geometry": {
        "type": "Polygon",
        "coordinates": [
          [
            [
              -121.8014665,
              37.5308414
            ],
            [
              -121.8014184,
              37.5309435
            ],
            [
              -121.8017095,
              37.5310299
            ],
            [
              -121.8018111,
              37.5308146
            ],
            [
              -121.8016643,
              37.5307711
            ],
            [
              -121.801611,
              37.5308843
            ],
            [
              -121.8014665,
              37.5308414
            ]
          ]
        ]
      },
      "properties": {
        "building": "house",
        "source_name": "OpenStreetMap Overpass",
        "source_url": "https://overpass-api.de/api/interpreter",
        "retrieved_at": "2026-05-03T02:57:59.023Z",
        "provisional": true
      }
    },
    {
      "type": "Feature",
      "geometry": {
        "type": "Polygon",
        "coordinates": [
          [
            [
              -121.8017745,
              37.5305148
            ],
            [
              -121.8017404,
              37.5305507
            ],
            [
              -121.8017838,
              37.5305765
            ],
            [
              -121.8018178,
              37.5305406
            ],
            [
              -121.8017745,
              37.5305148
            ]
          ]
        ]
      },
      "properties": {
        "building": "yes",
        "source_name": "OpenStreetMap Overpass",
        "source_url": "https://overpass-api.de/api/interpreter",
        "retrieved_at": "2026-05-03T02:57:59.023Z",
        "provisional": true
      }
    },
    {
      "type": "Feature",
      "geometry": {
        "type": "Polygon",
        "coordinates": [
          [
            [
              -121.8045989,
              37.5339621
            ],
            [
              -121.804369,
              37.5340692
            ],
            [
              -121.8044331,
              37.5341558
            ],
            [
              -121.804663,
              37.5340486
            ],
            [
              -121.8045989,
              37.5339621
            ]
          ]
        ]
      },
      "properties": {
        "building": "house",
        "source_name": "OpenStreetMap Overpass",
        "source_url": "https://overpass-api.de/api/interpreter",
        "retrieved_at": "2026-05-03T02:57:59.023Z",
        "provisional": true
      }
    },
    {
      "type": "Feature",
      "geometry": {
        "type": "Polygon",
        "coordinates": [
          [
            [
              -121.8060337,
              37.5328128
            ],
            [
              -121.8060956,
              37.5328587
            ],
            [
              -121.806149,
              37.5328135
            ],
            [
              -121.8062106,
              37.5328593
            ],
            [
              -121.8061668,
              37.5328964
            ],
            [
              -121.8062314,
              37.5329444
            ],
            [
              -121.8063642,
              37.5328319
            ],
            [
              -121.8061761,
              37.5326922
            ],
            [
              -121.8060337,
              37.5328128
            ]
          ]
        ]
      },
      "properties": {
        "building": "house",
        "source_name": "OpenStreetMap Overpass",
        "source_url": "https://overpass-api.de/api/interpreter",
        "retrieved_at": "2026-05-03T02:57:59.023Z",
        "provisional": true
      }
    },
    {
      "type": "Feature",
      "geometry": {
        "type": "Polygon",
        "coordinates": [
          [
            [
              -121.8061146,
              37.53308
            ],
            [
              -121.8059947,
              37.5329911
            ],
            [
              -121.805881,
              37.5330875
            ],
            [
              -121.8060009,
              37.5331764
            ],
            [
              -121.8061146,
              37.53308
            ]
          ]
        ]
      },
      "properties": {
        "building": "yes",
        "source_name": "OpenStreetMap Overpass",
        "source_url": "https://overpass-api.de/api/interpreter",
        "retrieved_at": "2026-05-03T02:57:59.023Z",
        "provisional": true
      }
    },
    {
      "type": "Feature",
      "geometry": {
        "type": "Polygon",
        "coordinates": [
          [
            [
              -121.8900924,
              37.5802211
            ],
            [
              -121.8899644,
              37.5803532
            ],
            [
              -121.8900498,
              37.5804052
            ],
            [
              -121.8901779,
              37.5802731
            ],
            [
              -121.8900924,
              37.5802211
            ]
          ]
        ]
      },
      "properties": {
        "building": "yes",
        "source_name": "OpenStreetMap Overpass",
        "source_url": "https://overpass-api.de/api/interpreter",
        "retrieved_at": "2026-05-03T02:57:59.023Z",
        "provisional": true
      }
    },
    {
      "type": "Feature",
      "geometry": {
        "type": "Polygon",
        "coordinates": [
          [
            [
              -121.8902786,
              37.5803093
            ],
            [
              -121.8900776,
              37.5804758
            ],
            [
              -121.8901123,
              37.5804961
            ],
            [
              -121.8903188,
              37.5803542
            ],
            [
              -121.8902786,
              37.5803093
            ]
          ]
        ]
      },
      "properties": {
        "building": "yes",
        "source_name": "OpenStreetMap Overpass",
        "source_url": "https://overpass-api.de/api/interpreter",
        "retrieved_at": "2026-05-03T02:57:59.023Z",
        "provisional": true
      }
    },
    {
      "type": "Feature",
      "geometry": {
        "type": "Polygon",
        "coordinates": [
          [
            [
              -121.8869954,
              37.5805096
            ],
            [
              -121.8867711,
              37.5807394
            ],
            [
              -121.8869624,
              37.5808566
            ],
            [
              -121.8868494,
              37.5809724
            ],
            [
              -121.8871301,
              37.5811444
            ],
            [
              -121.8874673,
              37.5807988
            ],
            [
              -121.8869954,
              37.5805096
            ]
          ]
        ]
      },
      "properties": {
        "addr:housenumber": "6900",
        "addr:street": "Mission Road",
        "building": "yes",
        "source_name": "OpenStreetMap Overpass",
        "source_url": "https://overpass-api.de/api/interpreter",
        "retrieved_at": "2026-05-03T02:57:59.023Z",
        "provisional": true
      }
    },
    {
      "type": "Feature",
      "geometry": {
        "type": "Polygon",
        "coordinates": [
          [
            [
              -121.8947331,
              37.5704105
            ],
            [
              -121.8945436,
              37.570289
            ],
            [
              -121.8943145,
              37.5705134
            ],
            [
              -121.8945039,
              37.5706349
            ],
            [
              -121.8947331,
              37.5704105
            ]
          ]
        ]
      },
      "properties": {
        "addr:housenumber": "5815",
        "addr:street": "Mission Road",
        "building": "yes",
        "source_name": "OpenStreetMap Overpass",
        "source_url": "https://overpass-api.de/api/interpreter",
        "retrieved_at": "2026-05-03T02:57:59.023Z",
        "provisional": true
      }
    },
    {
      "type": "Feature",
      "geometry": {
        "type": "Polygon",
        "coordinates": [
          [
            [
              -121.8325935,
              37.5148195
            ],
            [
              -121.8325572,
              37.5147479
            ],
            [
              -121.832343,
              37.5148162
            ],
            [
              -121.8323793,
              37.5148878
            ],
            [
              -121.8325935,
              37.5148195
            ]
          ]
        ]
      },
      "properties": {
        "building": "yes",
        "source_name": "OpenStreetMap Overpass",
        "source_url": "https://overpass-api.de/api/interpreter",
        "retrieved_at": "2026-05-03T02:57:59.023Z",
        "provisional": true
      }
    },
    {
      "type": "Feature",
      "geometry": {
        "type": "Polygon",
        "coordinates": [
          [
            [
              -121.8681479,
              37.5194309
            ],
            [
              -121.868214,
              37.5193644
            ],
            [
              -121.8680819,
              37.5192818
            ],
            [
              -121.8680158,
              37.5193482
            ],
            [
              -121.8681479,
              37.5194309
            ]
          ]
        ]
      },
      "properties": {
        "building": "yes",
        "source_name": "OpenStreetMap Overpass",
        "source_url": "https://overpass-api.de/api/interpreter",
        "retrieved_at": "2026-05-03T02:57:59.023Z",
        "provisional": true
      }
    },
    {
      "type": "Feature",
      "geometry": {
        "type": "Polygon",
        "coordinates": [
          [
            [
              -121.8681682,
              37.5204569
            ],
            [
              -121.8682529,
              37.520446
            ],
            [
              -121.8682408,
              37.5203867
            ],
            [
              -121.8683054,
              37.5203784
            ],
            [
              -121.8682812,
              37.5202597
            ],
            [
              -121.8681926,
              37.5202711
            ],
            [
              -121.868209,
              37.5203514
            ],
            [
              -121.8681483,
              37.5203592
            ],
            [
              -121.8681682,
              37.5204569
            ]
          ]
        ]
      },
      "properties": {
        "building": "yes",
        "source_name": "OpenStreetMap Overpass",
        "source_url": "https://overpass-api.de/api/interpreter",
        "retrieved_at": "2026-05-03T02:57:59.023Z",
        "provisional": true
      }
    },
    {
      "type": "Feature",
      "geometry": {
        "type": "Polygon",
        "coordinates": [
          [
            [
              -121.867116,
              37.5204827
            ],
            [
              -121.8669596,
              37.5205146
            ],
            [
              -121.8669014,
              37.520335
            ],
            [
              -121.8667944,
              37.5203568
            ],
            [
              -121.866884,
              37.5206332
            ],
            [
              -121.8671473,
              37.5205795
            ],
            [
              -121.867116,
              37.5204827
            ]
          ]
        ]
      },
      "properties": {
        "addr:housenumber": "9000",
        "addr:street": "Mill Creek Road",
        "building": "yes",
        "source_name": "OpenStreetMap Overpass",
        "source_url": "https://overpass-api.de/api/interpreter",
        "retrieved_at": "2026-05-03T02:57:59.023Z",
        "provisional": true
      }
    },
    {
      "type": "Feature",
      "geometry": {
        "type": "Polygon",
        "coordinates": [
          [
            [
              -121.8753813,
              37.5196031
            ],
            [
              -121.8752977,
              37.5194457
            ],
            [
              -121.8751693,
              37.5194886
            ],
            [
              -121.8752528,
              37.519646
            ],
            [
              -121.8753813,
              37.5196031
            ]
          ]
        ]
      },
      "properties": {
        "building": "yes",
        "source_name": "OpenStreetMap Overpass",
        "source_url": "https://overpass-api.de/api/interpreter",
        "retrieved_at": "2026-05-03T02:57:59.023Z",
        "provisional": true
      }
    },
    {
      "type": "Feature",
      "geometry": {
        "type": "Polygon",
        "coordinates": [
          [
            [
              -121.8752762,
              37.5199493
            ],
            [
              -121.8752367,
              37.5198956
            ],
            [
              -121.8751572,
              37.5199325
            ],
            [
              -121.8751966,
              37.5199861
            ],
            [
              -121.8752762,
              37.5199493
            ]
          ]
        ]
      },
      "properties": {
        "building": "yes",
        "source_name": "OpenStreetMap Overpass",
        "source_url": "https://overpass-api.de/api/interpreter",
        "retrieved_at": "2026-05-03T02:57:59.023Z",
        "provisional": true
      }
    },
    {
      "type": "Feature",
      "geometry": {
        "type": "Polygon",
        "coordinates": [
          [
            [
              -121.8753932,
              37.5201268
            ],
            [
              -121.8753034,
              37.5200088
            ],
            [
              -121.8752205,
              37.5200485
            ],
            [
              -121.8753102,
              37.5201665
            ],
            [
              -121.8753932,
              37.5201268
            ]
          ]
        ]
      },
      "properties": {
        "building": "yes",
        "source_name": "OpenStreetMap Overpass",
        "source_url": "https://overpass-api.de/api/interpreter",
        "retrieved_at": "2026-05-03T02:57:59.023Z",
        "provisional": true
      }
    },
    {
      "type": "Feature",
      "geometry": {
        "type": "Polygon",
        "coordinates": [
          [
            [
              -121.8750672,
              37.5207418
            ],
            [
              -121.8748794,
              37.5206611
            ],
            [
              -121.874719,
              37.5208958
            ],
            [
              -121.8749069,
              37.5209765
            ],
            [
              -121.8750672,
              37.5207418
            ]
          ]
        ]
      },
      "properties": {
        "building": "yes",
        "source_name": "OpenStreetMap Overpass",
        "source_url": "https://overpass-api.de/api/interpreter",
        "retrieved_at": "2026-05-03T02:57:59.023Z",
        "provisional": true
      }
    },
    {
      "type": "Feature",
      "geometry": {
        "type": "Polygon",
        "coordinates": [
          [
            [
              -121.8747408,
              37.5211951
            ],
            [
              -121.8748154,
              37.5210849
            ],
            [
              -121.8746524,
              37.5210155
            ],
            [
              -121.8745778,
              37.5211257
            ],
            [
              -121.8747408,
              37.5211951
            ]
          ]
        ]
      },
      "properties": {
        "building": "yes",
        "source_name": "OpenStreetMap Overpass",
        "source_url": "https://overpass-api.de/api/interpreter",
        "retrieved_at": "2026-05-03T02:57:59.023Z",
        "provisional": true
      }
    },
    {
      "type": "Feature",
      "geometry": {
        "type": "Polygon",
        "coordinates": [
          [
            [
              -121.8750002,
              37.5216641
            ],
            [
              -121.875008,
              37.5215526
            ],
            [
              -121.8748604,
              37.5215461
            ],
            [
              -121.8748527,
              37.5216577
            ],
            [
              -121.8750002,
              37.5216641
            ]
          ]
        ]
      },
      "properties": {
        "building": "yes",
        "source_name": "OpenStreetMap Overpass",
        "source_url": "https://overpass-api.de/api/interpreter",
        "retrieved_at": "2026-05-03T02:57:59.023Z",
        "provisional": true
      }
    },
    {
      "type": "Feature",
      "geometry": {
        "type": "Polygon",
        "coordinates": [
          [
            [
              -121.8747102,
              37.52174
            ],
            [
              -121.8747134,
              37.5217196
            ],
            [
              -121.8746679,
              37.5217151
            ],
            [
              -121.8746647,
              37.5217355
            ],
            [
              -121.8747102,
              37.52174
            ]
          ]
        ]
      },
      "properties": {
        "building": "yes",
        "source_name": "OpenStreetMap Overpass",
        "source_url": "https://overpass-api.de/api/interpreter",
        "retrieved_at": "2026-05-03T02:57:59.023Z",
        "provisional": true
      }
    },
    {
      "type": "Feature",
      "geometry": {
        "type": "Polygon",
        "coordinates": [
          [
            [
              -121.8749932,
              37.5224151
            ],
            [
              -121.8751091,
              37.5224315
            ],
            [
              -121.8751413,
              37.5222877
            ],
            [
              -121.8750254,
              37.5222714
            ],
            [
              -121.8749932,
              37.5224151
            ]
          ]
        ]
      },
      "properties": {
        "building": "yes",
        "source_name": "OpenStreetMap Overpass",
        "source_url": "https://overpass-api.de/api/interpreter",
        "retrieved_at": "2026-05-03T02:57:59.023Z",
        "provisional": true
      }
    },
    {
      "type": "Feature",
      "geometry": {
        "type": "Polygon",
        "coordinates": [
          [
            [
              -121.8747917,
              37.5223926
            ],
            [
              -121.8748288,
              37.5223944
            ],
            [
              -121.8748337,
              37.5223289
            ],
            [
              -121.874807,
              37.5222593
            ],
            [
              -121.8746899,
              37.5222058
            ],
            [
              -121.8746899,
              37.5221442
            ],
            [
              -121.8746416,
              37.5221159
            ],
            [
              -121.8745945,
              37.5221321
            ],
            [
              -121.8745219,
              37.5221301
            ],
            [
              -121.8744685,
              37.5221704
            ],
            [
              -121.8744129,
              37.5221638
            ],
            [
              -121.8743958,
              37.5222535
            ],
            [
              -121.8744609,
              37.5222613
            ],
            [
              -121.8744812,
              37.5222835
            ],
            [
              -121.8744664,
              37.5223991
            ],
            [
              -121.8745499,
              37.5224058
            ],
            [
              -121.8745678,
              37.5222663
            ],
            [
              -121.8746161,
              37.5222411
            ],
            [
              -121.874664,
              37.5222487
            ],
            [
              -121.8746696,
              37.522227
            ],
            [
              -121.8747803,
              37.5222916
            ],
            [
              -121.8747968,
              37.5223259
            ],
            [
              -121.8747917,
              37.5223926
            ]
          ]
        ]
      },
      "properties": {
        "addr:housenumber": "8116",
        "addr:street": "Mill Creek Road",
        "building": "yes",
        "source_name": "OpenStreetMap Overpass",
        "source_url": "https://overpass-api.de/api/interpreter",
        "retrieved_at": "2026-05-03T02:57:59.023Z",
        "provisional": true
      }
    },
    {
      "type": "Feature",
      "geometry": {
        "type": "Polygon",
        "coordinates": [
          [
            [
              -121.874567,
              37.5224418
            ],
            [
              -121.8744993,
              37.5224338
            ],
            [
              -121.8744878,
              37.522494
            ],
            [
              -121.8745556,
              37.522502
            ],
            [
              -121.874567,
              37.5224418
            ]
          ]
        ]
      },
      "properties": {
        "building": "yes",
        "source_name": "OpenStreetMap Overpass",
        "source_url": "https://overpass-api.de/api/interpreter",
        "retrieved_at": "2026-05-03T02:57:59.023Z",
        "provisional": true
      }
    },
    {
      "type": "Feature",
      "geometry": {
        "type": "Polygon",
        "coordinates": [
          [
            [
              -121.8754872,
              37.5226639
            ],
            [
              -121.8753673,
              37.5225805
            ],
            [
              -121.8753009,
              37.5226406
            ],
            [
              -121.8754208,
              37.5227239
            ],
            [
              -121.8754872,
              37.5226639
            ]
          ]
        ]
      },
      "properties": {
        "building": "yes",
        "source_name": "OpenStreetMap Overpass",
        "source_url": "https://overpass-api.de/api/interpreter",
        "retrieved_at": "2026-05-03T02:57:59.023Z",
        "provisional": true
      }
    },
    {
      "type": "Feature",
      "geometry": {
        "type": "Polygon",
        "coordinates": [
          [
            [
              -121.8752757,
              37.5226071
            ],
            [
              -121.8752998,
              37.5225413
            ],
            [
              -121.8752268,
              37.5225245
            ],
            [
              -121.8752028,
              37.5225903
            ],
            [
              -121.8752757,
              37.5226071
            ]
          ]
        ]
      },
      "properties": {
        "building": "yes",
        "source_name": "OpenStreetMap Overpass",
        "source_url": "https://overpass-api.de/api/interpreter",
        "retrieved_at": "2026-05-03T02:57:59.023Z",
        "provisional": true
      }
    },
    {
      "type": "Feature",
      "geometry": {
        "type": "Polygon",
        "coordinates": [
          [
            [
              -121.8720166,
              37.4997544
            ],
            [
              -121.8720021,
              37.4997346
            ],
            [
              -121.8721205,
              37.4996802
            ],
            [
              -121.8721349,
              37.4996999
            ],
            [
              -121.8720166,
              37.4997544
            ]
          ]
        ]
      },
      "properties": {
        "building": "yes",
        "source_name": "OpenStreetMap Overpass",
        "source_url": "https://overpass-api.de/api/interpreter",
        "retrieved_at": "2026-05-03T02:57:59.023Z",
        "provisional": true
      }
    },
    {
      "type": "Feature",
      "geometry": {
        "type": "Polygon",
        "coordinates": [
          [
            [
              -121.8719785,
              37.4996375
            ],
            [
              -121.8718609,
              37.4996893
            ],
            [
              -121.8718249,
              37.4996378
            ],
            [
              -121.8719424,
              37.499586
            ],
            [
              -121.8719785,
              37.4996375
            ]
          ]
        ]
      },
      "properties": {
        "building": "yes",
        "source_name": "OpenStreetMap Overpass",
        "source_url": "https://overpass-api.de/api/interpreter",
        "retrieved_at": "2026-05-03T02:57:59.023Z",
        "provisional": true
      }
    },
    {
      "type": "Feature",
      "geometry": {
        "type": "Polygon",
        "coordinates": [
          [
            [
              -121.8717561,
              37.4996348
            ],
            [
              -121.8717323,
              37.499601
            ],
            [
              -121.8718057,
              37.4995684
            ],
            [
              -121.8718295,
              37.4996022
            ],
            [
              -121.8717561,
              37.4996348
            ]
          ]
        ]
      },
      "properties": {
        "building": "yes",
        "source_name": "OpenStreetMap Overpass",
        "source_url": "https://overpass-api.de/api/interpreter",
        "retrieved_at": "2026-05-03T02:57:59.023Z",
        "provisional": true
      }
    },
    {
      "type": "Feature",
      "geometry": {
        "type": "Polygon",
        "coordinates": [
          [
            [
              -121.8717979,
              37.4997396
            ],
            [
              -121.8717407,
              37.4996703
            ],
            [
              -121.8717655,
              37.4996574
            ],
            [
              -121.8718227,
              37.4997267
            ],
            [
              -121.8717979,
              37.4997396
            ]
          ]
        ]
      },
      "properties": {
        "building": "yes",
        "source_name": "OpenStreetMap Overpass",
        "source_url": "https://overpass-api.de/api/interpreter",
        "retrieved_at": "2026-05-03T02:57:59.023Z",
        "provisional": true
      }
    },
    {
      "type": "Feature",
      "geometry": {
        "type": "Polygon",
        "coordinates": [
          [
            [
              -121.8719389,
              37.4997017
            ],
            [
              -121.8719253,
              37.4996818
            ],
            [
              -121.8720045,
              37.4996477
            ],
            [
              -121.8720181,
              37.4996676
            ],
            [
              -121.8719389,
              37.4997017
            ]
          ]
        ]
      },
      "properties": {
        "building": "yes",
        "source_name": "OpenStreetMap Overpass",
        "source_url": "https://overpass-api.de/api/interpreter",
        "retrieved_at": "2026-05-03T02:57:59.023Z",
        "provisional": true
      }
    },
    {
      "type": "Feature",
      "geometry": {
        "type": "Polygon",
        "coordinates": [
          [
            [
              -121.871229,
              37.4985715
            ],
            [
              -121.8712293,
              37.4985447
            ],
            [
              -121.871161,
              37.4985441
            ],
            [
              -121.8711606,
              37.4985709
            ],
            [
              -121.871229,
              37.4985715
            ]
          ]
        ]
      },
      "properties": {
        "building": "service",
        "source_name": "OpenStreetMap Overpass",
        "source_url": "https://overpass-api.de/api/interpreter",
        "retrieved_at": "2026-05-03T02:57:59.023Z",
        "provisional": true
      }
    },
    {
      "type": "Feature",
      "geometry": {
        "type": "Polygon",
        "coordinates": [
          [
            [
              -121.8545169,
              37.5171459
            ],
            [
              -121.8543992,
              37.5171381
            ],
            [
              -121.854385,
              37.5172776
            ],
            [
              -121.8545127,
              37.5172821
            ],
            [
              -121.8545169,
              37.5171459
            ]
          ]
        ]
      },
      "properties": {
        "building": "yes",
        "source_name": "OpenStreetMap Overpass",
        "source_url": "https://overpass-api.de/api/interpreter",
        "retrieved_at": "2026-05-03T02:57:59.023Z",
        "provisional": true
      }
    },
    {
      "type": "Feature",
      "geometry": {
        "type": "Polygon",
        "coordinates": [
          [
            [
              -121.8541439,
              37.5171819
            ],
            [
              -121.8540702,
              37.5171189
            ],
            [
              -121.8541638,
              37.5170548
            ],
            [
              -121.8542361,
              37.5171167
            ],
            [
              -121.8541439,
              37.5171819
            ]
          ]
        ]
      },
      "properties": {
        "building": "yes",
        "source_name": "OpenStreetMap Overpass",
        "source_url": "https://overpass-api.de/api/interpreter",
        "retrieved_at": "2026-05-03T02:57:59.023Z",
        "provisional": true
      }
    },
    {
      "type": "Feature",
      "geometry": {
        "type": "Polygon",
        "coordinates": [
          [
            [
              -121.8522735,
              37.4989832
            ],
            [
              -121.8521708,
              37.4989104
            ],
            [
              -121.8522332,
              37.4988609
            ],
            [
              -121.8523396,
              37.4989337
            ],
            [
              -121.8522735,
              37.4989832
            ]
          ]
        ]
      },
      "properties": {
        "building": "yes",
        "source_name": "OpenStreetMap Overpass",
        "source_url": "https://overpass-api.de/api/interpreter",
        "retrieved_at": "2026-05-03T02:57:59.023Z",
        "provisional": true
      }
    },
    {
      "type": "Feature",
      "geometry": {
        "type": "Polygon",
        "coordinates": [
          [
            [
              -121.8536274,
              37.498596
            ],
            [
              -121.853433,
              37.4985698
            ],
            [
              -121.8534733,
              37.4984039
            ],
            [
              -121.8536678,
              37.498433
            ],
            [
              -121.8536274,
              37.498596
            ]
          ]
        ]
      },
      "properties": {
        "building": "barn",
        "source_name": "OpenStreetMap Overpass",
        "source_url": "https://overpass-api.de/api/interpreter",
        "retrieved_at": "2026-05-03T02:57:59.023Z",
        "provisional": true
      }
    },
    {
      "type": "Feature",
      "geometry": {
        "type": "Polygon",
        "coordinates": [
          [
            [
              -121.853678,
              37.482709
            ],
            [
              -121.8536317,
              37.4825896
            ],
            [
              -121.8539615,
              37.4825345
            ],
            [
              -121.8540194,
              37.4826448
            ],
            [
              -121.853678,
              37.482709
            ]
          ]
        ]
      },
      "properties": {
        "building": "barn",
        "source_name": "OpenStreetMap Overpass",
        "source_url": "https://overpass-api.de/api/interpreter",
        "retrieved_at": "2026-05-03T02:57:59.023Z",
        "provisional": true
      }
    },
    {
      "type": "Feature",
      "geometry": {
        "type": "Polygon",
        "coordinates": [
          [
            [
              -121.8538227,
              37.4821212
            ],
            [
              -121.8537185,
              37.4819696
            ],
            [
              -121.8538342,
              37.4819145
            ],
            [
              -121.8539384,
              37.4820661
            ],
            [
              -121.8538227,
              37.4821212
            ]
          ]
        ]
      },
      "properties": {
        "building": "barn",
        "source_name": "OpenStreetMap Overpass",
        "source_url": "https://overpass-api.de/api/interpreter",
        "retrieved_at": "2026-05-03T02:57:59.023Z",
        "provisional": true
      }
    },
    {
      "type": "Feature",
      "geometry": {
        "type": "Polygon",
        "coordinates": [
          [
            [
              -121.8984759,
              37.4830107
            ],
            [
              -121.8985363,
              37.4830086
            ],
            [
              -121.89854,
              37.4830743
            ],
            [
              -121.8984796,
              37.4830764
            ],
            [
              -121.8984759,
              37.4830107
            ]
          ]
        ]
      },
      "properties": {
        "building": "yes",
        "source_name": "OpenStreetMap Overpass",
        "source_url": "https://overpass-api.de/api/interpreter",
        "retrieved_at": "2026-05-03T02:57:59.023Z",
        "provisional": true
      }
    },
    {
      "type": "Feature",
      "geometry": {
        "type": "Polygon",
        "coordinates": [
          [
            [
              -121.8985179,
              37.482899
            ],
            [
              -121.8985974,
              37.4828966
            ],
            [
              -121.8985977,
              37.4829042
            ],
            [
              -121.8986187,
              37.4829035
            ],
            [
              -121.8986183,
              37.4828952
            ],
            [
              -121.8987416,
              37.4828914
            ],
            [
              -121.8987436,
              37.4829323
            ],
            [
              -121.8987607,
              37.4829317
            ],
            [
              -121.8987638,
              37.4829952
            ],
            [
              -121.898749,
              37.4829956
            ],
            [
              -121.8987506,
              37.4830295
            ],
            [
              -121.8987029,
              37.4830309
            ],
            [
              -121.8987048,
              37.4830713
            ],
            [
              -121.8986297,
              37.4830736
            ],
            [
              -121.8986277,
              37.4830316
            ],
            [
              -121.8986033,
              37.4830323
            ],
            [
              -121.8986002,
              37.4829681
            ],
            [
              -121.8985214,
              37.4829705
            ],
            [
              -121.8985179,
              37.482899
            ]
          ]
        ]
      },
      "properties": {
        "addr:housenumber": "47939",
        "addr:street": "Avalon Heights Terrace",
        "building": "yes",
        "source_name": "OpenStreetMap Overpass",
        "source_url": "https://overpass-api.de/api/interpreter",
        "retrieved_at": "2026-05-03T02:57:59.023Z",
        "provisional": true
      }
    },
    {
      "type": "Feature",
      "geometry": {
        "type": "Polygon",
        "coordinates": [
          [
            [
              -121.9000233,
              37.4856534
            ],
            [
              -121.8997504,
              37.4857166
            ],
            [
              -121.8997214,
              37.4856378
            ],
            [
              -121.8997133,
              37.4856396
            ],
            [
              -121.8996911,
              37.4855791
            ],
            [
              -121.8996994,
              37.4855772
            ],
            [
              -121.8996806,
              37.4855261
            ],
            [
              -121.8998942,
              37.4854766
            ],
            [
              -121.8999192,
              37.4855444
            ],
            [
              -121.8998747,
              37.4855547
            ],
            [
              -121.8998913,
              37.4855999
            ],
            [
              -121.8998272,
              37.4856147
            ],
            [
              -121.8998331,
              37.4856306
            ],
            [
              -121.8999158,
              37.4856114
            ],
            [
              -121.8999132,
              37.4856042
            ],
            [
              -121.899998,
              37.4855846
            ],
            [
              -121.9000233,
              37.4856534
            ]
          ]
        ]
      },
      "properties": {
        "addr:housenumber": "47832",
        "addr:street": "Avalon Heights Terrace",
        "building": "yes",
        "source_name": "OpenStreetMap Overpass",
        "source_url": "https://overpass-api.de/api/interpreter",
        "retrieved_at": "2026-05-03T02:57:59.023Z",
        "provisional": true
      }
    },
    {
      "type": "Feature",
      "geometry": {
        "type": "Polygon",
        "coordinates": [
          [
            [
              -121.8968921,
              37.4822816
            ],
            [
              -121.8969121,
              37.4823049
            ],
            [
              -121.8969323,
              37.482294
            ],
            [
              -121.8971094,
              37.4824998
            ],
            [
              -121.896967,
              37.482577
            ],
            [
              -121.8969562,
              37.4825644
            ],
            [
              -121.8969485,
              37.4825686
            ],
            [
              -121.8969158,
              37.4825306
            ],
            [
              -121.8969237,
              37.4825263
            ],
            [
              -121.8969056,
              37.4825053
            ],
            [
              -121.8969166,
              37.4824993
            ],
            [
              -121.8968741,
              37.48245
            ],
            [
              -121.8968604,
              37.4824574
            ],
            [
              -121.8968145,
              37.4824041
            ],
            [
              -121.8968661,
              37.4823762
            ],
            [
              -121.8968189,
              37.4823213
            ],
            [
              -121.8968921,
              37.4822816
            ]
          ]
        ]
      },
      "properties": {
        "addr:housenumber": "4267",
        "addr:street": "Palisade Terrace",
        "building": "yes",
        "source_name": "OpenStreetMap Overpass",
        "source_url": "https://overpass-api.de/api/interpreter",
        "retrieved_at": "2026-05-03T02:57:59.023Z",
        "provisional": true
      }
    },
    {
      "type": "Feature",
      "geometry": {
        "type": "Polygon",
        "coordinates": [
          [
            [
              -121.8986747,
              37.4849965
            ],
            [
              -121.8989835,
              37.4851288
            ],
            [
              -121.898939,
              37.4851942
            ],
            [
              -121.8987951,
              37.4851325
            ],
            [
              -121.8987829,
              37.4851504
            ],
            [
              -121.8987729,
              37.4851461
            ],
            [
              -121.8987495,
              37.4851805
            ],
            [
              -121.8988493,
              37.4852233
            ],
            [
              -121.8988079,
              37.4852842
            ],
            [
              -121.8987222,
              37.4852474
            ],
            [
              -121.8987259,
              37.4852419
            ],
            [
              -121.8985839,
              37.4851811
            ],
            [
              -121.8986576,
              37.4850727
            ],
            [
              -121.8986308,
              37.4850612
            ],
            [
              -121.8986747,
              37.4849965
            ]
          ]
        ]
      },
      "properties": {
        "addr:housenumber": "4073",
        "addr:street": "Piedmont Terrace",
        "building": "yes",
        "source_name": "OpenStreetMap Overpass",
        "source_url": "https://overpass-api.de/api/interpreter",
        "retrieved_at": "2026-05-03T02:57:59.023Z",
        "provisional": true
      }
    },
    {
      "type": "Feature",
      "geometry": {
        "type": "Polygon",
        "coordinates": [
          [
            [
              -121.8985892,
              37.4820572
            ],
            [
              -121.8986674,
              37.4822452
            ],
            [
              -121.8983363,
              37.4823318
            ],
            [
              -121.8983056,
              37.482258
            ],
            [
              -121.8984621,
              37.482217
            ],
            [
              -121.8984441,
              37.4821737
            ],
            [
              -121.8984534,
              37.4821713
            ],
            [
              -121.8984494,
              37.4821616
            ],
            [
              -121.8983401,
              37.4821903
            ],
            [
              -121.8983121,
              37.4821229
            ],
            [
              -121.8984009,
              37.4820996
            ],
            [
              -121.8984035,
              37.4821058
            ],
            [
              -121.8985892,
              37.4820572
            ]
          ]
        ]
      },
      "properties": {
        "addr:housenumber": "47969",
        "addr:street": "Avalon Heights Terrace",
        "building": "yes",
        "source_name": "OpenStreetMap Overpass",
        "source_url": "https://overpass-api.de/api/interpreter",
        "retrieved_at": "2026-05-03T02:57:59.023Z",
        "provisional": true
      }
    },
    {
      "type": "Feature",
      "geometry": {
        "type": "Polygon",
        "coordinates": [
          [
            [
              -121.8992134,
              37.484124
            ],
            [
              -121.8991477,
              37.4840807
            ],
            [
              -121.8992105,
              37.4840206
            ],
            [
              -121.8992229,
              37.4840288
            ],
            [
              -121.8992446,
              37.4840081
            ],
            [
              -121.8992246,
              37.4839949
            ],
            [
              -121.899209,
              37.4840099
            ],
            [
              -121.8991627,
              37.4839794
            ],
            [
              -121.8991783,
              37.4839645
            ],
            [
              -121.8991415,
              37.4839403
            ],
            [
              -121.8991241,
              37.483957
            ],
            [
              -121.8991315,
              37.4839618
            ],
            [
              -121.8990642,
              37.4840262
            ],
            [
              -121.8989909,
              37.4839779
            ],
            [
              -121.8990998,
              37.4838738
            ],
            [
              -121.8991111,
              37.4838812
            ],
            [
              -121.8991532,
              37.483841
            ],
            [
              -121.8992012,
              37.4838725
            ],
            [
              -121.8992084,
              37.4838655
            ],
            [
              -121.8993304,
              37.4839459
            ],
            [
              -121.8993215,
              37.4839543
            ],
            [
              -121.8993626,
              37.4839814
            ],
            [
              -121.8992134,
              37.484124
            ]
          ]
        ]
      },
      "properties": {
        "addr:housenumber": "47897",
        "addr:street": "Avalon Heights Terrace",
        "building": "yes",
        "source_name": "OpenStreetMap Overpass",
        "source_url": "https://overpass-api.de/api/interpreter",
        "retrieved_at": "2026-05-03T02:57:59.023Z",
        "provisional": true
      }
    },
    {
      "type": "Feature",
      "geometry": {
        "type": "Polygon",
        "coordinates": [
          [
            [
              -121.8979482,
              37.4816746
            ],
            [
              -121.8981239,
              37.4815673
            ],
            [
              -121.8981641,
              37.4816088
            ],
            [
              -121.8981718,
              37.4816041
            ],
            [
              -121.8982184,
              37.4816522
            ],
            [
              -121.8982125,
              37.4816558
            ],
            [
              -121.8982767,
              37.481722
            ],
            [
              -121.8980499,
              37.4818605
            ],
            [
              -121.8979968,
              37.4818057
            ],
            [
              -121.8980668,
              37.4817629
            ],
            [
              -121.8980724,
              37.4817687
            ],
            [
              -121.8981417,
              37.4817264
            ],
            [
              -121.8981268,
              37.4817111
            ],
            [
              -121.8980744,
              37.481743
            ],
            [
              -121.8980392,
              37.4817067
            ],
            [
              -121.8980016,
              37.4817296
            ],
            [
              -121.8979482,
              37.4816746
            ]
          ]
        ]
      },
      "properties": {
        "addr:housenumber": "47993",
        "addr:street": "Avalon Heights Terrace",
        "building": "yes",
        "source_name": "OpenStreetMap Overpass",
        "source_url": "https://overpass-api.de/api/interpreter",
        "retrieved_at": "2026-05-03T02:57:59.023Z",
        "provisional": true
      }
    },
    {
      "type": "Feature",
      "geometry": {
        "type": "Polygon",
        "coordinates": [
          [
            [
              -121.8989306,
              37.4836239
            ],
            [
              -121.8990033,
              37.4836714
            ],
            [
              -121.8989842,
              37.4836897
            ],
            [
              -121.8991018,
              37.4837665
            ],
            [
              -121.8990025,
              37.4838623
            ],
            [
              -121.8990088,
              37.4838665
            ],
            [
              -121.8989428,
              37.4839302
            ],
            [
              -121.8988773,
              37.4838874
            ],
            [
              -121.8989498,
              37.4838174
            ],
            [
              -121.8989387,
              37.4838102
            ],
            [
              -121.8989335,
              37.4838153
            ],
            [
              -121.8988879,
              37.4837855
            ],
            [
              -121.8987826,
              37.483887
            ],
            [
              -121.8987081,
              37.4838384
            ],
            [
              -121.8989306,
              37.4836239
            ]
          ]
        ]
      },
      "properties": {
        "addr:housenumber": "47909",
        "addr:street": "Avalon Heights Terrace",
        "building": "yes",
        "source_name": "OpenStreetMap Overpass",
        "source_url": "https://overpass-api.de/api/interpreter",
        "retrieved_at": "2026-05-03T02:57:59.023Z",
        "provisional": true
      }
    },
    {
      "type": "Feature",
      "geometry": {
        "type": "Polygon",
        "coordinates": [
          [
            [
              -121.8980555,
              37.4813757
            ],
            [
              -121.8980149,
              37.4814001
            ],
            [
              -121.8979838,
              37.4813674
            ],
            [
              -121.8980244,
              37.4813431
            ],
            [
              -121.8980555,
              37.4813757
            ]
          ]
        ]
      },
      "properties": {
        "building": "yes",
        "source_name": "OpenStreetMap Overpass",
        "source_url": "https://overpass-api.de/api/interpreter",
        "retrieved_at": "2026-05-03T02:57:59.023Z",
        "provisional": true
      }
    },
    {
      "type": "Feature",
      "geometry": {
        "type": "Polygon",
        "coordinates": [
          [
            [
              -121.8965014,
              37.4807144
            ],
            [
              -121.8964387,
              37.4806576
            ],
            [
              -121.896534,
              37.4805913
            ],
            [
              -121.8964945,
              37.4805556
            ],
            [
              -121.8965045,
              37.4805486
            ],
            [
              -121.8964863,
              37.4805321
            ],
            [
              -121.8964765,
              37.4805389
            ],
            [
              -121.8964822,
              37.480544
            ],
            [
              -121.8964345,
              37.4805771
            ],
            [
              -121.8963768,
              37.4805248
            ],
            [
              -121.8964524,
              37.4804722
            ],
            [
              -121.8964346,
              37.4804561
            ],
            [
              -121.8965166,
              37.4803991
            ],
            [
              -121.8965668,
              37.4804445
            ],
            [
              -121.8965784,
              37.4804364
            ],
            [
              -121.8966199,
              37.4804739
            ],
            [
              -121.8966111,
              37.48048
            ],
            [
              -121.8966594,
              37.4805238
            ],
            [
              -121.8966178,
              37.4805527
            ],
            [
              -121.8966577,
              37.4805888
            ],
            [
              -121.8966207,
              37.4806145
            ],
            [
              -121.8966312,
              37.4806241
            ],
            [
              -121.8965014,
              37.4807144
            ]
          ]
        ]
      },
      "properties": {
        "addr:housenumber": "48065",
        "addr:street": "Avalon Heights Terrace",
        "building": "yes",
        "source_name": "OpenStreetMap Overpass",
        "source_url": "https://overpass-api.de/api/interpreter",
        "retrieved_at": "2026-05-03T02:57:59.023Z",
        "provisional": true
      }
    },
    {
      "type": "Feature",
      "geometry": {
        "type": "Polygon",
        "coordinates": [
          [
            [
              -121.8990343,
              37.4845124
            ],
            [
              -121.8990726,
              37.4844756
            ],
            [
              -121.8991375,
              37.4845181
            ],
            [
              -121.8990992,
              37.4845549
            ],
            [
              -121.8990343,
              37.4845124
            ]
          ]
        ]
      },
      "properties": {
        "building": "yes",
        "source_name": "OpenStreetMap Overpass",
        "source_url": "https://overpass-api.de/api/interpreter",
        "retrieved_at": "2026-05-03T02:57:59.023Z",
        "provisional": true
      }
    },
    {
      "type": "Feature",
      "geometry": {
        "type": "Polygon",
        "coordinates": [
          [
            [
              -121.8978796,
              37.4816035
            ],
            [
              -121.8978241,
              37.4815452
            ],
            [
              -121.897888,
              37.4815069
            ],
            [
              -121.8978074,
              37.4814223
            ],
            [
              -121.8978862,
              37.4813751
            ],
            [
              -121.8979158,
              37.4814061
            ],
            [
              -121.8979528,
              37.4813839
            ],
            [
              -121.8979776,
              37.48141
            ],
            [
              -121.8979892,
              37.481403
            ],
            [
              -121.8980081,
              37.4814229
            ],
            [
              -121.8980139,
              37.4814195
            ],
            [
              -121.898018,
              37.4814237
            ],
            [
              -121.8980384,
              37.4814115
            ],
            [
              -121.8980797,
              37.4814549
            ],
            [
              -121.8980452,
              37.4814755
            ],
            [
              -121.8980626,
              37.4814938
            ],
            [
              -121.8978796,
              37.4816035
            ]
          ]
        ]
      },
      "properties": {
        "addr:housenumber": "48005",
        "addr:street": "Avalon Heights Terrace",
        "building": "yes",
        "source_name": "OpenStreetMap Overpass",
        "source_url": "https://overpass-api.de/api/interpreter",
        "retrieved_at": "2026-05-03T02:57:59.023Z",
        "provisional": true
      }
    },
    {
      "type": "Feature",
      "geometry": {
        "type": "Polygon",
        "coordinates": [
          [
            [
              -121.8979978,
              37.4838476
            ],
            [
              -121.8982561,
              37.4837379
            ],
            [
              -121.8982974,
              37.4837991
            ],
            [
              -121.8982152,
              37.483834
            ],
            [
              -121.8982106,
              37.4838272
            ],
            [
              -121.898188,
              37.4838368
            ],
            [
              -121.8981903,
              37.4838403
            ],
            [
              -121.8981328,
              37.4838647
            ],
            [
              -121.8981435,
              37.4838806
            ],
            [
              -121.8982034,
              37.4838552
            ],
            [
              -121.8982287,
              37.4838928
            ],
            [
              -121.8982701,
              37.4838752
            ],
            [
              -121.8983126,
              37.4839383
            ],
            [
              -121.8981152,
              37.4840222
            ],
            [
              -121.8980833,
              37.4839749
            ],
            [
              -121.8980762,
              37.4839779
            ],
            [
              -121.8980404,
              37.4839247
            ],
            [
              -121.8980477,
              37.4839216
            ],
            [
              -121.8979978,
              37.4838476
            ]
          ]
        ]
      },
      "properties": {
        "addr:housenumber": "47916",
        "addr:street": "Avalon Heights Terrace",
        "building": "yes",
        "source_name": "OpenStreetMap Overpass",
        "source_url": "https://overpass-api.de/api/interpreter",
        "retrieved_at": "2026-05-03T02:57:59.023Z",
        "provisional": true
      }
    },
    {
      "type": "Feature",
      "geometry": {
        "type": "Polygon",
        "coordinates": [
          [
            [
              -121.8978086,
              37.4815084
            ],
            [
              -121.8977636,
              37.4815386
            ],
            [
              -121.8977083,
              37.4814868
            ],
            [
              -121.8977533,
              37.4814566
            ],
            [
              -121.8978086,
              37.4815084
            ]
          ]
        ]
      },
      "properties": {
        "building": "yes",
        "source_name": "OpenStreetMap Overpass",
        "source_url": "https://overpass-api.de/api/interpreter",
        "retrieved_at": "2026-05-03T02:57:59.023Z",
        "provisional": true
      }
    },
    {
      "type": "Feature",
      "geometry": {
        "type": "Polygon",
        "coordinates": [
          [
            [
              -121.9000443,
              37.4801788
            ],
            [
              -121.9000503,
              37.4801804
            ],
            [
              -121.9000171,
              37.4802606
            ],
            [
              -121.8998838,
              37.4802258
            ],
            [
              -121.899886,
              37.4802206
            ],
            [
              -121.8998518,
              37.4802117
            ],
            [
              -121.8998625,
              37.4801859
            ],
            [
              -121.8998387,
              37.4801797
            ],
            [
              -121.8998449,
              37.4801648
            ],
            [
              -121.8997993,
              37.4801529
            ],
            [
              -121.8998246,
              37.480092
            ],
            [
              -121.8998666,
              37.4801029
            ],
            [
              -121.8999033,
              37.4800144
            ],
            [
              -121.8999841,
              37.4800355
            ],
            [
              -121.8999483,
              37.4801219
            ],
            [
              -121.8999689,
              37.4801273
            ],
            [
              -121.8999722,
              37.4801194
            ],
            [
              -121.9000201,
              37.4801319
            ],
            [
              -121.9000167,
              37.4801401
            ],
            [
              -121.9000561,
              37.4801504
            ],
            [
              -121.9000443,
              37.4801788
            ]
          ]
        ]
      },
      "properties": {
        "addr:housenumber": "3396",
        "addr:street": "Woodside Terrace",
        "building": "yes",
        "source_name": "OpenStreetMap Overpass",
        "source_url": "https://overpass-api.de/api/interpreter",
        "retrieved_at": "2026-05-03T02:57:59.023Z",
        "provisional": true
      }
    },
    {
      "type": "Feature",
      "geometry": {
        "type": "Polygon",
        "coordinates": [
          [
            [
              -121.8981471,
              37.4831434
            ],
            [
              -121.8981502,
              37.4832207
            ],
            [
              -121.8980154,
              37.4832241
            ],
            [
              -121.8980172,
              37.4832696
            ],
            [
              -121.8980036,
              37.48327
            ],
            [
              -121.8980043,
              37.4832858
            ],
            [
              -121.8980868,
              37.4832837
            ],
            [
              -121.8980896,
              37.483353
            ],
            [
              -121.8979818,
              37.4833557
            ],
            [
              -121.8979826,
              37.483374
            ],
            [
              -121.897875,
              37.4833767
            ],
            [
              -121.8978727,
              37.4833163
            ],
            [
              -121.8978589,
              37.4833167
            ],
            [
              -121.897857,
              37.4832671
            ],
            [
              -121.8978698,
              37.4832668
            ],
            [
              -121.8978675,
              37.4832081
            ],
            [
              -121.8979267,
              37.4832066
            ],
            [
              -121.8979249,
              37.483161
            ],
            [
              -121.8979767,
              37.4831597
            ],
            [
              -121.8979763,
              37.4831477
            ],
            [
              -121.8981471,
              37.4831434
            ]
          ]
        ]
      },
      "properties": {
        "building": "yes",
        "source_name": "OpenStreetMap Overpass",
        "source_url": "https://overpass-api.de/api/interpreter",
        "retrieved_at": "2026-05-03T02:57:59.023Z",
        "provisional": true
      }
    },
    {
      "type": "Feature",
      "geometry": {
        "type": "Polygon",
        "coordinates": [
          [
            [
              -121.8959114,
              37.4811583
            ],
            [
              -121.8958667,
              37.481189
            ],
            [
              -121.8958273,
              37.481153
            ],
            [
              -121.895872,
              37.4811222
            ],
            [
              -121.8959114,
              37.4811583
            ]
          ]
        ]
      },
      "properties": {
        "building": "yes",
        "source_name": "OpenStreetMap Overpass",
        "source_url": "https://overpass-api.de/api/interpreter",
        "retrieved_at": "2026-05-03T02:57:59.023Z",
        "provisional": true
      }
    },
    {
      "type": "Feature",
      "geometry": {
        "type": "Polygon",
        "coordinates": [
          [
            [
              -121.8963722,
              37.482192
            ],
            [
              -121.896435,
              37.482154
            ],
            [
              -121.8964486,
              37.4821681
            ],
            [
              -121.8964968,
              37.4821389
            ],
            [
              -121.8964912,
              37.482133
            ],
            [
              -121.8965791,
              37.4820798
            ],
            [
              -121.8965891,
              37.4820902
            ],
            [
              -121.8966105,
              37.4820772
            ],
            [
              -121.8966163,
              37.4820832
            ],
            [
              -121.8966759,
              37.4820471
            ],
            [
              -121.8967508,
              37.482125
            ],
            [
              -121.8967398,
              37.4821317
            ],
            [
              -121.8968142,
              37.482209
            ],
            [
              -121.8967272,
              37.4822617
            ],
            [
              -121.8967317,
              37.4822664
            ],
            [
              -121.8966859,
              37.4822942
            ],
            [
              -121.896655,
              37.482262
            ],
            [
              -121.8966643,
              37.4822564
            ],
            [
              -121.896641,
              37.4822321
            ],
            [
              -121.8966232,
              37.4822429
            ],
            [
              -121.8965986,
              37.4822173
            ],
            [
              -121.8965168,
              37.4822668
            ],
            [
              -121.8964689,
              37.482217
            ],
            [
              -121.896423,
              37.4822448
            ],
            [
              -121.8963722,
              37.482192
            ]
          ]
        ]
      },
      "properties": {
        "addr:housenumber": "4299",
        "addr:street": "Palisade Terrace",
        "building": "yes",
        "source_name": "OpenStreetMap Overpass",
        "source_url": "https://overpass-api.de/api/interpreter",
        "retrieved_at": "2026-05-03T02:57:59.023Z",
        "provisional": true
      }
    },
    {
      "type": "Feature",
      "geometry": {
        "type": "Polygon",
        "coordinates": [
          [
            [
              -121.8991371,
              37.4845723
            ],
            [
              -121.899208,
              37.4846181
            ],
            [
              -121.8990659,
              37.4847565
            ],
            [
              -121.8990262,
              37.4847308
            ],
            [
              -121.8990158,
              37.484741
            ],
            [
              -121.898954,
              37.484701
            ],
            [
              -121.8989652,
              37.4846902
            ],
            [
              -121.8989327,
              37.4846691
            ],
            [
              -121.8989628,
              37.4846397
            ],
            [
              -121.8989243,
              37.4846149
            ],
            [
              -121.8989695,
              37.4845709
            ],
            [
              -121.8990086,
              37.4845961
            ],
            [
              -121.8990285,
              37.4845768
            ],
            [
              -121.8990761,
              37.4846076
            ],
            [
              -121.8990723,
              37.4846112
            ],
            [
              -121.8990949,
              37.4846258
            ],
            [
              -121.8991117,
              37.4846093
            ],
            [
              -121.8991042,
              37.4846044
            ],
            [
              -121.8991371,
              37.4845723
            ]
          ]
        ]
      },
      "properties": {
        "addr:housenumber": "47880",
        "addr:street": "Avalon Heights Terrace",
        "building": "yes",
        "source_name": "OpenStreetMap Overpass",
        "source_url": "https://overpass-api.de/api/interpreter",
        "retrieved_at": "2026-05-03T02:57:59.023Z",
        "provisional": true
      }
    },
    {
      "type": "Feature",
      "geometry": {
        "type": "Polygon",
        "coordinates": [
          [
            [
              -121.8962612,
              37.4809432
            ],
            [
              -121.8963192,
              37.4809931
            ],
            [
              -121.8962539,
              37.4810407
            ],
            [
              -121.8962489,
              37.4810364
            ],
            [
              -121.8961882,
              37.4810807
            ],
            [
              -121.8962046,
              37.4810948
            ],
            [
              -121.896252,
              37.4810601
            ],
            [
              -121.8962908,
              37.4810936
            ],
            [
              -121.8963229,
              37.4810701
            ],
            [
              -121.8963815,
              37.4811207
            ],
            [
              -121.8962214,
              37.4812377
            ],
            [
              -121.8961766,
              37.4811991
            ],
            [
              -121.8961705,
              37.4812035
            ],
            [
              -121.8961188,
              37.4811589
            ],
            [
              -121.896125,
              37.4811543
            ],
            [
              -121.8960549,
              37.4810938
            ],
            [
              -121.8962612,
              37.4809432
            ]
          ]
        ]
      },
      "properties": {
        "addr:housenumber": "48048",
        "addr:street": "Avalon Heights Terrace",
        "building": "yes",
        "source_name": "OpenStreetMap Overpass",
        "source_url": "https://overpass-api.de/api/interpreter",
        "retrieved_at": "2026-05-03T02:57:59.023Z",
        "provisional": true
      }
    },
    {
      "type": "Feature",
      "geometry": {
        "type": "Polygon",
        "coordinates": [
          [
            [
              -121.8965873,
              37.4819993
            ],
            [
              -121.8964595,
              37.4820707
            ],
            [
              -121.8964443,
              37.4820536
            ],
            [
              -121.8964159,
              37.4820694
            ],
            [
              -121.8963895,
              37.4820396
            ],
            [
              -121.8963588,
              37.4820567
            ],
            [
              -121.8963308,
              37.4820252
            ],
            [
              -121.896272,
              37.482058
            ],
            [
              -121.8962243,
              37.4820043
            ],
            [
              -121.8962809,
              37.4819726
            ],
            [
              -121.8962412,
              37.4819279
            ],
            [
              -121.896311,
              37.4818889
            ],
            [
              -121.8963506,
              37.4819335
            ],
            [
              -121.8963906,
              37.4819111
            ],
            [
              -121.8963809,
              37.4819002
            ],
            [
              -121.8964577,
              37.4818572
            ],
            [
              -121.8964966,
              37.4819012
            ],
            [
              -121.8965256,
              37.481885
            ],
            [
              -121.8965548,
              37.4819179
            ],
            [
              -121.8965455,
              37.4819232
            ],
            [
              -121.8965697,
              37.4819505
            ],
            [
              -121.8965525,
              37.4819601
            ],
            [
              -121.8965873,
              37.4819993
            ]
          ]
        ]
      },
      "properties": {
        "addr:housenumber": "4331",
        "addr:street": "Palisade Terrace",
        "building": "yes",
        "source_name": "OpenStreetMap Overpass",
        "source_url": "https://overpass-api.de/api/interpreter",
        "retrieved_at": "2026-05-03T02:57:59.023Z",
        "provisional": true
      }
    },
    {
      "type": "Feature",
      "geometry": {
        "type": "Polygon",
        "coordinates": [
          [
            [
              -121.8984641,
              37.4828445
            ],
            [
              -121.898454,
              37.4827684
            ],
            [
              -121.8985834,
              37.4827575
            ],
            [
              -121.8985774,
              37.4827127
            ],
            [
              -121.8985915,
              37.4827115
            ],
            [
              -121.8985891,
              37.4826941
            ],
            [
              -121.8985092,
              37.4827008
            ],
            [
              -121.8985,
              37.4826315
            ],
            [
              -121.8986035,
              37.4826228
            ],
            [
              -121.898601,
              37.4826046
            ],
            [
              -121.8987099,
              37.4825954
            ],
            [
              -121.8987179,
              37.4826553
            ],
            [
              -121.8987322,
              37.4826541
            ],
            [
              -121.898739,
              37.4827046
            ],
            [
              -121.8987258,
              37.4827058
            ],
            [
              -121.8987336,
              37.482764
            ],
            [
              -121.8986765,
              37.4827689
            ],
            [
              -121.8986822,
              37.4828119
            ],
            [
              -121.8986287,
              37.4828164
            ],
            [
              -121.8986306,
              37.4828305
            ],
            [
              -121.8984641,
              37.4828445
            ]
          ]
        ]
      },
      "properties": {
        "addr:housenumber": "47945",
        "addr:street": "Avalon Heights Terrace",
        "building": "yes",
        "source_name": "OpenStreetMap Overpass",
        "source_url": "https://overpass-api.de/api/interpreter",
        "retrieved_at": "2026-05-03T02:57:59.023Z",
        "provisional": true
      }
    },
    {
      "type": "Feature",
      "geometry": {
        "type": "Polygon",
        "coordinates": [
          [
            [
              -121.8968091,
              37.4806528
            ],
            [
              -121.8968367,
              37.4806771
            ],
            [
              -121.8968462,
              37.4806703
            ],
            [
              -121.8968678,
              37.4806893
            ],
            [
              -121.8968724,
              37.480686
            ],
            [
              -121.896904,
              37.4807138
            ],
            [
              -121.8968892,
              37.4807244
            ],
            [
              -121.8969237,
              37.4807548
            ],
            [
              -121.8967587,
              37.4808729
            ],
            [
              -121.8966979,
              37.4808194
            ],
            [
              -121.8967567,
              37.4807772
            ],
            [
              -121.8967081,
              37.4807344
            ],
            [
              -121.8967224,
              37.4807242
            ],
            [
              -121.8966826,
              37.4806891
            ],
            [
              -121.8967396,
              37.4806484
            ],
            [
              -121.8967736,
              37.4806783
            ],
            [
              -121.8968091,
              37.4806528
            ]
          ]
        ]
      },
      "properties": {
        "addr:housenumber": "48053",
        "addr:street": "Avalon Heights Terrace",
        "building": "yes",
        "source_name": "OpenStreetMap Overpass",
        "source_url": "https://overpass-api.de/api/interpreter",
        "retrieved_at": "2026-05-03T02:57:59.023Z",
        "provisional": true
      }
    },
    {
      "type": "Feature",
      "geometry": {
        "type": "Polygon",
        "coordinates": [
          [
            [
              -121.897661,
              37.4818788
            ],
            [
              -121.8973807,
              37.4820483
            ],
            [
              -121.8973228,
              37.481988
            ],
            [
              -121.8973477,
              37.4819729
            ],
            [
              -121.8972539,
              37.4818753
            ],
            [
              -121.897379,
              37.4817996
            ],
            [
              -121.8973748,
              37.4817953
            ],
            [
              -121.8974558,
              37.4817463
            ],
            [
              -121.8975087,
              37.4818014
            ],
            [
              -121.8974171,
              37.4818568
            ],
            [
              -121.8974473,
              37.4818882
            ],
            [
              -121.8974563,
              37.4818828
            ],
            [
              -121.8974701,
              37.4818972
            ],
            [
              -121.897602,
              37.4818174
            ],
            [
              -121.897661,
              37.4818788
            ]
          ]
        ]
      },
      "properties": {
        "addr:housenumber": "48000",
        "addr:street": "Avalon Heights Terrace",
        "building": "yes",
        "source_name": "OpenStreetMap Overpass",
        "source_url": "https://overpass-api.de/api/interpreter",
        "retrieved_at": "2026-05-03T02:57:59.023Z",
        "provisional": true
      }
    },
    {
      "type": "Feature",
      "geometry": {
        "type": "Polygon",
        "coordinates": [
          [
            [
              -121.8966223,
              37.4807341
            ],
            [
              -121.8966783,
              37.4807854
            ],
            [
              -121.8966302,
              37.4808184
            ],
            [
              -121.8965742,
              37.4807671
            ],
            [
              -121.8966223,
              37.4807341
            ]
          ]
        ]
      },
      "properties": {
        "building": "yes",
        "source_name": "OpenStreetMap Overpass",
        "source_url": "https://overpass-api.de/api/interpreter",
        "retrieved_at": "2026-05-03T02:57:59.023Z",
        "provisional": true
      }
    },
    {
      "type": "Feature",
      "geometry": {
        "type": "Polygon",
        "coordinates": [
          [
            [
              -121.8978876,
              37.4823046
            ],
            [
              -121.8979195,
              37.4823708
            ],
            [
              -121.8978708,
              37.4823855
            ],
            [
              -121.8978917,
              37.482429
            ],
            [
              -121.897829,
              37.482448
            ],
            [
              -121.8978372,
              37.4824651
            ],
            [
              -121.8979197,
              37.4824401
            ],
            [
              -121.8979165,
              37.4824336
            ],
            [
              -121.8980015,
              37.4824078
            ],
            [
              -121.8980335,
              37.4824741
            ],
            [
              -121.8977626,
              37.4825562
            ],
            [
              -121.8977256,
              37.4824793
            ],
            [
              -121.8977177,
              37.4824817
            ],
            [
              -121.8976887,
              37.4824216
            ],
            [
              -121.8976975,
              37.482419
            ],
            [
              -121.8976737,
              37.4823694
            ],
            [
              -121.8978876,
              37.4823046
            ]
          ]
        ]
      },
      "properties": {
        "addr:housenumber": "47976",
        "addr:street": "Avalon Heights Terrace",
        "building": "yes",
        "source_name": "OpenStreetMap Overpass",
        "source_url": "https://overpass-api.de/api/interpreter",
        "retrieved_at": "2026-05-03T02:57:59.023Z",
        "provisional": true
      }
    },
    {
      "type": "Feature",
      "geometry": {
        "type": "Polygon",
        "coordinates": [
          [
            [
              -121.8960275,
              37.480593
            ],
            [
              -121.8958679,
              37.4806458
            ],
            [
              -121.8958629,
              37.4806363
            ],
            [
              -121.8958172,
              37.4806514
            ],
            [
              -121.8957954,
              37.4806099
            ],
            [
              -121.8957451,
              37.4806266
            ],
            [
              -121.8957164,
              37.4805719
            ],
            [
              -121.895703,
              37.4805763
            ],
            [
              -121.8956787,
              37.4805301
            ],
            [
              -121.8956928,
              37.4805254
            ],
            [
              -121.8956634,
              37.4804695
            ],
            [
              -121.8957625,
              37.4804367
            ],
            [
              -121.895772,
              37.4804549
            ],
            [
              -121.8958666,
              37.4804236
            ],
            [
              -121.8959001,
              37.4804873
            ],
            [
              -121.8958288,
              37.4805108
            ],
            [
              -121.8958369,
              37.4805263
            ],
            [
              -121.8958512,
              37.4805216
            ],
            [
              -121.8958727,
              37.4805625
            ],
            [
              -121.8959909,
              37.4805234
            ],
            [
              -121.8960275,
              37.480593
            ]
          ]
        ]
      },
      "properties": {
        "addr:housenumber": "48072",
        "addr:street": "Avalon Heights Terrace",
        "building": "yes",
        "source_name": "OpenStreetMap Overpass",
        "source_url": "https://overpass-api.de/api/interpreter",
        "retrieved_at": "2026-05-03T02:57:59.023Z",
        "provisional": true
      }
    },
    {
      "type": "Feature",
      "geometry": {
        "type": "Polygon",
        "coordinates": [
          [
            [
              -121.897422,
              37.4809963
            ],
            [
              -121.8973776,
              37.4809584
            ],
            [
              -121.8974139,
              37.4809317
            ],
            [
              -121.8974582,
              37.4809696
            ],
            [
              -121.897422,
              37.4809963
            ]
          ]
        ]
      },
      "properties": {
        "building": "yes",
        "source_name": "OpenStreetMap Overpass",
        "source_url": "https://overpass-api.de/api/interpreter",
        "retrieved_at": "2026-05-03T02:57:59.023Z",
        "provisional": true
      }
    },
    {
      "type": "Feature",
      "geometry": {
        "type": "Polygon",
        "coordinates": [
          [
            [
              -121.8975046,
              37.4811025
            ],
            [
              -121.8973419,
              37.4812222
            ],
            [
              -121.8972822,
              37.481171
            ],
            [
              -121.897317,
              37.4811454
            ],
            [
              -121.8972775,
              37.4811116
            ],
            [
              -121.897325,
              37.4810766
            ],
            [
              -121.8973097,
              37.4810635
            ],
            [
              -121.897247,
              37.4811096
            ],
            [
              -121.8972527,
              37.4811144
            ],
            [
              -121.8971884,
              37.4811617
            ],
            [
              -121.8971279,
              37.4811099
            ],
            [
              -121.8973379,
              37.4809554
            ],
            [
              -121.8974098,
              37.4810169
            ],
            [
              -121.8974153,
              37.4810128
            ],
            [
              -121.8974675,
              37.4810575
            ],
            [
              -121.8974592,
              37.4810636
            ],
            [
              -121.8975046,
              37.4811025
            ]
          ]
        ]
      },
      "properties": {
        "addr:housenumber": "48029",
        "addr:street": "Avalon Heights Terrace",
        "building": "yes",
        "source_name": "OpenStreetMap Overpass",
        "source_url": "https://overpass-api.de/api/interpreter",
        "retrieved_at": "2026-05-03T02:57:59.023Z",
        "provisional": true
      }
    },
    {
      "type": "Feature",
      "geometry": {
        "type": "Polygon",
        "coordinates": [
          [
            [
              -121.8981259,
              37.482842
            ],
            [
              -121.8980711,
              37.4828497
            ],
            [
              -121.8980753,
              37.4828687
            ],
            [
              -121.8980231,
              37.482876
            ],
            [
              -121.8980188,
              37.4828564
            ],
            [
              -121.8979576,
              37.482865
            ],
            [
              -121.8979551,
              37.4828539
            ],
            [
              -121.8979054,
              37.4828609
            ],
            [
              -121.8978954,
              37.4828164
            ],
            [
              -121.8978383,
              37.4828244
            ],
            [
              -121.8978255,
              37.4827671
            ],
            [
              -121.8978111,
              37.4827692
            ],
            [
              -121.8978002,
              37.4827203
            ],
            [
              -121.8978159,
              37.482718
            ],
            [
              -121.8978022,
              37.4826569
            ],
            [
              -121.8979103,
              37.4826418
            ],
            [
              -121.8979143,
              37.4826596
            ],
            [
              -121.898022,
              37.4826444
            ],
            [
              -121.8980375,
              37.4827139
            ],
            [
              -121.8979682,
              37.4827236
            ],
            [
              -121.8979814,
              37.4827827
            ],
            [
              -121.8981087,
              37.4827649
            ],
            [
              -121.8981259,
              37.482842
            ]
          ]
        ]
      },
      "properties": {
        "building": "yes",
        "source_name": "OpenStreetMap Overpass",
        "source_url": "https://overpass-api.de/api/interpreter",
        "retrieved_at": "2026-05-03T02:57:59.023Z",
        "provisional": true
      }
    },
    {
      "type": "Feature",
      "geometry": {
        "type": "Polygon",
        "coordinates": [
          [
            [
              -121.8976506,
              37.4820887
            ],
            [
              -121.8976723,
              37.4821215
            ],
            [
              -121.897698,
              37.4821107
            ],
            [
              -121.8977337,
              37.4821646
            ],
            [
              -121.8978044,
              37.482135
            ],
            [
              -121.897849,
              37.482202
            ],
            [
              -121.8976457,
              37.4822871
            ],
            [
              -121.8976229,
              37.4822527
            ],
            [
              -121.8976087,
              37.4822587
            ],
            [
              -121.8975719,
              37.4822034
            ],
            [
              -121.8975847,
              37.4821981
            ],
            [
              -121.8975647,
              37.482168
            ],
            [
              -121.8976066,
              37.4821504
            ],
            [
              -121.8975841,
              37.4821165
            ],
            [
              -121.8976506,
              37.4820887
            ]
          ]
        ]
      },
      "properties": {
        "addr:housenumber": "47988",
        "addr:street": "Avalon Heights Terrace",
        "building": "yes",
        "source_name": "OpenStreetMap Overpass",
        "source_url": "https://overpass-api.de/api/interpreter",
        "retrieved_at": "2026-05-03T02:57:59.023Z",
        "provisional": true
      }
    },
    {
      "type": "Feature",
      "geometry": {
        "type": "Polygon",
        "coordinates": [
          [
            [
              -121.9000569,
              37.4862869
            ],
            [
              -121.8999847,
              37.4863039
            ],
            [
              -121.8999703,
              37.4862653
            ],
            [
              -121.8999249,
              37.486276
            ],
            [
              -121.8999125,
              37.4862431
            ],
            [
              -121.8999007,
              37.4862459
            ],
            [
              -121.899892,
              37.4862225
            ],
            [
              -121.8998867,
              37.4862237
            ],
            [
              -121.8998726,
              37.486186
            ],
            [
              -121.8998905,
              37.4861817
            ],
            [
              -121.8998757,
              37.4861423
            ],
            [
              -121.8999598,
              37.4861225
            ],
            [
              -121.8999252,
              37.4860302
            ],
            [
              -121.9000265,
              37.4860063
            ],
            [
              -121.9000426,
              37.4860495
            ],
            [
              -121.9000597,
              37.4860454
            ],
            [
              -121.900079,
              37.4860969
            ],
            [
              -121.9000943,
              37.4860933
            ],
            [
              -121.9001194,
              37.4861605
            ],
            [
              -121.9000396,
              37.4861793
            ],
            [
              -121.900062,
              37.4862391
            ],
            [
              -121.9000409,
              37.4862441
            ],
            [
              -121.9000569,
              37.4862869
            ]
          ]
        ]
      },
      "properties": {
        "addr:housenumber": "47808",
        "addr:street": "Avalon Heights Terrace",
        "building": "yes",
        "source_name": "OpenStreetMap Overpass",
        "source_url": "https://overpass-api.de/api/interpreter",
        "retrieved_at": "2026-05-03T02:57:59.023Z",
        "provisional": true
      }
    },
    {
      "type": "Feature",
      "geometry": {
        "type": "Polygon",
        "coordinates": [
          [
            [
              -121.8978258,
              37.482085
            ],
            [
              -121.8977711,
              37.4821081
            ],
            [
              -121.8977313,
              37.4820489
            ],
            [
              -121.897786,
              37.4820258
            ],
            [
              -121.8978258,
              37.482085
            ]
          ]
        ]
      },
      "properties": {
        "building": "yes",
        "source_name": "OpenStreetMap Overpass",
        "source_url": "https://overpass-api.de/api/interpreter",
        "retrieved_at": "2026-05-03T02:57:59.023Z",
        "provisional": true
      }
    },
    {
      "type": "Feature",
      "geometry": {
        "type": "Polygon",
        "coordinates": [
          [
            [
              -121.8988747,
              37.4835638
            ],
            [
              -121.8986771,
              37.4837273
            ],
            [
              -121.8986627,
              37.4837163
            ],
            [
              -121.8986562,
              37.4837216
            ],
            [
              -121.8986179,
              37.4836925
            ],
            [
              -121.8986248,
              37.4836868
            ],
            [
              -121.898613,
              37.4836778
            ],
            [
              -121.8986737,
              37.4836275
            ],
            [
              -121.8986801,
              37.4836323
            ],
            [
              -121.8987413,
              37.4835817
            ],
            [
              -121.8987249,
              37.4835692
            ],
            [
              -121.8986811,
              37.4836054
            ],
            [
              -121.8986405,
              37.4835746
            ],
            [
              -121.8986083,
              37.4836012
            ],
            [
              -121.8985451,
              37.4835531
            ],
            [
              -121.8986983,
              37.4834263
            ],
            [
              -121.8987059,
              37.483432
            ],
            [
              -121.8987315,
              37.4834108
            ],
            [
              -121.8988663,
              37.4835133
            ],
            [
              -121.8988385,
              37.4835362
            ],
            [
              -121.8988747,
              37.4835638
            ]
          ]
        ]
      },
      "properties": {
        "addr:housenumber": "47921",
        "addr:street": "Avalon Heights Terrace",
        "building": "yes",
        "source_name": "OpenStreetMap Overpass",
        "source_url": "https://overpass-api.de/api/interpreter",
        "retrieved_at": "2026-05-03T02:57:59.023Z",
        "provisional": true
      }
    },
    {
      "type": "Feature",
      "geometry": {
        "type": "Polygon",
        "coordinates": [
          [
            [
              -121.8985444,
              37.4857982
            ],
            [
              -121.8986696,
              37.4857157
            ],
            [
              -121.8986656,
              37.4857119
            ],
            [
              -121.8987401,
              37.4856628
            ],
            [
              -121.8987952,
              37.4857154
            ],
            [
              -121.8987063,
              37.4857739
            ],
            [
              -121.8987162,
              37.4857834
            ],
            [
              -121.8987264,
              37.4857766
            ],
            [
              -121.898764,
              37.4858126
            ],
            [
              -121.8988899,
              37.4857298
            ],
            [
              -121.8989514,
              37.4857885
            ],
            [
              -121.8986794,
              37.4859675
            ],
            [
              -121.8986184,
              37.4859092
            ],
            [
              -121.8986433,
              37.4858928
            ],
            [
              -121.8985444,
              37.4857982
            ]
          ]
        ]
      },
      "properties": {
        "addr:housenumber": "4096",
        "addr:street": "Piedmont Terrace",
        "building": "yes",
        "source_name": "OpenStreetMap Overpass",
        "source_url": "https://overpass-api.de/api/interpreter",
        "retrieved_at": "2026-05-03T02:57:59.023Z",
        "provisional": true
      }
    },
    {
      "type": "Feature",
      "geometry": {
        "type": "Polygon",
        "coordinates": [
          [
            [
              -121.8995521,
              37.4848062
            ],
            [
              -121.899432,
              37.4849061
            ],
            [
              -121.8994213,
              37.484898
            ],
            [
              -121.8993876,
              37.4849261
            ],
            [
              -121.8993474,
              37.4848957
            ],
            [
              -121.8993078,
              37.4849286
            ],
            [
              -121.8992542,
              37.484888
            ],
            [
              -121.899244,
              37.4848965
            ],
            [
              -121.8991977,
              37.4848615
            ],
            [
              -121.8992095,
              37.4848516
            ],
            [
              -121.8991545,
              37.48481
            ],
            [
              -121.8992303,
              37.4847469
            ],
            [
              -121.8992472,
              37.4847596
            ],
            [
              -121.8992646,
              37.4847451
            ],
            [
              -121.89927,
              37.4847492
            ],
            [
              -121.8992861,
              37.4847358
            ],
            [
              -121.8992796,
              37.4847309
            ],
            [
              -121.8993185,
              37.4846985
            ],
            [
              -121.8993796,
              37.4847448
            ],
            [
              -121.8993251,
              37.4847901
            ],
            [
              -121.8993435,
              37.4848041
            ],
            [
              -121.8993522,
              37.4847969
            ],
            [
              -121.8993923,
              37.4848273
            ],
            [
              -121.8994818,
              37.4847529
            ],
            [
              -121.8995521,
              37.4848062
            ]
          ]
        ]
      },
      "properties": {
        "building": "yes",
        "source_name": "OpenStreetMap Overpass",
        "source_url": "https://overpass-api.de/api/interpreter",
        "retrieved_at": "2026-05-03T02:57:59.023Z",
        "provisional": true
      }
    },
    {
      "type": "Feature",
      "geometry": {
        "type": "Polygon",
        "coordinates": [
          [
            [
              -121.8990872,
              37.4857338
            ],
            [
              -121.8991692,
              37.4857616
            ],
            [
              -121.8991312,
              37.4858323
            ],
            [
              -121.8991213,
              37.4858289
            ],
            [
              -121.8990861,
              37.4858942
            ],
            [
              -121.8991092,
              37.485902
            ],
            [
              -121.8991356,
              37.4858529
            ],
            [
              -121.8991876,
              37.4858705
            ],
            [
              -121.8992068,
              37.4858348
            ],
            [
              -121.8992887,
              37.4858625
            ],
            [
              -121.8992006,
              37.4860264
            ],
            [
              -121.8991382,
              37.4860053
            ],
            [
              -121.8991342,
              37.4860127
            ],
            [
              -121.8990638,
              37.4859888
            ],
            [
              -121.8990687,
              37.4859798
            ],
            [
              -121.8989725,
              37.4859472
            ],
            [
              -121.8990872,
              37.4857338
            ]
          ]
        ]
      },
      "properties": {
        "addr:housenumber": "4048",
        "addr:street": "Piedmont Terrace",
        "building": "yes",
        "source_name": "OpenStreetMap Overpass",
        "source_url": "https://overpass-api.de/api/interpreter",
        "retrieved_at": "2026-05-03T02:57:59.023Z",
        "provisional": true
      }
    },
    {
      "type": "Feature",
      "geometry": {
        "type": "Polygon",
        "coordinates": [
          [
            [
              -121.8999604,
              37.4847734
            ],
            [
              -121.899904,
              37.4847112
            ],
            [
              -121.9000071,
              37.4846523
            ],
            [
              -121.899962,
              37.4846026
            ],
            [
              -121.8999101,
              37.4846322
            ],
            [
              -121.8998591,
              37.4845761
            ],
            [
              -121.8999464,
              37.4845262
            ],
            [
              -121.899935,
              37.4845137
            ],
            [
              -121.9000241,
              37.4844627
            ],
            [
              -121.9000697,
              37.484513
            ],
            [
              -121.9000797,
              37.4845073
            ],
            [
              -121.9001149,
              37.4845461
            ],
            [
              -121.9001053,
              37.4845516
            ],
            [
              -121.9001483,
              37.484599
            ],
            [
              -121.9000988,
              37.4846272
            ],
            [
              -121.9001303,
              37.484662
            ],
            [
              -121.9000901,
              37.484685
            ],
            [
              -121.9000987,
              37.4846944
            ],
            [
              -121.8999604,
              37.4847734
            ]
          ]
        ]
      },
      "properties": {
        "addr:housenumber": "47861",
        "addr:street": "Avalon Heights Terrace",
        "building": "yes",
        "source_name": "OpenStreetMap Overpass",
        "source_url": "https://overpass-api.de/api/interpreter",
        "retrieved_at": "2026-05-03T02:57:59.023Z",
        "provisional": true
      }
    },
    {
      "type": "Feature",
      "geometry": {
        "type": "Polygon",
        "coordinates": [
          [
            [
              -121.8984499,
              37.4845601
            ],
            [
              -121.8984341,
              37.4846097
            ],
            [
              -121.8983814,
              37.4845991
            ],
            [
              -121.8983972,
              37.4845495
            ],
            [
              -121.8984499,
              37.4845601
            ]
          ]
        ]
      },
      "properties": {
        "building": "yes",
        "source_name": "OpenStreetMap Overpass",
        "source_url": "https://overpass-api.de/api/interpreter",
        "retrieved_at": "2026-05-03T02:57:59.023Z",
        "provisional": true
      }
    },
    {
      "type": "Feature",
      "geometry": {
        "type": "Polygon",
        "coordinates": [
          [
            [
              -121.8994324,
              37.4799589
            ],
            [
              -121.8994642,
              37.4798964
            ],
            [
              -121.8995291,
              37.4799172
            ],
            [
              -121.899556,
              37.4798644
            ],
            [
              -121.8996426,
              37.4798921
            ],
            [
              -121.8996223,
              37.4799321
            ],
            [
              -121.899658,
              37.4799435
            ],
            [
              -121.8996456,
              37.4799679
            ],
            [
              -121.8996811,
              37.4799793
            ],
            [
              -121.8996764,
              37.4799886
            ],
            [
              -121.8997172,
              37.4800017
            ],
            [
              -121.8996896,
              37.4800561
            ],
            [
              -121.899648,
              37.4800428
            ],
            [
              -121.8996282,
              37.480082
            ],
            [
              -121.8995805,
              37.4800667
            ],
            [
              -121.8995737,
              37.4800802
            ],
            [
              -121.899522,
              37.4800636
            ],
            [
              -121.8995299,
              37.480048
            ],
            [
              -121.8994696,
              37.4800287
            ],
            [
              -121.8994949,
              37.4799789
            ],
            [
              -121.8994324,
              37.4799589
            ]
          ]
        ]
      },
      "properties": {
        "addr:housenumber": "3452",
        "addr:street": "Woodside Terrace",
        "building": "yes",
        "source_name": "OpenStreetMap Overpass",
        "source_url": "https://overpass-api.de/api/interpreter",
        "retrieved_at": "2026-05-03T02:57:59.023Z",
        "provisional": true
      }
    },
    {
      "type": "Feature",
      "geometry": {
        "type": "Polygon",
        "coordinates": [
          [
            [
              -121.8996122,
              37.4844352
            ],
            [
              -121.8995501,
              37.4843849
            ],
            [
              -121.8997102,
              37.4842605
            ],
            [
              -121.8996845,
              37.4842397
            ],
            [
              -121.8997535,
              37.4841861
            ],
            [
              -121.8999351,
              37.4843333
            ],
            [
              -121.8999112,
              37.4843519
            ],
            [
              -121.8999283,
              37.4843657
            ],
            [
              -121.8997689,
              37.4844896
            ],
            [
              -121.8997039,
              37.4844369
            ],
            [
              -121.8997379,
              37.4844105
            ],
            [
              -121.899702,
              37.4843815
            ],
            [
              -121.8997469,
              37.4843466
            ],
            [
              -121.8997294,
              37.4843324
            ],
            [
              -121.899669,
              37.4843793
            ],
            [
              -121.8996764,
              37.4843853
            ],
            [
              -121.8996122,
              37.4844352
            ]
          ]
        ]
      },
      "properties": {
        "addr:housenumber": "47873",
        "addr:street": "Avalon Heights Terrace",
        "building": "yes",
        "source_name": "OpenStreetMap Overpass",
        "source_url": "https://overpass-api.de/api/interpreter",
        "retrieved_at": "2026-05-03T02:57:59.023Z",
        "provisional": true
      }
    },
    {
      "type": "Feature",
      "geometry": {
        "type": "Polygon",
        "coordinates": [
          [
            [
              -121.8961953,
              37.4808665
            ],
            [
              -121.8958896,
              37.4810052
            ],
            [
              -121.8958426,
              37.48094
            ],
            [
              -121.8958694,
              37.4809278
            ],
            [
              -121.8957926,
              37.4808213
            ],
            [
              -121.8959335,
              37.4807574
            ],
            [
              -121.89593,
              37.4807525
            ],
            [
              -121.8960123,
              37.4807152
            ],
            [
              -121.8960547,
              37.480774
            ],
            [
              -121.8959999,
              37.4807988
            ],
            [
              -121.8960057,
              37.4808069
            ],
            [
              -121.8959714,
              37.4808224
            ],
            [
              -121.8960021,
              37.480865
            ],
            [
              -121.8961469,
              37.4807993
            ],
            [
              -121.8961953,
              37.4808665
            ]
          ]
        ]
      },
      "properties": {
        "addr:housenumber": "48060",
        "addr:street": "Avalon Heights Terrace",
        "building": "yes",
        "source_name": "OpenStreetMap Overpass",
        "source_url": "https://overpass-api.de/api/interpreter",
        "retrieved_at": "2026-05-03T02:57:59.023Z",
        "provisional": true
      }
    },
    {
      "type": "Feature",
      "geometry": {
        "type": "Polygon",
        "coordinates": [
          [
            [
              -121.8995763,
              37.4851912
            ],
            [
              -121.8995396,
              37.485161
            ],
            [
              -121.8995847,
              37.4851265
            ],
            [
              -121.8996214,
              37.4851567
            ],
            [
              -121.8995763,
              37.4851912
            ]
          ]
        ]
      },
      "properties": {
        "building": "yes",
        "source_name": "OpenStreetMap Overpass",
        "source_url": "https://overpass-api.de/api/interpreter",
        "retrieved_at": "2026-05-03T02:57:59.023Z",
        "provisional": true
      }
    },
    {
      "type": "Feature",
      "geometry": {
        "type": "Polygon",
        "coordinates": [
          [
            [
              -121.8985661,
              37.4841848
            ],
            [
              -121.8984917,
              37.4842478
            ],
            [
              -121.8985093,
              37.4842609
            ],
            [
              -121.8984316,
              37.4843267
            ],
            [
              -121.8983749,
              37.4842846
            ],
            [
              -121.8983666,
              37.4842917
            ],
            [
              -121.89832,
              37.4842571
            ],
            [
              -121.8983297,
              37.4842489
            ],
            [
              -121.8982762,
              37.4842091
            ],
            [
              -121.8983159,
              37.4841754
            ],
            [
              -121.8982742,
              37.4841444
            ],
            [
              -121.8983089,
              37.484115
            ],
            [
              -121.8982984,
              37.4841072
            ],
            [
              -121.8984167,
              37.484007
            ],
            [
              -121.8984861,
              37.4840586
            ],
            [
              -121.8983983,
              37.484133
            ],
            [
              -121.8984614,
              37.4841799
            ],
            [
              -121.8984729,
              37.4841703
            ],
            [
              -121.8984655,
              37.4841648
            ],
            [
              -121.8984999,
              37.4841356
            ],
            [
              -121.8985661,
              37.4841848
            ]
          ]
        ]
      },
      "properties": {
        "addr:housenumber": "47904",
        "addr:street": "Avalon Heights Terrace",
        "building": "yes",
        "source_name": "OpenStreetMap Overpass",
        "source_url": "https://overpass-api.de/api/interpreter",
        "retrieved_at": "2026-05-03T02:57:59.023Z",
        "provisional": true
      }
    },
    {
      "type": "Feature",
      "geometry": {
        "type": "Polygon",
        "coordinates": [
          [
            [
              -121.8983272,
              37.4820116
            ],
            [
              -121.898301,
              37.4819775
            ],
            [
              -121.8982751,
              37.4819901
            ],
            [
              -121.8982329,
              37.4819352
            ],
            [
              -121.8981695,
              37.4819659
            ],
            [
              -121.898121,
              37.4819027
            ],
            [
              -121.8983104,
              37.481811
            ],
            [
              -121.8983376,
              37.4818464
            ],
            [
              -121.898355,
              37.481838
            ],
            [
              -121.8983792,
              37.4818696
            ],
            [
              -121.8983737,
              37.4818722
            ],
            [
              -121.8983917,
              37.4818957
            ],
            [
              -121.8983809,
              37.4819009
            ],
            [
              -121.8984021,
              37.4819285
            ],
            [
              -121.8983615,
              37.4819482
            ],
            [
              -121.8983877,
              37.4819823
            ],
            [
              -121.8983272,
              37.4820116
            ]
          ]
        ]
      },
      "properties": {
        "addr:housenumber": "47981",
        "addr:street": "Avalon Heights Terrace",
        "building": "yes",
        "source_name": "OpenStreetMap Overpass",
        "source_url": "https://overpass-api.de/api/interpreter",
        "retrieved_at": "2026-05-03T02:57:59.023Z",
        "provisional": true
      }
    },
    {
      "type": "Feature",
      "geometry": {
        "type": "Polygon",
        "coordinates": [
          [
            [
              -121.8958336,
              37.4810674
            ],
            [
              -121.8957826,
              37.4810926
            ],
            [
              -121.8957323,
              37.4810285
            ],
            [
              -121.8957833,
              37.4810033
            ],
            [
              -121.8958336,
              37.4810674
            ]
          ]
        ]
      },
      "properties": {
        "building": "yes",
        "source_name": "OpenStreetMap Overpass",
        "source_url": "https://overpass-api.de/api/interpreter",
        "retrieved_at": "2026-05-03T02:57:59.023Z",
        "provisional": true
      }
    },
    {
      "type": "Feature",
      "geometry": {
        "type": "Polygon",
        "coordinates": [
          [
            [
              -121.896074,
              37.4818953
            ],
            [
              -121.8959913,
              37.4818785
            ],
            [
              -121.8960138,
              37.4818006
            ],
            [
              -121.8959833,
              37.481793
            ],
            [
              -121.8959723,
              37.4817889
            ],
            [
              -121.8959636,
              37.4817981
            ],
            [
              -121.8959508,
              37.4818019
            ],
            [
              -121.8959318,
              37.4817991
            ],
            [
              -121.8959229,
              37.4817927
            ],
            [
              -121.8959174,
              37.4817823
            ],
            [
              -121.8959204,
              37.4817699
            ],
            [
              -121.8959308,
              37.4817633
            ],
            [
              -121.8959261,
              37.4817574
            ],
            [
              -121.8959162,
              37.4817614
            ],
            [
              -121.8959125,
              37.4817561
            ],
            [
              -121.8959026,
              37.4817529
            ],
            [
              -121.8958953,
              37.4817459
            ],
            [
              -121.8958941,
              37.4817395
            ],
            [
              -121.8958927,
              37.481732
            ],
            [
              -121.8958873,
              37.4817251
            ],
            [
              -121.8958805,
              37.4817245
            ],
            [
              -121.8958399,
              37.4816695
            ],
            [
              -121.8958477,
              37.4816659
            ],
            [
              -121.8958294,
              37.4816412
            ],
            [
              -121.8958601,
              37.4816269
            ],
            [
              -121.8958463,
              37.4816082
            ],
            [
              -121.8959134,
              37.481577
            ],
            [
              -121.8959219,
              37.4815885
            ],
            [
              -121.8959572,
              37.4815721
            ],
            [
              -121.8959775,
              37.4815276
            ],
            [
              -121.8960243,
              37.4815407
            ],
            [
              -121.896018,
              37.4815548
            ],
            [
              -121.896024,
              37.4815567
            ],
            [
              -121.8960113,
              37.4815857
            ],
            [
              -121.896017,
              37.4815876
            ],
            [
              -121.896039,
              37.4816124
            ],
            [
              -121.8960421,
              37.4816316
            ],
            [
              -121.8960407,
              37.4816479
            ],
            [
              -121.8960277,
              37.4816679
            ],
            [
              -121.8960509,
              37.4816844
            ],
            [
              -121.8960829,
              37.4816913
            ],
            [
              -121.896078,
              37.4817058
            ],
            [
              -121.8961147,
              37.4817137
            ],
            [
              -121.8961187,
              37.4817021
            ],
            [
              -121.8961823,
              37.4817158
            ],
            [
              -121.8961789,
              37.4817259
            ],
            [
              -121.8962141,
              37.4817335
            ],
            [
              -121.8962573,
              37.4817914
            ],
            [
              -121.896272,
              37.4817938
            ],
            [
              -121.8962854,
              37.481809
            ],
            [
              -121.8962837,
              37.4818255
            ],
            [
              -121.896185,
              37.4818727
            ],
            [
              -121.896177,
              37.4818621
            ],
            [
              -121.8961475,
              37.4818751
            ],
            [
              -121.8961033,
              37.4818063
            ],
            [
              -121.896074,
              37.4818953
            ]
          ]
        ]
      },
      "properties": {
        "addr:housenumber": "4363",
        "addr:street": "Palisade Terrace",
        "building": "yes",
        "source_name": "OpenStreetMap Overpass",
        "source_url": "https://overpass-api.de/api/interpreter",
        "retrieved_at": "2026-05-03T02:57:59.023Z",
        "provisional": true
      }
    },
    {
      "type": "Feature",
      "geometry": {
        "type": "Polygon",
        "coordinates": [
          [
            [
              -121.899725,
              37.4853849
            ],
            [
              -121.8996889,
              37.4853569
            ],
            [
              -121.8996574,
              37.4853825
            ],
            [
              -121.8996273,
              37.4853592
            ],
            [
              -121.8996143,
              37.4853697
            ],
            [
              -121.8995559,
              37.4853246
            ],
            [
              -121.8995684,
              37.4853144
            ],
            [
              -121.8995316,
              37.4852859
            ],
            [
              -121.8996924,
              37.4851552
            ],
            [
              -121.8997559,
              37.4852044
            ],
            [
              -121.8996975,
              37.4852519
            ],
            [
              -121.8997909,
              37.4853242
            ],
            [
              -121.8997689,
              37.4853421
            ],
            [
              -121.8997734,
              37.4853456
            ],
            [
              -121.899725,
              37.4853849
            ]
          ]
        ]
      },
      "properties": {
        "building": "yes",
        "source_name": "OpenStreetMap Overpass",
        "source_url": "https://overpass-api.de/api/interpreter",
        "retrieved_at": "2026-05-03T02:57:59.023Z",
        "provisional": true
      }
    },
    {
      "type": "Feature",
      "geometry": {
        "type": "Polygon",
        "coordinates": [
          [
            [
              -121.8981673,
              37.4835052
            ],
            [
              -121.8980391,
              37.4835296
            ],
            [
              -121.8980485,
              37.4835605
            ],
            [
              -121.8980833,
              37.4835539
            ],
            [
              -121.8980979,
              37.4836025
            ],
            [
              -121.8980639,
              37.4836089
            ],
            [
              -121.8980697,
              37.4836281
            ],
            [
              -121.8981055,
              37.4836213
            ],
            [
              -121.8981092,
              37.4836333
            ],
            [
              -121.898117,
              37.4836318
            ],
            [
              -121.8981091,
              37.4836057
            ],
            [
              -121.8981948,
              37.4835895
            ],
            [
              -121.898215,
              37.4836562
            ],
            [
              -121.8981302,
              37.4836723
            ],
            [
              -121.898127,
              37.4836614
            ],
            [
              -121.8981193,
              37.4836629
            ],
            [
              -121.8981235,
              37.4836768
            ],
            [
              -121.8979899,
              37.4837021
            ],
            [
              -121.8979769,
              37.4836589
            ],
            [
              -121.897963,
              37.4836616
            ],
            [
              -121.8979265,
              37.4835405
            ],
            [
              -121.8979374,
              37.4835385
            ],
            [
              -121.897922,
              37.4834876
            ],
            [
              -121.8979839,
              37.4834759
            ],
            [
              -121.8979812,
              37.4834669
            ],
            [
              -121.8981463,
              37.4834356
            ],
            [
              -121.8981673,
              37.4835052
            ]
          ]
        ]
      },
      "properties": {
        "addr:housenumber": "47928",
        "addr:street": "Avalon Heights Terrace",
        "building": "yes",
        "source_name": "OpenStreetMap Overpass",
        "source_url": "https://overpass-api.de/api/interpreter",
        "retrieved_at": "2026-05-03T02:57:59.023Z",
        "provisional": true
      }
    },
    {
      "type": "Feature",
      "geometry": {
        "type": "Polygon",
        "coordinates": [
          [
            [
              -121.8981513,
              37.4820172
            ],
            [
              -121.8982025,
              37.4819925
            ],
            [
              -121.8982525,
              37.4820579
            ],
            [
              -121.8982013,
              37.4820826
            ],
            [
              -121.8981513,
              37.4820172
            ]
          ]
        ]
      },
      "properties": {
        "building": "yes",
        "source_name": "OpenStreetMap Overpass",
        "source_url": "https://overpass-api.de/api/interpreter",
        "retrieved_at": "2026-05-03T02:57:59.023Z",
        "provisional": true
      }
    },
    {
      "type": "Feature",
      "geometry": {
        "type": "Polygon",
        "coordinates": [
          [
            [
              -121.8993327,
              37.4842539
            ],
            [
              -121.8992598,
              37.4842041
            ],
            [
              -121.8993729,
              37.4841
            ],
            [
              -121.8993834,
              37.4841071
            ],
            [
              -121.8994154,
              37.4840776
            ],
            [
              -121.8994612,
              37.4841089
            ],
            [
              -121.8994991,
              37.484074
            ],
            [
              -121.899554,
              37.4841115
            ],
            [
              -121.899563,
              37.4841032
            ],
            [
              -121.8996106,
              37.4841358
            ],
            [
              -121.8996001,
              37.4841454
            ],
            [
              -121.8996584,
              37.4841853
            ],
            [
              -121.8995879,
              37.4842502
            ],
            [
              -121.8995697,
              37.4842378
            ],
            [
              -121.8994995,
              37.4843025
            ],
            [
              -121.8994308,
              37.4842555
            ],
            [
              -121.8994848,
              37.4842058
            ],
            [
              -121.8994731,
              37.4841977
            ],
            [
              -121.899464,
              37.4842061
            ],
            [
              -121.8994185,
              37.4841749
            ],
            [
              -121.8993327,
              37.4842539
            ]
          ]
        ]
      },
      "properties": {
        "addr:housenumber": "47885",
        "addr:street": "Avalon Heights Terrace",
        "building": "yes",
        "source_name": "OpenStreetMap Overpass",
        "source_url": "https://overpass-api.de/api/interpreter",
        "retrieved_at": "2026-05-03T02:57:59.023Z",
        "provisional": true
      }
    },
    {
      "type": "Feature",
      "geometry": {
        "type": "Polygon",
        "coordinates": [
          [
            [
              -121.8988974,
              37.4843523
            ],
            [
              -121.8986667,
              37.4845686
            ],
            [
              -121.8985962,
              37.4845214
            ],
            [
              -121.8986154,
              37.4845034
            ],
            [
              -121.8984957,
              37.484423
            ],
            [
              -121.898602,
              37.4843234
            ],
            [
              -121.8985959,
              37.4843193
            ],
            [
              -121.8986573,
              37.4842616
            ],
            [
              -121.8987245,
              37.4843067
            ],
            [
              -121.8986515,
              37.4843751
            ],
            [
              -121.8986622,
              37.4843824
            ],
            [
              -121.8986672,
              37.4843777
            ],
            [
              -121.8987111,
              37.4844071
            ],
            [
              -121.8988229,
              37.4843023
            ],
            [
              -121.8988974,
              37.4843523
            ]
          ]
        ]
      },
      "properties": {
        "addr:housenumber": "47892",
        "addr:street": "Avalon Heights Terrace",
        "building": "yes",
        "source_name": "OpenStreetMap Overpass",
        "source_url": "https://overpass-api.de/api/interpreter",
        "retrieved_at": "2026-05-03T02:57:59.023Z",
        "provisional": true
      }
    },
    {
      "type": "Feature",
      "geometry": {
        "type": "Polygon",
        "coordinates": [
          [
            [
              -121.8958427,
              37.4814564
            ],
            [
              -121.8957021,
              37.4814132
            ],
            [
              -121.8957169,
              37.4813828
            ],
            [
              -121.8958575,
              37.481426
            ],
            [
              -121.8958427,
              37.4814564
            ]
          ]
        ]
      },
      "properties": {
        "building": "yes",
        "source_name": "OpenStreetMap Overpass",
        "source_url": "https://overpass-api.de/api/interpreter",
        "retrieved_at": "2026-05-03T02:57:59.023Z",
        "provisional": true
      }
    },
    {
      "type": "Feature",
      "geometry": {
        "type": "Polygon",
        "coordinates": [
          [
            [
              -121.8998377,
              37.4852894
            ],
            [
              -121.8997803,
              37.4852433
            ],
            [
              -121.8998216,
              37.4852109
            ],
            [
              -121.899879,
              37.4852571
            ],
            [
              -121.8998377,
              37.4852894
            ]
          ]
        ]
      },
      "properties": {
        "building": "yes",
        "source_name": "OpenStreetMap Overpass",
        "source_url": "https://overpass-api.de/api/interpreter",
        "retrieved_at": "2026-05-03T02:57:59.023Z",
        "provisional": true
      }
    },
    {
      "type": "Feature",
      "geometry": {
        "type": "Polygon",
        "coordinates": [
          [
            [
              -121.898539,
              37.4825352
            ],
            [
              -121.8984974,
              37.4824361
            ],
            [
              -121.8984202,
              37.4824565
            ],
            [
              -121.8983909,
              37.4823869
            ],
            [
              -121.8986079,
              37.4823295
            ],
            [
              -121.8986245,
              37.4823688
            ],
            [
              -121.8986431,
              37.4823638
            ],
            [
              -121.8986581,
              37.4823996
            ],
            [
              -121.8986523,
              37.4824011
            ],
            [
              -121.8986628,
              37.4824261
            ],
            [
              -121.8986502,
              37.4824294
            ],
            [
              -121.8986635,
              37.4824611
            ],
            [
              -121.8986183,
              37.482473
            ],
            [
              -121.8986338,
              37.4825101
            ],
            [
              -121.898539,
              37.4825352
            ]
          ]
        ]
      },
      "properties": {
        "addr:housenumber": "47952;47957",
        "addr:street": "Avalon Heights Terrace",
        "building": "yes",
        "source_name": "OpenStreetMap Overpass",
        "source_url": "https://overpass-api.de/api/interpreter",
        "retrieved_at": "2026-05-03T02:57:59.023Z",
        "provisional": true
      }
    },
    {
      "type": "Feature",
      "geometry": {
        "type": "Polygon",
        "coordinates": [
          [
            [
              -121.8983898,
              37.4825022
            ],
            [
              -121.898446,
              37.4824874
            ],
            [
              -121.8984725,
              37.4825506
            ],
            [
              -121.8984164,
              37.4825655
            ],
            [
              -121.8983898,
              37.4825022
            ]
          ]
        ]
      },
      "properties": {
        "building": "yes",
        "source_name": "OpenStreetMap Overpass",
        "source_url": "https://overpass-api.de/api/interpreter",
        "retrieved_at": "2026-05-03T02:57:59.023Z",
        "provisional": true
      }
    },
    {
      "type": "Feature",
      "geometry": {
        "type": "Polygon",
        "coordinates": [
          [
            [
              -121.8965954,
              37.481405
            ],
            [
              -121.8965513,
              37.4813814
            ],
            [
              -121.8965433,
              37.4813908
            ],
            [
              -121.8964096,
              37.481319
            ],
            [
              -121.8964169,
              37.4813105
            ],
            [
              -121.8963633,
              37.4812817
            ],
            [
              -121.8964742,
              37.4811515
            ],
            [
              -121.8964673,
              37.4811478
            ],
            [
              -121.8964888,
              37.4811225
            ],
            [
              -121.8965649,
              37.4811633
            ],
            [
              -121.896489,
              37.4812525
            ],
            [
              -121.8965183,
              37.4812682
            ],
            [
              -121.8965375,
              37.4812457
            ],
            [
              -121.89659,
              37.4812739
            ],
            [
              -121.8965722,
              37.4812948
            ],
            [
              -121.8965946,
              37.4813068
            ],
            [
              -121.8966146,
              37.4812834
            ],
            [
              -121.896626,
              37.4812895
            ],
            [
              -121.8966317,
              37.4812829
            ],
            [
              -121.8966067,
              37.4812695
            ],
            [
              -121.8966556,
              37.481212
            ],
            [
              -121.896728,
              37.4812508
            ],
            [
              -121.8966789,
              37.4813084
            ],
            [
              -121.8966656,
              37.4813012
            ],
            [
              -121.8966607,
              37.481307
            ],
            [
              -121.8966731,
              37.4813137
            ],
            [
              -121.8965954,
              37.481405
            ]
          ]
        ]
      },
      "properties": {
        "addr:housenumber": "48036",
        "addr:street": "Avalon Heights Terrace",
        "building": "yes",
        "source_name": "OpenStreetMap Overpass",
        "source_url": "https://overpass-api.de/api/interpreter",
        "retrieved_at": "2026-05-03T02:57:59.023Z",
        "provisional": true
      }
    },
    {
      "type": "Feature",
      "geometry": {
        "type": "Polygon",
        "coordinates": [
          [
            [
              -121.8992575,
              37.4830346
            ],
            [
              -121.8992119,
              37.4829676
            ],
            [
              -121.8993611,
              37.4829036
            ],
            [
              -121.8993671,
              37.4829124
            ],
            [
              -121.8994116,
              37.4828933
            ],
            [
              -121.8994395,
              37.4829344
            ],
            [
              -121.8994919,
              37.4829119
            ],
            [
              -121.8995269,
              37.4829633
            ],
            [
              -121.89954,
              37.4829577
            ],
            [
              -121.8995712,
              37.4830034
            ],
            [
              -121.8995573,
              37.4830094
            ],
            [
              -121.899594,
              37.4830633
            ],
            [
              -121.8994966,
              37.483105
            ],
            [
              -121.8994843,
              37.4830869
            ],
            [
              -121.8993901,
              37.4831273
            ],
            [
              -121.8993477,
              37.4830652
            ],
            [
              -121.8994058,
              37.4830403
            ],
            [
              -121.8994099,
              37.4830463
            ],
            [
              -121.8994241,
              37.4830402
            ],
            [
              -121.8993951,
              37.4829977
            ],
            [
              -121.8993858,
              37.4830017
            ],
            [
              -121.8993742,
              37.4829846
            ],
            [
              -121.8992575,
              37.4830346
            ]
          ]
        ]
      },
      "properties": {
        "addr:housenumber": "47933",
        "addr:street": "Avalon Heights Terrace",
        "building": "yes",
        "source_name": "OpenStreetMap Overpass",
        "source_url": "https://overpass-api.de/api/interpreter",
        "retrieved_at": "2026-05-03T02:57:59.023Z",
        "provisional": true
      }
    },
    {
      "type": "Feature",
      "geometry": {
        "type": "Polygon",
        "coordinates": [
          [
            [
              -121.8967683,
              37.4813399
            ],
            [
              -121.8968467,
              37.4813725
            ],
            [
              -121.8968226,
              37.481409
            ],
            [
              -121.8968689,
              37.4814282
            ],
            [
              -121.8968392,
              37.4814732
            ],
            [
              -121.896864,
              37.4814834
            ],
            [
              -121.8969062,
              37.4814194
            ],
            [
              -121.8968981,
              37.4814161
            ],
            [
              -121.8969398,
              37.4813528
            ],
            [
              -121.8969545,
              37.4813588
            ],
            [
              -121.8969588,
              37.4813523
            ],
            [
              -121.8970071,
              37.4813723
            ],
            [
              -121.8970026,
              37.4813792
            ],
            [
              -121.8970171,
              37.4813852
            ],
            [
              -121.8968821,
              37.4815899
            ],
            [
              -121.8967898,
              37.4815515
            ],
            [
              -121.8967857,
              37.4815577
            ],
            [
              -121.8967172,
              37.4815293
            ],
            [
              -121.8967216,
              37.4815228
            ],
            [
              -121.8966636,
              37.4814987
            ],
            [
              -121.8967683,
              37.4813399
            ]
          ]
        ]
      },
      "properties": {
        "addr:housenumber": "48024",
        "addr:street": "Avalon Heights Terrace",
        "building": "yes",
        "source_name": "OpenStreetMap Overpass",
        "source_url": "https://overpass-api.de/api/interpreter",
        "retrieved_at": "2026-05-03T02:57:59.023Z",
        "provisional": true
      }
    },
    {
      "type": "Feature",
      "geometry": {
        "type": "Polygon",
        "coordinates": [
          [
            [
              -121.8976525,
              37.4811782
            ],
            [
              -121.8976052,
              37.4811415
            ],
            [
              -121.8976431,
              37.4811107
            ],
            [
              -121.8976905,
              37.4811474
            ],
            [
              -121.8976525,
              37.4811782
            ]
          ]
        ]
      },
      "properties": {
        "building": "yes",
        "source_name": "OpenStreetMap Overpass",
        "source_url": "https://overpass-api.de/api/interpreter",
        "retrieved_at": "2026-05-03T02:57:59.023Z",
        "provisional": true
      }
    },
    {
      "type": "Feature",
      "geometry": {
        "type": "Polygon",
        "coordinates": [
          [
            [
              -121.8984796,
              37.4855834
            ],
            [
              -121.8984845,
              37.4855217
            ],
            [
              -121.8984701,
              37.485521
            ],
            [
              -121.8984739,
              37.4854735
            ],
            [
              -121.8984875,
              37.4854742
            ],
            [
              -121.8984921,
              37.4854165
            ],
            [
              -121.8985519,
              37.4854194
            ],
            [
              -121.8985556,
              37.4853717
            ],
            [
              -121.8986052,
              37.4853742
            ],
            [
              -121.8986061,
              37.4853636
            ],
            [
              -121.8987759,
              37.485372
            ],
            [
              -121.8987702,
              37.4854447
            ],
            [
              -121.8986374,
              37.4854381
            ],
            [
              -121.8986337,
              37.4854855
            ],
            [
              -121.8986188,
              37.4854848
            ],
            [
              -121.8986168,
              37.4855108
            ],
            [
              -121.8986315,
              37.4855115
            ],
            [
              -121.8986322,
              37.4855022
            ],
            [
              -121.8986998,
              37.4855056
            ],
            [
              -121.8986943,
              37.4855751
            ],
            [
              -121.8985869,
              37.4855697
            ],
            [
              -121.8985854,
              37.4855886
            ],
            [
              -121.8984796,
              37.4855834
            ]
          ]
        ]
      },
      "properties": {
        "addr:housenumber": "4121",
        "addr:street": "Piedmont Terrace",
        "building": "yes",
        "source_name": "OpenStreetMap Overpass",
        "source_url": "https://overpass-api.de/api/interpreter",
        "retrieved_at": "2026-05-03T02:57:59.023Z",
        "provisional": true
      }
    },
    {
      "type": "Feature",
      "geometry": {
        "type": "Polygon",
        "coordinates": [
          [
            [
              -121.8973854,
              37.4816493
            ],
            [
              -121.8972719,
              37.4817498
            ],
            [
              -121.8972625,
              37.4817431
            ],
            [
              -121.897229,
              37.4817728
            ],
            [
              -121.8971869,
              37.4817429
            ],
            [
              -121.8971439,
              37.4817809
            ],
            [
              -121.8970896,
              37.4817423
            ],
            [
              -121.89708,
              37.4817508
            ],
            [
              -121.8970315,
              37.4817163
            ],
            [
              -121.8970397,
              37.481709
            ],
            [
              -121.896982,
              37.481668
            ],
            [
              -121.897055,
              37.4816034
            ],
            [
              -121.8970716,
              37.4816152
            ],
            [
              -121.8970898,
              37.4815991
            ],
            [
              -121.8970949,
              37.4816027
            ],
            [
              -121.8971144,
              37.4815854
            ],
            [
              -121.8971088,
              37.4815814
            ],
            [
              -121.8971471,
              37.4815474
            ],
            [
              -121.8972138,
              37.4815948
            ],
            [
              -121.8971683,
              37.481635
            ],
            [
              -121.8972238,
              37.4816745
            ],
            [
              -121.8973116,
              37.4815968
            ],
            [
              -121.8973854,
              37.4816493
            ]
          ]
        ]
      },
      "properties": {
        "addr:housenumber": "48012",
        "addr:street": "Avalon Heights Terrace",
        "building": "yes",
        "source_name": "OpenStreetMap Overpass",
        "source_url": "https://overpass-api.de/api/interpreter",
        "retrieved_at": "2026-05-03T02:57:59.023Z",
        "provisional": true
      }
    },
    {
      "type": "Feature",
      "geometry": {
        "type": "Polygon",
        "coordinates": [
          [
            [
              -121.8976092,
              37.4814331
            ],
            [
              -121.8975486,
              37.481386
            ],
            [
              -121.8976101,
              37.4813362
            ],
            [
              -121.8976329,
              37.4813539
            ],
            [
              -121.8976404,
              37.4813478
            ],
            [
              -121.8976294,
              37.4813392
            ],
            [
              -121.8976539,
              37.4813194
            ],
            [
              -121.8976353,
              37.481305
            ],
            [
              -121.8976166,
              37.4813201
            ],
            [
              -121.8975725,
              37.4812858
            ],
            [
              -121.8975908,
              37.4812709
            ],
            [
              -121.8975562,
              37.4812441
            ],
            [
              -121.8975246,
              37.4812697
            ],
            [
              -121.8975308,
              37.4812745
            ],
            [
              -121.8974705,
              37.4813234
            ],
            [
              -121.8974059,
              37.4812732
            ],
            [
              -121.8975271,
              37.4811749
            ],
            [
              -121.8975347,
              37.4811808
            ],
            [
              -121.8975766,
              37.4811469
            ],
            [
              -121.8976239,
              37.4811836
            ],
            [
              -121.8976317,
              37.4811773
            ],
            [
              -121.8977432,
              37.4812639
            ],
            [
              -121.897734,
              37.4812714
            ],
            [
              -121.8977733,
              37.4813019
            ],
            [
              -121.8976775,
              37.4813796
            ],
            [
              -121.8976665,
              37.481371
            ],
            [
              -121.8976605,
              37.4813758
            ],
            [
              -121.8976704,
              37.4813835
            ],
            [
              -121.8976092,
              37.4814331
            ]
          ]
        ]
      },
      "properties": {
        "addr:housenumber": "48017",
        "addr:street": "Avalon Heights Terrace",
        "building": "yes",
        "source_name": "OpenStreetMap Overpass",
        "source_url": "https://overpass-api.de/api/interpreter",
        "retrieved_at": "2026-05-03T02:57:59.023Z",
        "provisional": true
      }
    },
    {
      "type": "Feature",
      "geometry": {
        "type": "Polygon",
        "coordinates": [
          [
            [
              -121.8970622,
              37.4810321
            ],
            [
              -121.8970034,
              37.4809804
            ],
            [
              -121.8970892,
              37.4809189
            ],
            [
              -121.8970808,
              37.4809116
            ],
            [
              -121.8970717,
              37.4809181
            ],
            [
              -121.8970318,
              37.480883
            ],
            [
              -121.8969063,
              37.4809729
            ],
            [
              -121.8968401,
              37.4809147
            ],
            [
              -121.8971046,
              37.4807252
            ],
            [
              -121.8971689,
              37.4807817
            ],
            [
              -121.897145,
              37.4807988
            ],
            [
              -121.8971562,
              37.4808087
            ],
            [
              -121.8971632,
              37.4808037
            ],
            [
              -121.8972025,
              37.4808383
            ],
            [
              -121.8971958,
              37.4808431
            ],
            [
              -121.8972025,
              37.480849
            ],
            [
              -121.8972082,
              37.4808449
            ],
            [
              -121.8972469,
              37.4808789
            ],
            [
              -121.8972418,
              37.4808825
            ],
            [
              -121.8972496,
              37.4808895
            ],
            [
              -121.8971293,
              37.4809757
            ],
            [
              -121.8971345,
              37.4809803
            ],
            [
              -121.8970622,
              37.4810321
            ]
          ]
        ]
      },
      "properties": {
        "addr:housenumber": "48041",
        "addr:street": "Avalon Heights Terrace",
        "building": "yes",
        "source_name": "OpenStreetMap Overpass",
        "source_url": "https://overpass-api.de/api/interpreter",
        "retrieved_at": "2026-05-03T02:57:59.023Z",
        "provisional": true
      }
    },
    {
      "type": "Feature",
      "geometry": {
        "type": "Polygon",
        "coordinates": [
          [
            [
              -121.8972636,
              37.4806544
            ],
            [
              -121.8972915,
              37.4806597
            ],
            [
              -121.8973177,
              37.4806692
            ],
            [
              -121.8973409,
              37.4806827
            ],
            [
              -121.8973673,
              37.4807074
            ],
            [
              -121.8973839,
              37.4807371
            ],
            [
              -121.8973321,
              37.4807526
            ],
            [
              -121.8973174,
              37.4807279
            ],
            [
              -121.8972963,
              37.4807114
            ],
            [
              -121.8972607,
              37.4807003
            ],
            [
              -121.8972636,
              37.4806544
            ]
          ]
        ]
      },
      "properties": {
        "building": "yes",
        "source_name": "OpenStreetMap Overpass",
        "source_url": "https://overpass-api.de/api/interpreter",
        "retrieved_at": "2026-05-03T02:57:59.023Z",
        "provisional": true
      }
    },
    {
      "type": "Feature",
      "geometry": {
        "type": "Polygon",
        "coordinates": [
          [
            [
              -121.897182,
              37.4828891
            ],
            [
              -121.8971526,
              37.4828555
            ],
            [
              -121.8971358,
              37.4828647
            ],
            [
              -121.8970979,
              37.4828213
            ],
            [
              -121.8971123,
              37.4828134
            ],
            [
              -121.8970764,
              37.4827724
            ],
            [
              -121.8970127,
              37.4828074
            ],
            [
              -121.8969684,
              37.4827568
            ],
            [
              -121.8969764,
              37.4827524
            ],
            [
              -121.8969724,
              37.4827478
            ],
            [
              -121.8970506,
              37.4827047
            ],
            [
              -121.8970874,
              37.4827467
            ],
            [
              -121.8971243,
              37.4827264
            ],
            [
              -121.8971187,
              37.4827199
            ],
            [
              -121.8972015,
              37.4826743
            ],
            [
              -121.8972075,
              37.4826812
            ],
            [
              -121.897225,
              37.4826716
            ],
            [
              -121.8972087,
              37.482653
            ],
            [
              -121.8972741,
              37.4826169
            ],
            [
              -121.8973733,
              37.4827303
            ],
            [
              -121.8973601,
              37.4827376
            ],
            [
              -121.8973926,
              37.4827748
            ],
            [
              -121.8973262,
              37.4828114
            ],
            [
              -121.8973326,
              37.4828187
            ],
            [
              -121.8972496,
              37.4828644
            ],
            [
              -121.8972422,
              37.482856
            ],
            [
              -121.897182,
              37.4828891
            ]
          ]
        ]
      },
      "properties": {
        "addr:housenumber": "4235",
        "addr:street": "Palisade Terrace",
        "building": "yes",
        "source_name": "OpenStreetMap Overpass",
        "source_url": "https://overpass-api.de/api/interpreter",
        "retrieved_at": "2026-05-03T02:57:59.023Z",
        "provisional": true
      }
    },
    {
      "type": "Feature",
      "geometry": {
        "type": "Polygon",
        "coordinates": [
          [
            [
              -121.9001008,
              37.4865168
            ],
            [
              -121.900262,
              37.4864788
            ],
            [
              -121.9002899,
              37.4865534
            ],
            [
              -121.8999509,
              37.4866332
            ],
            [
              -121.8999236,
              37.4865604
            ],
            [
              -121.8999536,
              37.4865533
            ],
            [
              -121.8999098,
              37.4864359
            ],
            [
              -121.9000625,
              37.4864
            ],
            [
              -121.9000605,
              37.4863946
            ],
            [
              -121.9001567,
              37.4863719
            ],
            [
              -121.9001817,
              37.4864387
            ],
            [
              -121.9000722,
              37.4864645
            ],
            [
              -121.9000757,
              37.486474
            ],
            [
              -121.900084,
              37.486472
            ],
            [
              -121.9001008,
              37.4865168
            ]
          ]
        ]
      },
      "properties": {
        "addr:housenumber": "47796",
        "addr:street": "Avalon Heights Terrace",
        "building": "yes",
        "source_name": "OpenStreetMap Overpass",
        "source_url": "https://overpass-api.de/api/interpreter",
        "retrieved_at": "2026-05-03T02:57:59.023Z",
        "provisional": true
      }
    },
    {
      "type": "Feature",
      "geometry": {
        "type": "Polygon",
        "coordinates": [
          [
            [
              -121.8609314,
              37.5586421
            ],
            [
              -121.8607798,
              37.5581321
            ],
            [
              -121.8610658,
              37.5580787
            ],
            [
              -121.8612173,
              37.5585887
            ],
            [
              -121.8609314,
              37.5586421
            ]
          ]
        ]
      },
      "properties": {
        "addr:housenumber": "8501",
        "addr:street": "Calaveras Road",
        "building": "industrial",
        "source_name": "OpenStreetMap Overpass",
        "source_url": "https://overpass-api.de/api/interpreter",
        "retrieved_at": "2026-05-03T02:57:59.023Z",
        "provisional": true
      }
    },
    {
      "type": "Feature",
      "geometry": {
        "type": "Polygon",
        "coordinates": [
          [
            [
              -121.8610548,
              37.5580504
            ],
            [
              -121.8607644,
              37.5581039
            ],
            [
              -121.8607104,
              37.55792
            ],
            [
              -121.8610008,
              37.5578664
            ],
            [
              -121.8610548,
              37.5580504
            ]
          ]
        ]
      },
      "properties": {
        "building": "industrial",
        "source_name": "OpenStreetMap Overpass",
        "source_url": "https://overpass-api.de/api/interpreter",
        "retrieved_at": "2026-05-03T02:57:59.023Z",
        "provisional": true
      }
    },
    {
      "type": "Feature",
      "geometry": {
        "type": "Polygon",
        "coordinates": [
          [
            [
              -121.861539,
              37.5595575
            ],
            [
              -121.8613082,
              37.559597
            ],
            [
              -121.8612653,
              37.5594392
            ],
            [
              -121.861496,
              37.5593997
            ],
            [
              -121.861539,
              37.5595575
            ]
          ]
        ]
      },
      "properties": {
        "building": "industrial",
        "source_name": "OpenStreetMap Overpass",
        "source_url": "https://overpass-api.de/api/interpreter",
        "retrieved_at": "2026-05-03T02:57:59.023Z",
        "provisional": true
      }
    },
    {
      "type": "Feature",
      "geometry": {
        "type": "Polygon",
        "coordinates": [
          [
            [
              -121.8841284,
              37.5662054
            ],
            [
              -121.8840885,
              37.5660574
            ],
            [
              -121.883903,
              37.5660888
            ],
            [
              -121.8839243,
              37.5661679
            ],
            [
              -121.8840328,
              37.5661495
            ],
            [
              -121.8840514,
              37.5662184
            ],
            [
              -121.8841284,
              37.5662054
            ]
          ]
        ]
      },
      "properties": {
        "addr:city": "Sunol",
        "addr:housenumber": "4021",
        "addr:postcode": "94586",
        "addr:street": "Andrade Road",
        "building": "house",
        "name": "Sunol Watershed Keeper's House",
        "operator": "San Francisco Public Utilities Commission",
        "source_name": "OpenStreetMap Overpass",
        "source_url": "https://overpass-api.de/api/interpreter",
        "retrieved_at": "2026-05-03T02:57:59.023Z",
        "provisional": true
      }
    },
    {
      "type": "Feature",
      "geometry": {
        "type": "Polygon",
        "coordinates": [
          [
            [
              -121.8605591,
              37.5585791
            ],
            [
              -121.860477,
              37.5583035
            ],
            [
              -121.8603606,
              37.5583253
            ],
            [
              -121.8604155,
              37.5585095
            ],
            [
              -121.8603681,
              37.5585184
            ],
            [
              -121.8603528,
              37.5584669
            ],
            [
              -121.8602784,
              37.5584808
            ],
            [
              -121.8603132,
              37.5585975
            ],
            [
              -121.8604303,
              37.5585756
            ],
            [
              -121.8604381,
              37.5586017
            ],
            [
              -121.8605591,
              37.5585791
            ]
          ]
        ]
      },
      "properties": {
        "building": "industrial",
        "source_name": "OpenStreetMap Overpass",
        "source_url": "https://overpass-api.de/api/interpreter",
        "retrieved_at": "2026-05-03T02:57:59.023Z",
        "provisional": true
      }
    },
    {
      "type": "Feature",
      "geometry": {
        "type": "Polygon",
        "coordinates": [
          [
            [
              -121.8223043,
              37.4923901
            ],
            [
              -121.8223167,
              37.4924017
            ],
            [
              -121.8223236,
              37.4924159
            ],
            [
              -121.8223241,
              37.4924311
            ],
            [
              -121.8223183,
              37.4924455
            ],
            [
              -121.8223068,
              37.4924577
            ],
            [
              -121.8222908,
              37.492466
            ],
            [
              -121.8222722,
              37.4924698
            ],
            [
              -121.8222539,
              37.4924685
            ],
            [
              -121.8222371,
              37.4924628
            ],
            [
              -121.8222235,
              37.492453
            ],
            [
              -121.8222144,
              37.4924404
            ],
            [
              -121.822211,
              37.4924261
            ],
            [
              -121.8222134,
              37.4924117
            ],
            [
              -121.8222215,
              37.4923986
            ],
            [
              -121.8222344,
              37.4923883
            ],
            [
              -121.8222508,
              37.4923817
            ],
            [
              -121.8222689,
              37.4923796
            ],
            [
              -121.8222877,
              37.4923825
            ],
            [
              -121.8223043,
              37.4923901
            ]
          ]
        ]
      },
      "properties": {
        "building": "yes",
        "name": "Intake shaft",
        "source_name": "OpenStreetMap Overpass",
        "source_url": "https://overpass-api.de/api/interpreter",
        "retrieved_at": "2026-05-03T02:57:59.023Z",
        "provisional": true
      }
    },
    {
      "type": "Feature",
      "geometry": {
        "type": "Polygon",
        "coordinates": [
          [
            [
              -121.8226902,
              37.4924613
            ],
            [
              -121.8226053,
              37.4923916
            ],
            [
              -121.8226478,
              37.4923589
            ],
            [
              -121.8227328,
              37.4924286
            ],
            [
              -121.8226902,
              37.4924613
            ]
          ]
        ]
      },
      "properties": {
        "building": "industrial",
        "source_name": "OpenStreetMap Overpass",
        "source_url": "https://overpass-api.de/api/interpreter",
        "retrieved_at": "2026-05-03T02:57:59.023Z",
        "provisional": true
      }
    },
    {
      "type": "Feature",
      "geometry": {
        "type": "Polygon",
        "coordinates": [
          [
            [
              -121.8182153,
              37.4971504
            ],
            [
              -121.8180836,
              37.4972105
            ],
            [
              -121.8180456,
              37.4971581
            ],
            [
              -121.8181772,
              37.497098
            ],
            [
              -121.8182153,
              37.4971504
            ]
          ]
        ]
      },
      "properties": {
        "building": "industrial",
        "source_name": "OpenStreetMap Overpass",
        "source_url": "https://overpass-api.de/api/interpreter",
        "retrieved_at": "2026-05-03T02:57:59.023Z",
        "provisional": true
      }
    },
    {
      "type": "Feature",
      "geometry": {
        "type": "Polygon",
        "coordinates": [
          [
            [
              -121.8688046,
              37.5581961
            ],
            [
              -121.8686791,
              37.5582142
            ],
            [
              -121.8686655,
              37.5581547
            ],
            [
              -121.868746,
              37.5581431
            ],
            [
              -121.8687434,
              37.5581318
            ],
            [
              -121.8687884,
              37.5581253
            ],
            [
              -121.8688046,
              37.5581961
            ]
          ]
        ]
      },
      "properties": {
        "addr:housenumber": "6503",
        "addr:street": "Calaveras Road",
        "building": "industrial",
        "source_name": "OpenStreetMap Overpass",
        "source_url": "https://overpass-api.de/api/interpreter",
        "retrieved_at": "2026-05-03T02:57:59.023Z",
        "provisional": true
      }
    },
    {
      "type": "Feature",
      "geometry": {
        "type": "Polygon",
        "coordinates": [
          [
            [
              -121.8830679,
              37.5233969
            ],
            [
              -121.8829437,
              37.523353
            ],
            [
              -121.8829872,
              37.5232756
            ],
            [
              -121.882736,
              37.5231869
            ],
            [
              -121.8827768,
              37.5231142
            ],
            [
              -121.8831522,
              37.5232466
            ],
            [
              -121.8830679,
              37.5233969
            ]
          ]
        ]
      },
      "properties": {
        "addr:housenumber": "7000",
        "addr:street": "Mill Creek Road",
        "building": "yes",
        "source_name": "OpenStreetMap Overpass",
        "source_url": "https://overpass-api.de/api/interpreter",
        "retrieved_at": "2026-05-03T02:57:59.023Z",
        "provisional": true
      }
    },
    {
      "type": "Feature",
      "geometry": {
        "type": "Polygon",
        "coordinates": [
          [
            [
              -121.8866424,
              37.5242767
            ],
            [
              -121.8865491,
              37.5242392
            ],
            [
              -121.8864579,
              37.524382
            ],
            [
              -121.8865513,
              37.5244195
            ],
            [
              -121.8866424,
              37.5242767
            ]
          ]
        ]
      },
      "properties": {
        "addr:housenumber": "6950",
        "addr:street": "Mill Creek Road",
        "building": "yes",
        "source_name": "OpenStreetMap Overpass",
        "source_url": "https://overpass-api.de/api/interpreter",
        "retrieved_at": "2026-05-03T02:57:59.023Z",
        "provisional": true
      }
    },
    {
      "type": "Feature",
      "geometry": {
        "type": "Polygon",
        "coordinates": [
          [
            [
              -121.8877959,
              37.5239075
            ],
            [
              -121.8876618,
              37.5238479
            ],
            [
              -121.8875741,
              37.5239722
            ],
            [
              -121.8873829,
              37.524033
            ],
            [
              -121.887422,
              37.5241104
            ],
            [
              -121.8876526,
              37.524037
            ],
            [
              -121.8877959,
              37.5239075
            ]
          ]
        ]
      },
      "properties": {
        "addr:housenumber": "6900",
        "addr:street": "Mill Creek Road",
        "building": "yes",
        "source_name": "OpenStreetMap Overpass",
        "source_url": "https://overpass-api.de/api/interpreter",
        "retrieved_at": "2026-05-03T02:57:59.023Z",
        "provisional": true
      }
    },
    {
      "type": "Feature",
      "geometry": {
        "type": "Polygon",
        "coordinates": [
          [
            [
              -121.8921036,
              37.5256167
            ],
            [
              -121.8921559,
              37.5254859
            ],
            [
              -121.891863,
              37.5254123
            ],
            [
              -121.8918107,
              37.5255431
            ],
            [
              -121.8921036,
              37.5256167
            ]
          ]
        ]
      },
      "properties": {
        "addr:housenumber": "6700",
        "addr:street": "Mill Creek Road",
        "building": "yes",
        "source_name": "OpenStreetMap Overpass",
        "source_url": "https://overpass-api.de/api/interpreter",
        "retrieved_at": "2026-05-03T02:57:59.023Z",
        "provisional": true
      }
    },
    {
      "type": "Feature",
      "geometry": {
        "type": "Polygon",
        "coordinates": [
          [
            [
              -121.8918206,
              37.5254029
            ],
            [
              -121.8917307,
              37.5253774
            ],
            [
              -121.8917815,
              37.525265
            ],
            [
              -121.8918714,
              37.5252905
            ],
            [
              -121.8918206,
              37.5254029
            ]
          ]
        ]
      },
      "properties": {
        "building": "yes",
        "source_name": "OpenStreetMap Overpass",
        "source_url": "https://overpass-api.de/api/interpreter",
        "retrieved_at": "2026-05-03T02:57:59.023Z",
        "provisional": true
      }
    },
    {
      "type": "Feature",
      "geometry": {
        "type": "Polygon",
        "coordinates": [
          [
            [
              -121.8910213,
              37.5246068
            ],
            [
              -121.8908939,
              37.5245659
            ],
            [
              -121.8908569,
              37.5246383
            ],
            [
              -121.8906986,
              37.5245874
            ],
            [
              -121.8906481,
              37.5246864
            ],
            [
              -121.8907275,
              37.5247119
            ],
            [
              -121.8906932,
              37.5247792
            ],
            [
              -121.8908031,
              37.5248145
            ],
            [
              -121.8908477,
              37.5247271
            ],
            [
              -121.890944,
              37.5247581
            ],
            [
              -121.8910213,
              37.5246068
            ]
          ]
        ]
      },
      "properties": {
        "addr:housenumber": "6750",
        "addr:street": "Mill Creek Road",
        "building": "yes",
        "source_name": "OpenStreetMap Overpass",
        "source_url": "https://overpass-api.de/api/interpreter",
        "retrieved_at": "2026-05-03T02:57:59.023Z",
        "provisional": true
      }
    },
    {
      "type": "Feature",
      "geometry": {
        "type": "Polygon",
        "coordinates": [
          [
            [
              -121.889584,
              37.5253067
            ],
            [
              -121.8893798,
              37.5251432
            ],
            [
              -121.8893083,
              37.5251993
            ],
            [
              -121.8895125,
              37.5253628
            ],
            [
              -121.889584,
              37.5253067
            ]
          ]
        ]
      },
      "properties": {
        "building": "yes",
        "source_name": "OpenStreetMap Overpass",
        "source_url": "https://overpass-api.de/api/interpreter",
        "retrieved_at": "2026-05-03T02:57:59.023Z",
        "provisional": true
      }
    },
    {
      "type": "Feature",
      "geometry": {
        "type": "Polygon",
        "coordinates": [
          [
            [
              -121.8902717,
              37.5272506
            ],
            [
              -121.8901741,
              37.5273098
            ],
            [
              -121.8900761,
              37.5272082
            ],
            [
              -121.8901736,
              37.527149
            ],
            [
              -121.8902717,
              37.5272506
            ]
          ]
        ]
      },
      "properties": {
        "building": "yes",
        "source_name": "OpenStreetMap Overpass",
        "source_url": "https://overpass-api.de/api/interpreter",
        "retrieved_at": "2026-05-03T02:57:59.023Z",
        "provisional": true
      }
    },
    {
      "type": "Feature",
      "geometry": {
        "type": "Polygon",
        "coordinates": [
          [
            [
              -121.8882207,
              37.5258903
            ],
            [
              -121.8881411,
              37.5258974
            ],
            [
              -121.8881336,
              37.5258444
            ],
            [
              -121.8882132,
              37.5258373
            ],
            [
              -121.8882207,
              37.5258903
            ]
          ]
        ]
      },
      "properties": {
        "building": "yes",
        "source_name": "OpenStreetMap Overpass",
        "source_url": "https://overpass-api.de/api/interpreter",
        "retrieved_at": "2026-05-03T02:57:59.023Z",
        "provisional": true
      }
    },
    {
      "type": "Feature",
      "geometry": {
        "type": "Polygon",
        "coordinates": [
          [
            [
              -121.8892349,
              37.5261224
            ],
            [
              -121.8892503,
              37.5260569
            ],
            [
              -121.8891955,
              37.5260488
            ],
            [
              -121.8892394,
              37.5258615
            ],
            [
              -121.8890563,
              37.5258345
            ],
            [
              -121.888997,
              37.5260874
            ],
            [
              -121.8892349,
              37.5261224
            ]
          ]
        ]
      },
      "properties": {
        "building": "yes",
        "source_name": "OpenStreetMap Overpass",
        "source_url": "https://overpass-api.de/api/interpreter",
        "retrieved_at": "2026-05-03T02:57:59.023Z",
        "provisional": true
      }
    },
    {
      "type": "Feature",
      "geometry": {
        "type": "Polygon",
        "coordinates": [
          [
            [
              -121.8890761,
              37.5256936
            ],
            [
              -121.8889563,
              37.5256764
            ],
            [
              -121.8889244,
              37.5258164
            ],
            [
              -121.8890563,
              37.5258345
            ],
            [
              -121.8890761,
              37.5256936
            ]
          ]
        ]
      },
      "properties": {
        "building": "yes",
        "source_name": "OpenStreetMap Overpass",
        "source_url": "https://overpass-api.de/api/interpreter",
        "retrieved_at": "2026-05-03T02:57:59.023Z",
        "provisional": true
      }
    },
    {
      "type": "Feature",
      "geometry": {
        "type": "Polygon",
        "coordinates": [
          [
            [
              -121.8885015,
              37.5255743
            ],
            [
              -121.8883851,
              37.5256105
            ],
            [
              -121.8882611,
              37.5253598
            ],
            [
              -121.8883775,
              37.5253236
            ],
            [
              -121.8885015,
              37.5255743
            ]
          ]
        ]
      },
      "properties": {
        "building": "yes",
        "source_name": "OpenStreetMap Overpass",
        "source_url": "https://overpass-api.de/api/interpreter",
        "retrieved_at": "2026-05-03T02:57:59.023Z",
        "provisional": true
      }
    },
    {
      "type": "Feature",
      "geometry": {
        "type": "Polygon",
        "coordinates": [
          [
            [
              -121.8837112,
              37.5909863
            ],
            [
              -121.8835143,
              37.5909289
            ],
            [
              -121.8835927,
              37.5907602
            ],
            [
              -121.8837895,
              37.5908177
            ],
            [
              -121.8837112,
              37.5909863
            ]
          ]
        ]
      },
      "properties": {
        "building": "yes",
        "source_name": "OpenStreetMap Overpass",
        "source_url": "https://overpass-api.de/api/interpreter",
        "retrieved_at": "2026-05-03T02:57:59.023Z",
        "provisional": true
      }
    },
    {
      "type": "Feature",
      "geometry": {
        "type": "Polygon",
        "coordinates": [
          [
            [
              -121.8838547,
              37.590676
            ],
            [
              -121.8836578,
              37.5906186
            ],
            [
              -121.8837362,
              37.5904499
            ],
            [
              -121.883933,
              37.5905074
            ],
            [
              -121.8838547,
              37.590676
            ]
          ]
        ]
      },
      "properties": {
        "building": "yes",
        "source_name": "OpenStreetMap Overpass",
        "source_url": "https://overpass-api.de/api/interpreter",
        "retrieved_at": "2026-05-03T02:57:59.023Z",
        "provisional": true
      }
    },
    {
      "type": "Feature",
      "geometry": {
        "type": "Polygon",
        "coordinates": [
          [
            [
              -121.8839459,
              37.5904571
            ],
            [
              -121.883749,
              37.5903997
            ],
            [
              -121.8838274,
              37.590231
            ],
            [
              -121.8840242,
              37.5902885
            ],
            [
              -121.8839459,
              37.5904571
            ]
          ]
        ]
      },
      "properties": {
        "building": "yes",
        "source_name": "OpenStreetMap Overpass",
        "source_url": "https://overpass-api.de/api/interpreter",
        "retrieved_at": "2026-05-03T02:57:59.023Z",
        "provisional": true
      }
    },
    {
      "type": "Feature",
      "geometry": {
        "type": "Polygon",
        "coordinates": [
          [
            [
              -121.8841953,
              37.5900384
            ],
            [
              -121.8839984,
              37.589981
            ],
            [
              -121.8840768,
              37.5898123
            ],
            [
              -121.8842737,
              37.5898698
            ],
            [
              -121.8841953,
              37.5900384
            ]
          ]
        ]
      },
      "properties": {
        "building": "yes",
        "source_name": "OpenStreetMap Overpass",
        "source_url": "https://overpass-api.de/api/interpreter",
        "retrieved_at": "2026-05-03T02:57:59.023Z",
        "provisional": true
      }
    },
    {
      "type": "Feature",
      "geometry": {
        "type": "Polygon",
        "coordinates": [
          [
            [
              -121.8845292,
              37.5901383
            ],
            [
              -121.8843324,
              37.5900809
            ],
            [
              -121.8844107,
              37.5899122
            ],
            [
              -121.8846076,
              37.5899696
            ],
            [
              -121.8845292,
              37.5901383
            ]
          ]
        ]
      },
      "properties": {
        "building": "yes",
        "source_name": "OpenStreetMap Overpass",
        "source_url": "https://overpass-api.de/api/interpreter",
        "retrieved_at": "2026-05-03T02:57:59.023Z",
        "provisional": true
      }
    },
    {
      "type": "Feature",
      "geometry": {
        "type": "Polygon",
        "coordinates": [
          [
            [
              -121.8848591,
              37.5902286
            ],
            [
              -121.8846623,
              37.5901712
            ],
            [
              -121.8847407,
              37.5900025
            ],
            [
              -121.8849375,
              37.59006
            ],
            [
              -121.8848591,
              37.5902286
            ]
          ]
        ]
      },
      "properties": {
        "building": "yes",
        "source_name": "OpenStreetMap Overpass",
        "source_url": "https://overpass-api.de/api/interpreter",
        "retrieved_at": "2026-05-03T02:57:59.023Z",
        "provisional": true
      }
    },
    {
      "type": "Feature",
      "geometry": {
        "type": "Polygon",
        "coordinates": [
          [
            [
              -121.8851783,
              37.5903219
            ],
            [
              -121.8849815,
              37.5902644
            ],
            [
              -121.8850598,
              37.5900958
            ],
            [
              -121.8852567,
              37.5901532
            ],
            [
              -121.8851783,
              37.5903219
            ]
          ]
        ]
      },
      "properties": {
        "building": "yes",
        "source_name": "OpenStreetMap Overpass",
        "source_url": "https://overpass-api.de/api/interpreter",
        "retrieved_at": "2026-05-03T02:57:59.023Z",
        "provisional": true
      }
    },
    {
      "type": "Feature",
      "geometry": {
        "type": "Polygon",
        "coordinates": [
          [
            [
              -121.8851005,
              37.5944412
            ],
            [
              -121.8849398,
              37.5944373
            ],
            [
              -121.8849436,
              37.5943393
            ],
            [
              -121.8851042,
              37.5943432
            ],
            [
              -121.8851005,
              37.5944412
            ]
          ]
        ]
      },
      "properties": {
        "building": "yes",
        "source_name": "OpenStreetMap Overpass",
        "source_url": "https://overpass-api.de/api/interpreter",
        "retrieved_at": "2026-05-03T02:57:59.023Z",
        "provisional": true
      }
    },
    {
      "type": "Feature",
      "geometry": {
        "type": "Polygon",
        "coordinates": [
          [
            [
              -121.8849548,
              37.5947944
            ],
            [
              -121.8848076,
              37.594795
            ],
            [
              -121.8848069,
              37.5946714
            ],
            [
              -121.8849541,
              37.5946709
            ],
            [
              -121.8849548,
              37.5947944
            ]
          ]
        ]
      },
      "properties": {
        "addr:housenumber": "174",
        "addr:street": "Bond Street",
        "building": "yes",
        "source_name": "OpenStreetMap Overpass",
        "source_url": "https://overpass-api.de/api/interpreter",
        "retrieved_at": "2026-05-03T02:57:59.023Z",
        "provisional": true
      }
    },
    {
      "type": "Feature",
      "geometry": {
        "type": "Polygon",
        "coordinates": [
          [
            [
              -121.8858763,
              37.5948671
            ],
            [
              -121.8857962,
              37.5948277
            ],
            [
              -121.8856775,
              37.5949795
            ],
            [
              -121.8857576,
              37.5950188
            ],
            [
              -121.8858763,
              37.5948671
            ]
          ]
        ]
      },
      "properties": {
        "addr:housenumber": "100",
        "addr:street": "Bond Street",
        "building": "yes",
        "source_name": "OpenStreetMap Overpass",
        "source_url": "https://overpass-api.de/api/interpreter",
        "retrieved_at": "2026-05-03T02:57:59.023Z",
        "provisional": true
      }
    },
    {
      "type": "Feature",
      "geometry": {
        "type": "Polygon",
        "coordinates": [
          [
            [
              -121.8853379,
              37.5954008
            ],
            [
              -121.8852551,
              37.595345
            ],
            [
              -121.8850692,
              37.5955185
            ],
            [
              -121.8851521,
              37.5955742
            ],
            [
              -121.8853379,
              37.5954008
            ]
          ]
        ]
      },
      "properties": {
        "addr:housenumber": "130",
        "addr:street": "Bond Street",
        "building": "yes",
        "source_name": "OpenStreetMap Overpass",
        "source_url": "https://overpass-api.de/api/interpreter",
        "retrieved_at": "2026-05-03T02:57:59.023Z",
        "provisional": true
      }
    },
    {
      "type": "Feature",
      "geometry": {
        "type": "Polygon",
        "coordinates": [
          [
            [
              -121.8862127,
              37.5940159
            ],
            [
              -121.8861116,
              37.5939957
            ],
            [
              -121.8861444,
              37.5938925
            ],
            [
              -121.8862455,
              37.5939127
            ],
            [
              -121.8862127,
              37.5940159
            ]
          ]
        ]
      },
      "properties": {
        "building": "yes",
        "source_name": "OpenStreetMap Overpass",
        "source_url": "https://overpass-api.de/api/interpreter",
        "retrieved_at": "2026-05-03T02:57:59.023Z",
        "provisional": true
      }
    },
    {
      "type": "Feature",
      "geometry": {
        "type": "Polygon",
        "coordinates": [
          [
            [
              -121.8863586,
              37.5940485
            ],
            [
              -121.8862638,
              37.5940254
            ],
            [
              -121.8863043,
              37.5939209
            ],
            [
              -121.8863991,
              37.593944
            ],
            [
              -121.8863586,
              37.5940485
            ]
          ]
        ]
      },
      "properties": {
        "building": "yes",
        "source_name": "OpenStreetMap Overpass",
        "source_url": "https://overpass-api.de/api/interpreter",
        "retrieved_at": "2026-05-03T02:57:59.023Z",
        "provisional": true
      }
    },
    {
      "type": "Feature",
      "geometry": {
        "type": "Polygon",
        "coordinates": [
          [
            [
              -121.8865324,
              37.5939863
            ],
            [
              -121.8864418,
              37.5939668
            ],
            [
              -121.8863826,
              37.5941399
            ],
            [
              -121.8864732,
              37.5941594
            ],
            [
              -121.8865324,
              37.5939863
            ]
          ]
        ]
      },
      "properties": {
        "addr:housenumber": "11823",
        "addr:street": "Main Street",
        "building": "yes",
        "source_name": "OpenStreetMap Overpass",
        "source_url": "https://overpass-api.de/api/interpreter",
        "retrieved_at": "2026-05-03T02:57:59.023Z",
        "provisional": true
      }
    },
    {
      "type": "Feature",
      "geometry": {
        "type": "Polygon",
        "coordinates": [
          [
            [
              -121.886939,
              37.5940177
            ],
            [
              -121.8866895,
              37.5939666
            ],
            [
              -121.8866318,
              37.5941292
            ],
            [
              -121.8867955,
              37.5941526
            ],
            [
              -121.8869202,
              37.5940463
            ],
            [
              -121.886939,
              37.5940177
            ]
          ]
        ]
      },
      "properties": {
        "addr:housenumber": "11853",
        "addr:street": "Main Street",
        "building": "retail",
        "source_name": "OpenStreetMap Overpass",
        "source_url": "https://overpass-api.de/api/interpreter",
        "retrieved_at": "2026-05-03T02:57:59.023Z",
        "provisional": true
      }
    },
    {
      "type": "Feature",
      "geometry": {
        "type": "Polygon",
        "coordinates": [
          [
            [
              -121.8879354,
              37.5930995
            ],
            [
              -121.8879555,
              37.5930145
            ],
            [
              -121.8877906,
              37.5929858
            ],
            [
              -121.8877664,
              37.5930719
            ],
            [
              -121.8879354,
              37.5930995
            ]
          ]
        ]
      },
      "properties": {
        "building": "yes",
        "source_name": "OpenStreetMap Overpass",
        "source_url": "https://overpass-api.de/api/interpreter",
        "retrieved_at": "2026-05-03T02:57:59.023Z",
        "provisional": true
      }
    },
    {
      "type": "Feature",
      "geometry": {
        "type": "Polygon",
        "coordinates": [
          [
            [
              -121.8880318,
              37.5933895
            ],
            [
              -121.8880657,
              37.5932471
            ],
            [
              -121.8877908,
              37.593206
            ],
            [
              -121.8877568,
              37.5933484
            ],
            [
              -121.8880318,
              37.5933895
            ]
          ]
        ]
      },
      "properties": {
        "addr:housenumber": "11896",
        "addr:street": "Main Street",
        "building": "yes",
        "source_name": "OpenStreetMap Overpass",
        "source_url": "https://overpass-api.de/api/interpreter",
        "retrieved_at": "2026-05-03T02:57:59.023Z",
        "provisional": true
      }
    },
    {
      "type": "Feature",
      "geometry": {
        "type": "Polygon",
        "coordinates": [
          [
            [
              -121.8885665,
              37.5936888
            ],
            [
              -121.8884825,
              37.5935459
            ],
            [
              -121.888113,
              37.5936824
            ],
            [
              -121.888197,
              37.5938252
            ],
            [
              -121.8885665,
              37.5936888
            ]
          ]
        ]
      },
      "properties": {
        "addr:housenumber": "11930;11984;11988",
        "addr:street": "Main Street",
        "building": "yes",
        "source_name": "OpenStreetMap Overpass",
        "source_url": "https://overpass-api.de/api/interpreter",
        "retrieved_at": "2026-05-03T02:57:59.023Z",
        "provisional": true
      }
    },
    {
      "type": "Feature",
      "geometry": {
        "type": "Polygon",
        "coordinates": [
          [
            [
              -121.8898012,
              37.5267565
            ],
            [
              -121.8897617,
              37.5267891
            ],
            [
              -121.8897546,
              37.5268111
            ],
            [
              -121.8897224,
              37.5268187
            ],
            [
              -121.889703,
              37.5268027
            ],
            [
              -121.8897098,
              37.5267988
            ],
            [
              -121.8896475,
              37.5267659
            ],
            [
              -121.8896502,
              37.5267412
            ],
            [
              -121.8895934,
              37.5266994
            ],
            [
              -121.8894905,
              37.5267999
            ],
            [
              -121.8894293,
              37.5267605
            ],
            [
              -121.8894439,
              37.526744
            ],
            [
              -121.8892446,
              37.5266356
            ],
            [
              -121.8892986,
              37.5265729
            ],
            [
              -121.8894165,
              37.5266301
            ],
            [
              -121.8894443,
              37.5266274
            ],
            [
              -121.8895199,
              37.5265541
            ],
            [
              -121.8895937,
              37.5266011
            ],
            [
              -121.8896119,
              37.5265843
            ],
            [
              -121.8896671,
              37.5265926
            ],
            [
              -121.8896698,
              37.5266136
            ],
            [
              -121.8896983,
              37.5265932
            ],
            [
              -121.8897495,
              37.5266291
            ],
            [
              -121.8897581,
              37.5266245
            ],
            [
              -121.8898117,
              37.5266344
            ],
            [
              -121.8898265,
              37.5266751
            ],
            [
              -121.889817,
              37.5266849
            ],
            [
              -121.8898453,
              37.5267335
            ],
            [
              -121.8898291,
              37.5267347
            ],
            [
              -121.8898298,
              37.5267464
            ],
            [
              -121.8898156,
              37.5267608
            ],
            [
              -121.8898012,
              37.5267565
            ]
          ]
        ]
      },
      "properties": {
        "addr:housenumber": "6800;6802",
        "addr:street": "Mill Creek Road",
        "building": "yes",
        "source_name": "OpenStreetMap Overpass",
        "source_url": "https://overpass-api.de/api/interpreter",
        "retrieved_at": "2026-05-03T02:57:59.023Z",
        "provisional": true
      }
    },
    {
      "type": "Feature",
      "geometry": {
        "type": "Polygon",
        "coordinates": [
          [
            [
              -121.8772409,
              37.5234224
            ],
            [
              -121.8773185,
              37.5233592
            ],
            [
              -121.8772549,
              37.52331
            ],
            [
              -121.8772184,
              37.5233396
            ],
            [
              -121.8771893,
              37.5233171
            ],
            [
              -121.8771481,
              37.5233506
            ],
            [
              -121.8772409,
              37.5234224
            ]
          ]
        ]
      },
      "properties": {
        "building": "yes",
        "source_name": "OpenStreetMap Overpass",
        "source_url": "https://overpass-api.de/api/interpreter",
        "retrieved_at": "2026-05-03T02:57:59.023Z",
        "provisional": true
      }
    },
    {
      "type": "Feature",
      "geometry": {
        "type": "Polygon",
        "coordinates": [
          [
            [
              -121.8782001,
              37.5233033
            ],
            [
              -121.8780993,
              37.523291
            ],
            [
              -121.8780939,
              37.5233187
            ],
            [
              -121.877974,
              37.5233041
            ],
            [
              -121.8779571,
              37.5233312
            ],
            [
              -121.8779857,
              37.5233424
            ],
            [
              -121.8779479,
              37.5234031
            ],
            [
              -121.877998,
              37.5234227
            ],
            [
              -121.8780339,
              37.5233652
            ],
            [
              -121.8780615,
              37.523376
            ],
            [
              -121.8780569,
              37.5234003
            ],
            [
              -121.8781131,
              37.5234071
            ],
            [
              -121.878118,
              37.5233819
            ],
            [
              -121.8781833,
              37.5233898
            ],
            [
              -121.8782001,
              37.5233033
            ]
          ]
        ]
      },
      "properties": {
        "addr:housenumber": "8100",
        "addr:street": "Mill Creek Road",
        "building": "yes",
        "source_name": "OpenStreetMap Overpass",
        "source_url": "https://overpass-api.de/api/interpreter",
        "retrieved_at": "2026-05-03T02:57:59.023Z",
        "provisional": true
      }
    },
    {
      "type": "Feature",
      "geometry": {
        "type": "Polygon",
        "coordinates": [
          [
            [
              -121.8785335,
              37.5233448
            ],
            [
              -121.8784721,
              37.5233868
            ],
            [
              -121.8783652,
              37.5232886
            ],
            [
              -121.8784265,
              37.5232466
            ],
            [
              -121.8785335,
              37.5233448
            ]
          ]
        ]
      },
      "properties": {
        "building": "yes",
        "source_name": "OpenStreetMap Overpass",
        "source_url": "https://overpass-api.de/api/interpreter",
        "retrieved_at": "2026-05-03T02:57:59.023Z",
        "provisional": true
      }
    },
    {
      "type": "Feature",
      "geometry": {
        "type": "Polygon",
        "coordinates": [
          [
            [
              -121.8777763,
              37.5226093
            ],
            [
              -121.8776529,
              37.5225683
            ],
            [
              -121.8777023,
              37.5224748
            ],
            [
              -121.8778257,
              37.5225158
            ],
            [
              -121.8777763,
              37.5226093
            ]
          ]
        ]
      },
      "properties": {
        "building": "yes",
        "source_name": "OpenStreetMap Overpass",
        "source_url": "https://overpass-api.de/api/interpreter",
        "retrieved_at": "2026-05-03T02:57:59.023Z",
        "provisional": true
      }
    },
    {
      "type": "Feature",
      "geometry": {
        "type": "Polygon",
        "coordinates": [
          [
            [
              -121.8855533,
              37.5854727
            ],
            [
              -121.8855498,
              37.5854982
            ],
            [
              -121.8855319,
              37.5855195
            ],
            [
              -121.8855035,
              37.5855317
            ],
            [
              -121.8854711,
              37.5855321
            ],
            [
              -121.8854423,
              37.5855205
            ],
            [
              -121.8854235,
              37.5854997
            ],
            [
              -121.8854191,
              37.5854743
            ],
            [
              -121.8854301,
              37.5854502
            ],
            [
              -121.885454,
              37.5854329
            ],
            [
              -121.8854853,
              37.5854264
            ],
            [
              -121.8855168,
              37.5854322
            ],
            [
              -121.8855413,
              37.5854489
            ],
            [
              -121.8855533,
              37.5854727
            ]
          ]
        ]
      },
      "properties": {
        "building": "temple",
        "gnis:feature_id": "1732465",
        "historic": "monument",
        "name": "Sunol Water Temple",
        "opening_hours": "Mo-Fr 09:00-15:00",
        "wikidata": "Q7640959",
        "source_name": "OpenStreetMap Overpass",
        "source_url": "https://overpass-api.de/api/interpreter",
        "retrieved_at": "2026-05-03T02:57:59.023Z",
        "provisional": true
      }
    },
    {
      "type": "Feature",
      "geometry": {
        "type": "Polygon",
        "coordinates": [
          [
            [
              -121.8201585,
              37.4871369
            ],
            [
              -121.8202627,
              37.4871853
            ],
            [
              -121.8201812,
              37.487305
            ],
            [
              -121.8200804,
              37.4872614
            ],
            [
              -121.8201585,
              37.4871369
            ]
          ]
        ]
      },
      "properties": {
        "building": "yes",
        "source_name": "OpenStreetMap Overpass",
        "source_url": "https://overpass-api.de/api/interpreter",
        "retrieved_at": "2026-05-03T02:57:59.023Z",
        "provisional": true
      }
    },
    {
      "type": "Feature",
      "geometry": {
        "type": "Polygon",
        "coordinates": [
          [
            [
              -121.8207122,
              37.4875849
            ],
            [
              -121.8207977,
              37.4876181
            ],
            [
              -121.8207298,
              37.4877276
            ],
            [
              -121.8206463,
              37.4876877
            ],
            [
              -121.8207122,
              37.4875849
            ]
          ]
        ]
      },
      "properties": {
        "building": "yes",
        "source_name": "OpenStreetMap Overpass",
        "source_url": "https://overpass-api.de/api/interpreter",
        "retrieved_at": "2026-05-03T02:57:59.023Z",
        "provisional": true
      }
    },
    {
      "type": "Feature",
      "geometry": {
        "type": "Polygon",
        "coordinates": [
          [
            [
              -121.8204904,
              37.4876795
            ],
            [
              -121.8205468,
              37.4877016
            ],
            [
              -121.820522,
              37.4877428
            ],
            [
              -121.8204697,
              37.4877202
            ],
            [
              -121.8204904,
              37.4876795
            ]
          ]
        ]
      },
      "properties": {
        "building": "yes",
        "source_name": "OpenStreetMap Overpass",
        "source_url": "https://overpass-api.de/api/interpreter",
        "retrieved_at": "2026-05-03T02:57:59.023Z",
        "provisional": true
      }
    },
    {
      "type": "Feature",
      "geometry": {
        "type": "Polygon",
        "coordinates": [
          [
            [
              -121.821014,
              37.4875974
            ],
            [
              -121.8210213,
              37.4876864
            ],
            [
              -121.8212443,
              37.487676
            ],
            [
              -121.8212376,
              37.4875828
            ],
            [
              -121.821014,
              37.4875974
            ]
          ]
        ]
      },
      "properties": {
        "building": "yes",
        "source_name": "OpenStreetMap Overpass",
        "source_url": "https://overpass-api.de/api/interpreter",
        "retrieved_at": "2026-05-03T02:57:59.023Z",
        "provisional": true
      }
    },
    {
      "type": "Feature",
      "geometry": {
        "type": "Polygon",
        "coordinates": [
          [
            [
              -121.8230692,
              37.4938631
            ],
            [
              -121.8230579,
              37.4937755
            ],
            [
              -121.8232327,
              37.4937548
            ],
            [
              -121.8232447,
              37.4938475
            ],
            [
              -121.8230692,
              37.4938631
            ]
          ]
        ]
      },
      "properties": {
        "building": "yes",
        "source_name": "OpenStreetMap Overpass",
        "source_url": "https://overpass-api.de/api/interpreter",
        "retrieved_at": "2026-05-03T02:57:59.023Z",
        "provisional": true
      }
    },
    {
      "type": "Feature",
      "geometry": {
        "type": "Polygon",
        "coordinates": [
          [
            [
              -121.8719728,
              37.4997975
            ],
            [
              -121.8719456,
              37.4997953
            ],
            [
              -121.8719383,
              37.49985
            ],
            [
              -121.8719655,
              37.4998523
            ],
            [
              -121.8719728,
              37.4997975
            ]
          ]
        ]
      },
      "properties": {
        "building": "yes",
        "source_name": "OpenStreetMap Overpass",
        "source_url": "https://overpass-api.de/api/interpreter",
        "retrieved_at": "2026-05-03T02:57:59.023Z",
        "provisional": true
      }
    },
    {
      "type": "Feature",
      "geometry": {
        "type": "Polygon",
        "coordinates": [
          [
            [
              -121.871161,
              37.4986421
            ],
            [
              -121.871131,
              37.4986396
            ],
            [
              -121.8711381,
              37.498584
            ],
            [
              -121.8711681,
              37.4985864
            ],
            [
              -121.871161,
              37.4986421
            ]
          ]
        ]
      },
      "properties": {
        "building": "service",
        "source_name": "OpenStreetMap Overpass",
        "source_url": "https://overpass-api.de/api/interpreter",
        "retrieved_at": "2026-05-03T02:57:59.023Z",
        "provisional": true
      }
    },
    {
      "type": "Feature",
      "geometry": {
        "type": "Polygon",
        "coordinates": [
          [
            [
              -121.8971587,
              37.5661542
            ],
            [
              -121.8971436,
              37.5662059
            ],
            [
              -121.8973461,
              37.5662432
            ],
            [
              -121.8973621,
              37.5661886
            ],
            [
              -121.8973959,
              37.5661948
            ],
            [
              -121.897445,
              37.5660272
            ],
            [
              -121.8974703,
              37.5660319
            ],
            [
              -121.8974859,
              37.5659787
            ],
            [
              -121.8974442,
              37.565971
            ],
            [
              -121.8974506,
              37.5659494
            ],
            [
              -121.8974113,
              37.5659421
            ],
            [
              -121.8974172,
              37.5659221
            ],
            [
              -121.8973235,
              37.5659049
            ],
            [
              -121.8973247,
              37.5659009
            ],
            [
              -121.8972203,
              37.5658817
            ],
            [
              -121.8972117,
              37.565911
            ],
            [
              -121.8971852,
              37.5659061
            ],
            [
              -121.8971649,
              37.5659753
            ],
            [
              -121.897117,
              37.5659665
            ],
            [
              -121.8970669,
              37.5661373
            ],
            [
              -121.8971587,
              37.5661542
            ]
          ]
        ]
      },
      "properties": {
        "building": "yes",
        "source_name": "OpenStreetMap Overpass",
        "source_url": "https://overpass-api.de/api/interpreter",
        "retrieved_at": "2026-05-03T02:57:59.023Z",
        "provisional": true
      }
    },
    {
      "type": "Feature",
      "geometry": {
        "type": "Polygon",
        "coordinates": [
          [
            [
              -121.7527085,
              37.5593673
            ],
            [
              -121.7526622,
              37.5593872
            ],
            [
              -121.752731,
              37.5594876
            ],
            [
              -121.7527528,
              37.5594782
            ],
            [
              -121.7527773,
              37.5594677
            ],
            [
              -121.7527085,
              37.5593673
            ]
          ]
        ]
      },
      "properties": {
        "building": "yes",
        "source_name": "OpenStreetMap Overpass",
        "source_url": "https://overpass-api.de/api/interpreter",
        "retrieved_at": "2026-05-03T02:57:59.023Z",
        "provisional": true
      }
    },
    {
      "type": "Feature",
      "geometry": {
        "type": "Polygon",
        "coordinates": [
          [
            [
              -121.8195497,
              37.5270047
            ],
            [
              -121.8195497,
              37.5269998
            ],
            [
              -121.8195478,
              37.5269951
            ],
            [
              -121.819544,
              37.5269911
            ],
            [
              -121.8195389,
              37.5269884
            ],
            [
              -121.8195327,
              37.526987
            ],
            [
              -121.8195263,
              37.5269873
            ],
            [
              -121.8195204,
              37.5269893
            ],
            [
              -121.8195157,
              37.5269927
            ],
            [
              -121.8195126,
              37.5269972
            ],
            [
              -121.8195116,
              37.5270022
            ],
            [
              -121.8195126,
              37.5270072
            ],
            [
              -121.8195157,
              37.5270116
            ],
            [
              -121.8195205,
              37.527015
            ],
            [
              -121.8195264,
              37.527017
            ],
            [
              -121.8195326,
              37.5270173
            ],
            [
              -121.8195386,
              37.527016
            ],
            [
              -121.8195438,
              37.5270133
            ],
            [
              -121.8195476,
              37.5270094
            ],
            [
              -121.8195497,
              37.5270047
            ]
          ]
        ]
      },
      "properties": {
        "building": "yes",
        "content": "water",
        "man_made": "storage_tank",
        "source_name": "OpenStreetMap Overpass",
        "source_url": "https://overpass-api.de/api/interpreter",
        "retrieved_at": "2026-05-03T02:57:59.023Z",
        "provisional": true
      }
    },
    {
      "type": "Feature",
      "geometry": {
        "type": "Polygon",
        "coordinates": [
          [
            [
              -121.7527404,
              37.5428852
            ],
            [
              -121.7526548,
              37.5428812
            ],
            [
              -121.7526497,
              37.5429513
            ],
            [
              -121.7527352,
              37.5429552
            ],
            [
              -121.7527404,
              37.5428852
            ]
          ]
        ]
      },
      "properties": {
        "building": "yes",
        "source_name": "OpenStreetMap Overpass",
        "source_url": "https://overpass-api.de/api/interpreter",
        "retrieved_at": "2026-05-03T02:57:59.023Z",
        "provisional": true
      }
    },
    {
      "type": "Feature",
      "geometry": {
        "type": "Polygon",
        "coordinates": [
          [
            [
              -121.7526241,
              37.5428995
            ],
            [
              -121.7526029,
              37.5428996
            ],
            [
              -121.7526032,
              37.5429449
            ],
            [
              -121.7526244,
              37.5429448
            ],
            [
              -121.7526241,
              37.5428995
            ]
          ]
        ]
      },
      "properties": {
        "building": "yes",
        "source_name": "OpenStreetMap Overpass",
        "source_url": "https://overpass-api.de/api/interpreter",
        "retrieved_at": "2026-05-03T02:57:59.023Z",
        "provisional": true
      }
    },
    {
      "type": "Feature",
      "geometry": {
        "type": "Polygon",
        "coordinates": [
          [
            [
              -121.7526014,
              37.5427892
            ],
            [
              -121.7525301,
              37.5427844
            ],
            [
              -121.7525274,
              37.5428089
            ],
            [
              -121.7524758,
              37.5428053
            ],
            [
              -121.7524711,
              37.5428482
            ],
            [
              -121.7525941,
              37.5428566
            ],
            [
              -121.7526014,
              37.5427892
            ]
          ]
        ]
      },
      "properties": {
        "building": "yes",
        "source_name": "OpenStreetMap Overpass",
        "source_url": "https://overpass-api.de/api/interpreter",
        "retrieved_at": "2026-05-03T02:57:59.023Z",
        "provisional": true
      }
    },
    {
      "type": "Feature",
      "geometry": {
        "type": "Polygon",
        "coordinates": [
          [
            [
              -121.752362,
              37.5428906
            ],
            [
              -121.7523617,
              37.5428608
            ],
            [
              -121.7522619,
              37.5428613
            ],
            [
              -121.7522622,
              37.5428912
            ],
            [
              -121.752362,
              37.5428906
            ]
          ]
        ]
      },
      "properties": {
        "building": "yes",
        "source_name": "OpenStreetMap Overpass",
        "source_url": "https://overpass-api.de/api/interpreter",
        "retrieved_at": "2026-05-03T02:57:59.023Z",
        "provisional": true
      }
    },
    {
      "type": "Feature",
      "geometry": {
        "type": "Polygon",
        "coordinates": [
          [
            [
              -121.7527214,
              37.5426992
            ],
            [
              -121.7526178,
              37.5426799
            ],
            [
              -121.7526089,
              37.5427101
            ],
            [
              -121.7527124,
              37.5427294
            ],
            [
              -121.7527214,
              37.5426992
            ]
          ]
        ]
      },
      "properties": {
        "building": "yes",
        "source_name": "OpenStreetMap Overpass",
        "source_url": "https://overpass-api.de/api/interpreter",
        "retrieved_at": "2026-05-03T02:57:59.023Z",
        "provisional": true
      }
    },
    {
      "type": "Feature",
      "geometry": {
        "type": "Polygon",
        "coordinates": [
          [
            [
              -121.7773497,
              37.5422375
            ],
            [
              -121.7772823,
              37.5422202
            ],
            [
              -121.7773236,
              37.5421189
            ],
            [
              -121.777391,
              37.5421362
            ],
            [
              -121.7773497,
              37.5422375
            ]
          ]
        ]
      },
      "properties": {
        "building": "yes",
        "source_name": "OpenStreetMap Overpass",
        "source_url": "https://overpass-api.de/api/interpreter",
        "retrieved_at": "2026-05-03T02:57:59.023Z",
        "provisional": true
      }
    },
    {
      "type": "Feature",
      "geometry": {
        "type": "Polygon",
        "coordinates": [
          [
            [
              -121.7781573,
              37.5421007
            ],
            [
              -121.7779886,
              37.5421148
            ],
            [
              -121.7780069,
              37.5422517
            ],
            [
              -121.7781755,
              37.5422376
            ],
            [
              -121.7781573,
              37.5421007
            ]
          ]
        ]
      },
      "properties": {
        "building": "yes",
        "source_name": "OpenStreetMap Overpass",
        "source_url": "https://overpass-api.de/api/interpreter",
        "retrieved_at": "2026-05-03T02:57:59.023Z",
        "provisional": true
      }
    },
    {
      "type": "Feature",
      "geometry": {
        "type": "Polygon",
        "coordinates": [
          [
            [
              -121.7824535,
              37.5644702
            ],
            [
              -121.7822553,
              37.5644743
            ],
            [
              -121.7822516,
              37.5643633
            ],
            [
              -121.7824498,
              37.5643592
            ],
            [
              -121.7824535,
              37.5644702
            ]
          ]
        ]
      },
      "properties": {
        "building": "yes",
        "source_name": "OpenStreetMap Overpass",
        "source_url": "https://overpass-api.de/api/interpreter",
        "retrieved_at": "2026-05-03T02:57:59.023Z",
        "provisional": true
      }
    },
    {
      "type": "Feature",
      "geometry": {
        "type": "Polygon",
        "coordinates": [
          [
            [
              -121.7826567,
              37.5644292
            ],
            [
              -121.7826128,
              37.5644305
            ],
            [
              -121.7826139,
              37.5644557
            ],
            [
              -121.7826579,
              37.5644544
            ],
            [
              -121.7826567,
              37.5644292
            ]
          ]
        ]
      },
      "properties": {
        "building": "yes",
        "source_name": "OpenStreetMap Overpass",
        "source_url": "https://overpass-api.de/api/interpreter",
        "retrieved_at": "2026-05-03T02:57:59.023Z",
        "provisional": true
      }
    },
    {
      "type": "Feature",
      "geometry": {
        "type": "Polygon",
        "coordinates": [
          [
            [
              -121.7825796,
              37.5645706
            ],
            [
              -121.7824895,
              37.5645734
            ],
            [
              -121.7824957,
              37.5646972
            ],
            [
              -121.7825858,
              37.5646944
            ],
            [
              -121.7825796,
              37.5645706
            ]
          ]
        ]
      },
      "properties": {
        "building": "yes",
        "source_name": "OpenStreetMap Overpass",
        "source_url": "https://overpass-api.de/api/interpreter",
        "retrieved_at": "2026-05-03T02:57:59.023Z",
        "provisional": true
      }
    },
    {
      "type": "Feature",
      "geometry": {
        "type": "Polygon",
        "coordinates": [
          [
            [
              -121.7825665,
              37.5647996
            ],
            [
              -121.7824995,
              37.5648012
            ],
            [
              -121.7825036,
              37.5649103
            ],
            [
              -121.7825707,
              37.5649087
            ],
            [
              -121.7825665,
              37.5647996
            ]
          ]
        ]
      },
      "properties": {
        "building": "yes",
        "source_name": "OpenStreetMap Overpass",
        "source_url": "https://overpass-api.de/api/interpreter",
        "retrieved_at": "2026-05-03T02:57:59.023Z",
        "provisional": true
      }
    },
    {
      "type": "Feature",
      "geometry": {
        "type": "Polygon",
        "coordinates": [
          [
            [
              -121.8302215,
              37.5585592
            ],
            [
              -121.8301805,
              37.5586173
            ],
            [
              -121.8304434,
              37.5587338
            ],
            [
              -121.8304843,
              37.5586758
            ],
            [
              -121.8302215,
              37.5585592
            ]
          ]
        ]
      },
      "properties": {
        "building": "farm_auxiliary",
        "source_name": "OpenStreetMap Overpass",
        "source_url": "https://overpass-api.de/api/interpreter",
        "retrieved_at": "2026-05-03T02:57:59.023Z",
        "provisional": true
      }
    },
    {
      "type": "Feature",
      "geometry": {
        "type": "Polygon",
        "coordinates": [
          [
            [
              -121.782262,
              37.5639093
            ],
            [
              -121.7821806,
              37.5637895
            ],
            [
              -121.781999,
              37.563867
            ],
            [
              -121.7820804,
              37.5639869
            ],
            [
              -121.782262,
              37.5639093
            ]
          ]
        ]
      },
      "properties": {
        "building": "yes",
        "source_name": "OpenStreetMap Overpass",
        "source_url": "https://overpass-api.de/api/interpreter",
        "retrieved_at": "2026-05-03T02:57:59.023Z",
        "provisional": true
      }
    },
    {
      "type": "Feature",
      "geometry": {
        "type": "Polygon",
        "coordinates": [
          [
            [
              -121.7865116,
              37.5836613
            ],
            [
              -121.7865142,
              37.5836559
            ],
            [
              -121.7865144,
              37.5836501
            ],
            [
              -121.7865124,
              37.5836446
            ],
            [
              -121.7865082,
              37.5836399
            ],
            [
              -121.7865024,
              37.5836364
            ],
            [
              -121.786495,
              37.5836345
            ],
            [
              -121.7864872,
              37.5836347
            ],
            [
              -121.78648,
              37.5836369
            ],
            [
              -121.7864741,
              37.5836409
            ],
            [
              -121.7864703,
              37.5836463
            ],
            [
              -121.7864689,
              37.5836524
            ],
            [
              -121.7864702,
              37.5836584
            ],
            [
              -121.786474,
              37.5836638
            ],
            [
              -121.7864799,
              37.5836679
            ],
            [
              -121.7864866,
              37.58367
            ],
            [
              -121.7864939,
              37.5836704
            ],
            [
              -121.7865009,
              37.583669
            ],
            [
              -121.7865071,
              37.5836658
            ],
            [
              -121.7865116,
              37.5836613
            ]
          ]
        ]
      },
      "properties": {
        "building": "yes",
        "content": "water",
        "man_made": "storage_tank",
        "source_name": "OpenStreetMap Overpass",
        "source_url": "https://overpass-api.de/api/interpreter",
        "retrieved_at": "2026-05-03T02:57:59.023Z",
        "provisional": true
      }
    },
    {
      "type": "Feature",
      "geometry": {
        "type": "Polygon",
        "coordinates": [
          [
            [
              -121.7796857,
              37.580227
            ],
            [
              -121.7796911,
              37.5802232
            ],
            [
              -121.7796946,
              37.5802182
            ],
            [
              -121.779696,
              37.5802126
            ],
            [
              -121.779695,
              37.580207
            ],
            [
              -121.7796918,
              37.5802019
            ],
            [
              -121.7796867,
              37.5801979
            ],
            [
              -121.7796802,
              37.5801954
            ],
            [
              -121.7796728,
              37.5801946
            ],
            [
              -121.7796656,
              37.5801959
            ],
            [
              -121.7796593,
              37.580199
            ],
            [
              -121.7796546,
              37.5802035
            ],
            [
              -121.7796521,
              37.580209
            ],
            [
              -121.779652,
              37.5802149
            ],
            [
              -121.7796544,
              37.5802205
            ],
            [
              -121.7796589,
              37.5802251
            ],
            [
              -121.7796649,
              37.5802282
            ],
            [
              -121.7796719,
              37.5802297
            ],
            [
              -121.7796791,
              37.5802292
            ],
            [
              -121.7796857,
              37.580227
            ]
          ]
        ]
      },
      "properties": {
        "building": "yes",
        "content": "water",
        "man_made": "storage_tank",
        "source_name": "OpenStreetMap Overpass",
        "source_url": "https://overpass-api.de/api/interpreter",
        "retrieved_at": "2026-05-03T02:57:59.023Z",
        "provisional": true
      }
    },
    {
      "type": "Feature",
      "geometry": {
        "type": "Polygon",
        "coordinates": [
          [
            [
              -121.7809169,
              37.5820485
            ],
            [
              -121.7808565,
              37.5821184
            ],
            [
              -121.7809965,
              37.5821944
            ],
            [
              -121.7810569,
              37.5821245
            ],
            [
              -121.7809169,
              37.5820485
            ]
          ]
        ]
      },
      "properties": {
        "building": "yes",
        "source_name": "OpenStreetMap Overpass",
        "source_url": "https://overpass-api.de/api/interpreter",
        "retrieved_at": "2026-05-03T02:57:59.023Z",
        "provisional": true
      }
    },
    {
      "type": "Feature",
      "geometry": {
        "type": "Polygon",
        "coordinates": [
          [
            [
              -121.7763095,
              37.5804967
            ],
            [
              -121.7762836,
              37.5804028
            ],
            [
              -121.7762192,
              37.5804139
            ],
            [
              -121.7762452,
              37.5805078
            ],
            [
              -121.7763095,
              37.5804967
            ]
          ]
        ]
      },
      "properties": {
        "building": "yes",
        "source_name": "OpenStreetMap Overpass",
        "source_url": "https://overpass-api.de/api/interpreter",
        "retrieved_at": "2026-05-03T02:57:59.023Z",
        "provisional": true
      }
    },
    {
      "type": "Feature",
      "geometry": {
        "type": "Polygon",
        "coordinates": [
          [
            [
              -121.7834417,
              37.5767429
            ],
            [
              -121.7834478,
              37.5767409
            ],
            [
              -121.7834528,
              37.5767374
            ],
            [
              -121.7834561,
              37.5767328
            ],
            [
              -121.7834573,
              37.5767277
            ],
            [
              -121.7834563,
              37.5767225
            ],
            [
              -121.7834533,
              37.5767178
            ],
            [
              -121.7834485,
              37.5767142
            ],
            [
              -121.7834425,
              37.5767121
            ],
            [
              -121.783436,
              37.5767115
            ],
            [
              -121.7834296,
              37.5767127
            ],
            [
              -121.783424,
              37.5767154
            ],
            [
              -121.7834198,
              37.5767194
            ],
            [
              -121.7834175,
              37.5767243
            ],
            [
              -121.7834173,
              37.5767295
            ],
            [
              -121.7834193,
              37.5767346
            ],
            [
              -121.7834232,
              37.5767388
            ],
            [
              -121.7834287,
              37.5767418
            ],
            [
              -121.7834351,
              37.5767432
            ],
            [
              -121.7834417,
              37.5767429
            ]
          ]
        ]
      },
      "properties": {
        "building": "yes",
        "content": "water",
        "man_made": "storage_tank",
        "source_name": "OpenStreetMap Overpass",
        "source_url": "https://overpass-api.de/api/interpreter",
        "retrieved_at": "2026-05-03T02:57:59.023Z",
        "provisional": true
      }
    },
    {
      "type": "Feature",
      "geometry": {
        "type": "Polygon",
        "coordinates": [
          [
            [
              -121.7797985,
              37.5762635
            ],
            [
              -121.7798034,
              37.5762597
            ],
            [
              -121.7798065,
              37.5762548
            ],
            [
              -121.7798074,
              37.5762494
            ],
            [
              -121.7798061,
              37.5762441
            ],
            [
              -121.7798028,
              37.5762393
            ],
            [
              -121.7797976,
              37.5762357
            ],
            [
              -121.7797911,
              37.5762335
            ],
            [
              -121.7797841,
              37.5762332
            ],
            [
              -121.7797773,
              37.5762347
            ],
            [
              -121.7797715,
              37.5762378
            ],
            [
              -121.7797673,
              37.5762424
            ],
            [
              -121.7797653,
              37.5762477
            ],
            [
              -121.7797656,
              37.5762533
            ],
            [
              -121.7797682,
              37.5762585
            ],
            [
              -121.7797728,
              37.5762627
            ],
            [
              -121.7797788,
              37.5762655
            ],
            [
              -121.7797855,
              37.5762666
            ],
            [
              -121.7797923,
              37.5762659
            ],
            [
              -121.7797985,
              37.5762635
            ]
          ]
        ]
      },
      "properties": {
        "building": "yes",
        "content": "water",
        "man_made": "storage_tank",
        "source_name": "OpenStreetMap Overpass",
        "source_url": "https://overpass-api.de/api/interpreter",
        "retrieved_at": "2026-05-03T02:57:59.023Z",
        "provisional": true
      }
    },
    {
      "type": "Feature",
      "geometry": {
        "type": "Polygon",
        "coordinates": [
          [
            [
              -121.8140523,
              37.5762828
            ],
            [
              -121.814059,
              37.5762805
            ],
            [
              -121.8140642,
              37.5762765
            ],
            [
              -121.8140675,
              37.5762713
            ],
            [
              -121.8140683,
              37.5762656
            ],
            [
              -121.8140666,
              37.57626
            ],
            [
              -121.8140626,
              37.5762552
            ],
            [
              -121.8140575,
              37.576252
            ],
            [
              -121.8140513,
              37.5762502
            ],
            [
              -121.8140448,
              37.57625
            ],
            [
              -121.8140385,
              37.5762514
            ],
            [
              -121.8140331,
              37.5762543
            ],
            [
              -121.814029,
              37.5762583
            ],
            [
              -121.8140267,
              37.5762632
            ],
            [
              -121.8140264,
              37.5762684
            ],
            [
              -121.8140281,
              37.5762734
            ],
            [
              -121.8140321,
              37.5762782
            ],
            [
              -121.814038,
              37.5762816
            ],
            [
              -121.814045,
              37.5762832
            ],
            [
              -121.8140523,
              37.5762828
            ]
          ]
        ]
      },
      "properties": {
        "building": "yes",
        "content": "water",
        "man_made": "storage_tank",
        "source_name": "OpenStreetMap Overpass",
        "source_url": "https://overpass-api.de/api/interpreter",
        "retrieved_at": "2026-05-03T02:57:59.023Z",
        "provisional": true
      }
    },
    {
      "type": "Feature",
      "geometry": {
        "type": "Polygon",
        "coordinates": [
          [
            [
              -121.8116967,
              37.5818457
            ],
            [
              -121.8116544,
              37.5819693
            ],
            [
              -121.8113834,
              37.581911
            ],
            [
              -121.8114257,
              37.5817874
            ],
            [
              -121.8116967,
              37.5818457
            ]
          ]
        ]
      },
      "properties": {
        "building": "yes",
        "source_name": "OpenStreetMap Overpass",
        "source_url": "https://overpass-api.de/api/interpreter",
        "retrieved_at": "2026-05-03T02:57:59.023Z",
        "provisional": true
      }
    },
    {
      "type": "Feature",
      "geometry": {
        "type": "Polygon",
        "coordinates": [
          [
            [
              -121.8934902,
              37.5700756
            ],
            [
              -121.8933176,
              37.5701603
            ],
            [
              -121.8934185,
              37.5702894
            ],
            [
              -121.8933874,
              37.5703047
            ],
            [
              -121.8934415,
              37.5703738
            ],
            [
              -121.8934841,
              37.5703529
            ],
            [
              -121.8936582,
              37.5705757
            ],
            [
              -121.8938191,
              37.5704968
            ],
            [
              -121.8934902,
              37.5700756
            ]
          ]
        ]
      },
      "properties": {
        "building": "yes",
        "source": "microsoft/BuildingFootprints",
        "source_name": "OpenStreetMap Overpass",
        "source_url": "https://overpass-api.de/api/interpreter",
        "retrieved_at": "2026-05-03T02:57:59.023Z",
        "provisional": true
      }
    },
    {
      "type": "Feature",
      "geometry": {
        "type": "Polygon",
        "coordinates": [
          [
            [
              -121.8936993,
              37.5702349
            ],
            [
              -121.8938196,
              37.570363
            ],
            [
              -121.8939484,
              37.570287
            ],
            [
              -121.8938281,
              37.5701589
            ],
            [
              -121.8936993,
              37.5702349
            ]
          ]
        ]
      },
      "properties": {
        "building": "yes",
        "source": "microsoft/BuildingFootprints",
        "source_name": "OpenStreetMap Overpass",
        "source_url": "https://overpass-api.de/api/interpreter",
        "retrieved_at": "2026-05-03T02:57:59.023Z",
        "provisional": true
      }
    },
    {
      "type": "Feature",
      "geometry": {
        "type": "Polygon",
        "coordinates": [
          [
            [
              -121.8936651,
              37.5699614
            ],
            [
              -121.8937534,
              37.5700651
            ],
            [
              -121.8939045,
              37.5699843
            ],
            [
              -121.8938162,
              37.5698806
            ],
            [
              -121.8936651,
              37.5699614
            ]
          ]
        ]
      },
      "properties": {
        "building": "yes",
        "source": "microsoft/BuildingFootprints",
        "source_name": "OpenStreetMap Overpass",
        "source_url": "https://overpass-api.de/api/interpreter",
        "retrieved_at": "2026-05-03T02:57:59.023Z",
        "provisional": true
      }
    },
    {
      "type": "Feature",
      "geometry": {
        "type": "Polygon",
        "coordinates": [
          [
            [
              -121.892581,
              37.5707915
            ],
            [
              -121.8925102,
              37.570657
            ],
            [
              -121.8923787,
              37.5707004
            ],
            [
              -121.8924495,
              37.570835
            ],
            [
              -121.892581,
              37.5707915
            ]
          ]
        ]
      },
      "properties": {
        "building": "yes",
        "source": "microsoft/BuildingFootprints",
        "source_name": "OpenStreetMap Overpass",
        "source_url": "https://overpass-api.de/api/interpreter",
        "retrieved_at": "2026-05-03T02:57:59.023Z",
        "provisional": true
      }
    },
    {
      "type": "Feature",
      "geometry": {
        "type": "Polygon",
        "coordinates": [
          [
            [
              -121.8923494,
              37.570625
            ],
            [
              -121.8923761,
              37.5706855
            ],
            [
              -121.8925756,
              37.5706302
            ],
            [
              -121.8925489,
              37.5705697
            ],
            [
              -121.8923494,
              37.570625
            ]
          ]
        ]
      },
      "properties": {
        "building": "yes",
        "source": "microsoft/BuildingFootprints",
        "source_name": "OpenStreetMap Overpass",
        "source_url": "https://overpass-api.de/api/interpreter",
        "retrieved_at": "2026-05-03T02:57:59.023Z",
        "provisional": true
      }
    },
    {
      "type": "Feature",
      "geometry": {
        "type": "Polygon",
        "coordinates": [
          [
            [
              -121.8849173,
              37.5667024
            ],
            [
              -121.8850054,
              37.566969
            ],
            [
              -121.8851246,
              37.5669442
            ],
            [
              -121.8850365,
              37.5666776
            ],
            [
              -121.8849173,
              37.5667024
            ]
          ]
        ]
      },
      "properties": {
        "building": "yes",
        "source": "microsoft/BuildingFootprints",
        "source_name": "OpenStreetMap Overpass",
        "source_url": "https://overpass-api.de/api/interpreter",
        "retrieved_at": "2026-05-03T02:57:59.023Z",
        "provisional": true
      }
    },
    {
      "type": "Feature",
      "geometry": {
        "type": "Polygon",
        "coordinates": [
          [
            [
              -121.8851778,
              37.5671489
            ],
            [
              -121.8850876,
              37.5671679
            ],
            [
              -121.8851453,
              37.5673407
            ],
            [
              -121.8852356,
              37.5673217
            ],
            [
              -121.8851778,
              37.5671489
            ]
          ]
        ]
      },
      "properties": {
        "building": "yes",
        "source": "microsoft/BuildingFootprints",
        "source_name": "OpenStreetMap Overpass",
        "source_url": "https://overpass-api.de/api/interpreter",
        "retrieved_at": "2026-05-03T02:57:59.023Z",
        "provisional": true
      }
    },
    {
      "type": "Feature",
      "geometry": {
        "type": "Polygon",
        "coordinates": [
          [
            [
              -121.8853587,
              37.5673145
            ],
            [
              -121.8853284,
              37.567259
            ],
            [
              -121.8852797,
              37.5672757
            ],
            [
              -121.88531,
              37.5673312
            ],
            [
              -121.8853587,
              37.5673145
            ]
          ]
        ]
      },
      "properties": {
        "building": "yes",
        "source": "microsoft/BuildingFootprints",
        "source_name": "OpenStreetMap Overpass",
        "source_url": "https://overpass-api.de/api/interpreter",
        "retrieved_at": "2026-05-03T02:57:59.023Z",
        "provisional": true
      }
    },
    {
      "type": "Feature",
      "geometry": {
        "type": "Polygon",
        "coordinates": [
          [
            [
              -121.8850227,
              37.5673289
            ],
            [
              -121.8848143,
              37.5673678
            ],
            [
              -121.8848594,
              37.5675197
            ],
            [
              -121.8850678,
              37.5674809
            ],
            [
              -121.8850227,
              37.5673289
            ]
          ]
        ]
      },
      "properties": {
        "building": "yes",
        "source": "microsoft/BuildingFootprints",
        "source_name": "OpenStreetMap Overpass",
        "source_url": "https://overpass-api.de/api/interpreter",
        "retrieved_at": "2026-05-03T02:57:59.023Z",
        "provisional": true
      }
    },
    {
      "type": "Feature",
      "geometry": {
        "type": "Polygon",
        "coordinates": [
          [
            [
              -121.8847702,
              37.5672547
            ],
            [
              -121.8848353,
              37.567241
            ],
            [
              -121.8848492,
              37.5672828
            ],
            [
              -121.884984,
              37.5672544
            ],
            [
              -121.8849067,
              37.5670233
            ],
            [
              -121.884829,
              37.5670396
            ],
            [
              -121.884815,
              37.5669978
            ],
            [
              -121.8848348,
              37.566977
            ],
            [
              -121.8847703,
              37.5669384
            ],
            [
              -121.8846585,
              37.5670557
            ],
            [
              -121.8847149,
              37.5670895
            ],
            [
              -121.8847702,
              37.5672547
            ]
          ]
        ]
      },
      "properties": {
        "building": "yes",
        "source": "microsoft/BuildingFootprints",
        "source_name": "OpenStreetMap Overpass",
        "source_url": "https://overpass-api.de/api/interpreter",
        "retrieved_at": "2026-05-03T02:57:59.023Z",
        "provisional": true
      }
    },
    {
      "type": "Feature",
      "geometry": {
        "type": "Polygon",
        "coordinates": [
          [
            [
              -121.8851538,
              37.5678027
            ],
            [
              -121.8852081,
              37.5679244
            ],
            [
              -121.8851496,
              37.5679408
            ],
            [
              -121.885147,
              37.5679352
            ],
            [
              -121.8850183,
              37.5679712
            ],
            [
              -121.8850588,
              37.5680619
            ],
            [
              -121.885116,
              37.5680459
            ],
            [
              -121.8851084,
              37.5680289
            ],
            [
              -121.885261,
              37.5679861
            ],
            [
              -121.8852758,
              37.5680193
            ],
            [
              -121.8853592,
              37.5679959
            ],
            [
              -121.8853309,
              37.5679325
            ],
            [
              -121.8852594,
              37.5679526
            ],
            [
              -121.8852316,
              37.5678902
            ],
            [
              -121.8852984,
              37.5678715
            ],
            [
              -121.885255,
              37.5677743
            ],
            [
              -121.8851538,
              37.5678027
            ]
          ]
        ]
      },
      "properties": {
        "building": "yes",
        "source": "microsoft/BuildingFootprints",
        "source_name": "OpenStreetMap Overpass",
        "source_url": "https://overpass-api.de/api/interpreter",
        "retrieved_at": "2026-05-03T02:57:59.023Z",
        "provisional": true
      }
    },
    {
      "type": "Feature",
      "geometry": {
        "type": "Polygon",
        "coordinates": [
          [
            [
              -121.8855549,
              37.5677563
            ],
            [
              -121.8855836,
              37.567808
            ],
            [
              -121.8856825,
              37.5677735
            ],
            [
              -121.8856538,
              37.5677218
            ],
            [
              -121.8855549,
              37.5677563
            ]
          ]
        ]
      },
      "properties": {
        "building": "yes",
        "source": "microsoft/BuildingFootprints",
        "source_name": "OpenStreetMap Overpass",
        "source_url": "https://overpass-api.de/api/interpreter",
        "retrieved_at": "2026-05-03T02:57:59.023Z",
        "provisional": true
      }
    },
    {
      "type": "Feature",
      "geometry": {
        "type": "Polygon",
        "coordinates": [
          [
            [
              -121.8833702,
              37.5687941
            ],
            [
              -121.8833225,
              37.5687011
            ],
            [
              -121.8831752,
              37.5687486
            ],
            [
              -121.8832089,
              37.5688143
            ],
            [
              -121.8832872,
              37.568789
            ],
            [
              -121.8833012,
              37.5688164
            ],
            [
              -121.8833702,
              37.5687941
            ]
          ]
        ]
      },
      "properties": {
        "building": "yes",
        "source": "microsoft/BuildingFootprints",
        "source_name": "OpenStreetMap Overpass",
        "source_url": "https://overpass-api.de/api/interpreter",
        "retrieved_at": "2026-05-03T02:57:59.023Z",
        "provisional": true
      }
    },
    {
      "type": "Feature",
      "geometry": {
        "type": "Polygon",
        "coordinates": [
          [
            [
              -121.8829277,
              37.5688301
            ],
            [
              -121.8829571,
              37.5688923
            ],
            [
              -121.8831251,
              37.5688425
            ],
            [
              -121.8830957,
              37.5687802
            ],
            [
              -121.8829277,
              37.5688301
            ]
          ]
        ]
      },
      "properties": {
        "building": "yes",
        "source": "microsoft/BuildingFootprints",
        "source_name": "OpenStreetMap Overpass",
        "source_url": "https://overpass-api.de/api/interpreter",
        "retrieved_at": "2026-05-03T02:57:59.023Z",
        "provisional": true
      }
    },
    {
      "type": "Feature",
      "geometry": {
        "type": "Polygon",
        "coordinates": [
          [
            [
              -121.8841279,
              37.5701984
            ],
            [
              -121.8839602,
              37.5698054
            ],
            [
              -121.8839289,
              37.5698138
            ],
            [
              -121.883873,
              37.569683
            ],
            [
              -121.8838802,
              37.569681
            ],
            [
              -121.8838343,
              37.5695734
            ],
            [
              -121.8838063,
              37.5695809
            ],
            [
              -121.8837909,
              37.5695447
            ],
            [
              -121.8836479,
              37.569583
            ],
            [
              -121.8837036,
              37.5697135
            ],
            [
              -121.8837325,
              37.5697058
            ],
            [
              -121.8838294,
              37.5699327
            ],
            [
              -121.8838592,
              37.5699247
            ],
            [
              -121.8838877,
              37.5699915
            ],
            [
              -121.8838628,
              37.5699982
            ],
            [
              -121.8839667,
              37.5702416
            ],
            [
              -121.8841279,
              37.5701984
            ]
          ]
        ]
      },
      "properties": {
        "building": "yes",
        "source": "microsoft/BuildingFootprints",
        "source_name": "OpenStreetMap Overpass",
        "source_url": "https://overpass-api.de/api/interpreter",
        "retrieved_at": "2026-05-03T02:57:59.023Z",
        "provisional": true
      }
    },
    {
      "type": "Feature",
      "geometry": {
        "type": "Polygon",
        "coordinates": [
          [
            [
              -121.8850744,
              37.5701491
            ],
            [
              -121.8851051,
              37.5702018
            ],
            [
              -121.8852836,
              37.5701365
            ],
            [
              -121.8852529,
              37.5700838
            ],
            [
              -121.8850744,
              37.5701491
            ]
          ]
        ]
      },
      "properties": {
        "building": "yes",
        "source": "microsoft/BuildingFootprints",
        "source_name": "OpenStreetMap Overpass",
        "source_url": "https://overpass-api.de/api/interpreter",
        "retrieved_at": "2026-05-03T02:57:59.023Z",
        "provisional": true
      }
    },
    {
      "type": "Feature",
      "geometry": {
        "type": "Polygon",
        "coordinates": [
          [
            [
              -121.8839299,
              37.5708421
            ],
            [
              -121.8838664,
              37.5707812
            ],
            [
              -121.8838324,
              37.5708035
            ],
            [
              -121.8837883,
              37.5707613
            ],
            [
              -121.8837175,
              37.5708078
            ],
            [
              -121.8838661,
              37.5709502
            ],
            [
              -121.8839339,
              37.5709057
            ],
            [
              -121.8838929,
              37.5708664
            ],
            [
              -121.8839299,
              37.5708421
            ]
          ]
        ]
      },
      "properties": {
        "building": "yes",
        "source_name": "OpenStreetMap Overpass",
        "source_url": "https://overpass-api.de/api/interpreter",
        "retrieved_at": "2026-05-03T02:57:59.023Z",
        "provisional": true
      }
    },
    {
      "type": "Feature",
      "geometry": {
        "type": "Polygon",
        "coordinates": [
          [
            [
              -121.8840717,
              37.5709779
            ],
            [
              -121.8839688,
              37.571108
            ],
            [
              -121.8838682,
              37.571058
            ],
            [
              -121.8839711,
              37.5709279
            ],
            [
              -121.8840717,
              37.5709779
            ]
          ]
        ]
      },
      "properties": {
        "building": "yes",
        "source_name": "OpenStreetMap Overpass",
        "source_url": "https://overpass-api.de/api/interpreter",
        "retrieved_at": "2026-05-03T02:57:59.023Z",
        "provisional": true
      }
    },
    {
      "type": "Feature",
      "geometry": {
        "type": "Polygon",
        "coordinates": [
          [
            [
              -121.8839931,
              37.571205
            ],
            [
              -121.8839536,
              37.5712599
            ],
            [
              -121.8837501,
              37.5711676
            ],
            [
              -121.8837897,
              37.5711128
            ],
            [
              -121.8839931,
              37.571205
            ]
          ]
        ]
      },
      "properties": {
        "building": "yes",
        "source_name": "OpenStreetMap Overpass",
        "source_url": "https://overpass-api.de/api/interpreter",
        "retrieved_at": "2026-05-03T02:57:59.023Z",
        "provisional": true
      }
    },
    {
      "type": "Feature",
      "geometry": {
        "type": "Polygon",
        "coordinates": [
          [
            [
              -121.8850591,
              37.57141
            ],
            [
              -121.8850269,
              37.5713367
            ],
            [
              -121.8849186,
              37.5713666
            ],
            [
              -121.8849507,
              37.5714399
            ],
            [
              -121.8850591,
              37.57141
            ]
          ]
        ]
      },
      "properties": {
        "building": "yes",
        "source_name": "OpenStreetMap Overpass",
        "source_url": "https://overpass-api.de/api/interpreter",
        "retrieved_at": "2026-05-03T02:57:59.023Z",
        "provisional": true
      }
    },
    {
      "type": "Feature",
      "geometry": {
        "type": "Polygon",
        "coordinates": [
          [
            [
              -121.8850941,
              37.5715242
            ],
            [
              -121.8850661,
              37.5714655
            ],
            [
              -121.8848296,
              37.5715363
            ],
            [
              -121.8848724,
              37.571626
            ],
            [
              -121.8850306,
              37.5715787
            ],
            [
              -121.8850158,
              37.5715476
            ],
            [
              -121.8850941,
              37.5715242
            ]
          ]
        ]
      },
      "properties": {
        "building": "yes",
        "source_name": "OpenStreetMap Overpass",
        "source_url": "https://overpass-api.de/api/interpreter",
        "retrieved_at": "2026-05-03T02:57:59.023Z",
        "provisional": true
      }
    },
    {
      "type": "Feature",
      "geometry": {
        "type": "Polygon",
        "coordinates": [
          [
            [
              -121.8852632,
              37.5710538
            ],
            [
              -121.8851458,
              37.5709044
            ],
            [
              -121.8851935,
              37.5708809
            ],
            [
              -121.8851256,
              37.5707945
            ],
            [
              -121.8850119,
              37.5708507
            ],
            [
              -121.8851972,
              37.5710863
            ],
            [
              -121.8852632,
              37.5710538
            ]
          ]
        ]
      },
      "properties": {
        "building": "yes",
        "source_name": "OpenStreetMap Overpass",
        "source_url": "https://overpass-api.de/api/interpreter",
        "retrieved_at": "2026-05-03T02:57:59.023Z",
        "provisional": true
      }
    },
    {
      "type": "Feature",
      "geometry": {
        "type": "Polygon",
        "coordinates": [
          [
            [
              -121.8858171,
              37.5717555
            ],
            [
              -121.8857602,
              37.5717079
            ],
            [
              -121.8857769,
              37.5716953
            ],
            [
              -121.8856694,
              37.5716052
            ],
            [
              -121.8855627,
              37.5716852
            ],
            [
              -121.8857272,
              37.571823
            ],
            [
              -121.8858171,
              37.5717555
            ]
          ]
        ]
      },
      "properties": {
        "building": "yes",
        "source_name": "OpenStreetMap Overpass",
        "source_url": "https://overpass-api.de/api/interpreter",
        "retrieved_at": "2026-05-03T02:57:59.023Z",
        "provisional": true
      }
    },
    {
      "type": "Feature",
      "geometry": {
        "type": "Polygon",
        "coordinates": [
          [
            [
              -121.885947,
              37.5716752
            ],
            [
              -121.8859794,
              37.5717355
            ],
            [
              -121.8858571,
              37.5717767
            ],
            [
              -121.8858248,
              37.5717164
            ],
            [
              -121.885947,
              37.5716752
            ]
          ]
        ]
      },
      "properties": {
        "building": "yes",
        "source_name": "OpenStreetMap Overpass",
        "source_url": "https://overpass-api.de/api/interpreter",
        "retrieved_at": "2026-05-03T02:57:59.023Z",
        "provisional": true
      }
    },
    {
      "type": "Feature",
      "geometry": {
        "type": "Polygon",
        "coordinates": [
          [
            [
              -121.8863,
              37.5715114
            ],
            [
              -121.8863636,
              37.5716292
            ],
            [
              -121.8862507,
              37.5716675
            ],
            [
              -121.8861871,
              37.5715497
            ],
            [
              -121.8863,
              37.5715114
            ]
          ]
        ]
      },
      "properties": {
        "building": "yes",
        "source_name": "OpenStreetMap Overpass",
        "source_url": "https://overpass-api.de/api/interpreter",
        "retrieved_at": "2026-05-03T02:57:59.023Z",
        "provisional": true
      }
    },
    {
      "type": "Feature",
      "geometry": {
        "type": "Polygon",
        "coordinates": [
          [
            [
              -121.8863711,
              37.5717478
            ],
            [
              -121.8864517,
              37.5719084
            ],
            [
              -121.8862042,
              37.5719863
            ],
            [
              -121.8862306,
              37.572039
            ],
            [
              -121.8861449,
              37.572066
            ],
            [
              -121.8860299,
              37.5718367
            ],
            [
              -121.8860971,
              37.5718156
            ],
            [
              -121.8861051,
              37.5718316
            ],
            [
              -121.8863711,
              37.5717478
            ]
          ]
        ]
      },
      "properties": {
        "building": "yes",
        "source_name": "OpenStreetMap Overpass",
        "source_url": "https://overpass-api.de/api/interpreter",
        "retrieved_at": "2026-05-03T02:57:59.023Z",
        "provisional": true
      }
    },
    {
      "type": "Feature",
      "geometry": {
        "type": "Polygon",
        "coordinates": [
          [
            [
              -121.8855115,
              37.5720755
            ],
            [
              -121.8855352,
              37.5721382
            ],
            [
              -121.8853898,
              37.5721727
            ],
            [
              -121.8853661,
              37.57211
            ],
            [
              -121.8855115,
              37.5720755
            ]
          ]
        ]
      },
      "properties": {
        "building": "yes",
        "source_name": "OpenStreetMap Overpass",
        "source_url": "https://overpass-api.de/api/interpreter",
        "retrieved_at": "2026-05-03T02:57:59.023Z",
        "provisional": true
      }
    },
    {
      "type": "Feature",
      "geometry": {
        "type": "Polygon",
        "coordinates": [
          [
            [
              -121.8852164,
              37.5722061
            ],
            [
              -121.8851828,
              37.5723818
            ],
            [
              -121.8850836,
              37.5723698
            ],
            [
              -121.8851173,
              37.5721942
            ],
            [
              -121.8852164,
              37.5722061
            ]
          ]
        ]
      },
      "properties": {
        "building": "yes",
        "source_name": "OpenStreetMap Overpass",
        "source_url": "https://overpass-api.de/api/interpreter",
        "retrieved_at": "2026-05-03T02:57:59.023Z",
        "provisional": true
      }
    },
    {
      "type": "Feature",
      "geometry": {
        "type": "Polygon",
        "coordinates": [
          [
            [
              -121.8974316,
              37.557367
            ],
            [
              -121.8976583,
              37.5573962
            ],
            [
              -121.8976733,
              37.5573231
            ],
            [
              -121.8974467,
              37.5572938
            ],
            [
              -121.8974316,
              37.557367
            ]
          ]
        ]
      },
      "properties": {
        "building": "yes",
        "source": "microsoft/BuildingFootprints",
        "source_name": "OpenStreetMap Overpass",
        "source_url": "https://overpass-api.de/api/interpreter",
        "retrieved_at": "2026-05-03T02:57:59.023Z",
        "provisional": true
      }
    },
    {
      "type": "Feature",
      "geometry": {
        "type": "Polygon",
        "coordinates": [
          [
            [
              -121.8986569,
              37.5580962
            ],
            [
              -121.8985424,
              37.5576781
            ],
            [
              -121.8982078,
              37.5577356
            ],
            [
              -121.8982679,
              37.5579554
            ],
            [
              -121.8985134,
              37.5579131
            ],
            [
              -121.898527,
              37.5579626
            ],
            [
              -121.8984934,
              37.5579684
            ],
            [
              -121.8985018,
              37.5579987
            ],
            [
              -121.8985319,
              37.5579935
            ],
            [
              -121.8985381,
              37.5580159
            ],
            [
              -121.8985108,
              37.5580206
            ],
            [
              -121.8985197,
              37.558053
            ],
            [
              -121.8985544,
              37.5580471
            ],
            [
              -121.8985719,
              37.5581108
            ],
            [
              -121.8986569,
              37.5580962
            ]
          ]
        ]
      },
      "properties": {
        "building": "yes",
        "source": "microsoft/BuildingFootprints",
        "source_name": "OpenStreetMap Overpass",
        "source_url": "https://overpass-api.de/api/interpreter",
        "retrieved_at": "2026-05-03T02:57:59.023Z",
        "provisional": true
      }
    },
    {
      "type": "Feature",
      "geometry": {
        "type": "Polygon",
        "coordinates": [
          [
            [
              -121.897057,
              37.5564583
            ],
            [
              -121.8972617,
              37.5564825
            ],
            [
              -121.8972748,
              37.556413
            ],
            [
              -121.8970702,
              37.5563887
            ],
            [
              -121.897057,
              37.5564583
            ]
          ]
        ]
      },
      "properties": {
        "building": "yes",
        "source": "microsoft/BuildingFootprints",
        "source_name": "OpenStreetMap Overpass",
        "source_url": "https://overpass-api.de/api/interpreter",
        "retrieved_at": "2026-05-03T02:57:59.023Z",
        "provisional": true
      }
    },
    {
      "type": "Feature",
      "geometry": {
        "type": "Polygon",
        "coordinates": [
          [
            [
              -121.8966347,
              37.5566761
            ],
            [
              -121.8968227,
              37.5567249
            ],
            [
              -121.8968489,
              37.5566616
            ],
            [
              -121.8968659,
              37.556666
            ],
            [
              -121.8969217,
              37.5565311
            ],
            [
              -121.8967251,
              37.5564799
            ],
            [
              -121.8967362,
              37.5564658
            ],
            [
              -121.8966646,
              37.5564308
            ],
            [
              -121.8966303,
              37.5564751
            ],
            [
              -121.8967031,
              37.5565106
            ],
            [
              -121.8966347,
              37.5566761
            ]
          ]
        ]
      },
      "properties": {
        "building": "yes",
        "source": "microsoft/BuildingFootprints",
        "source_name": "OpenStreetMap Overpass",
        "source_url": "https://overpass-api.de/api/interpreter",
        "retrieved_at": "2026-05-03T02:57:59.023Z",
        "provisional": true
      }
    },
    {
      "type": "Feature",
      "geometry": {
        "type": "Polygon",
        "coordinates": [
          [
            [
              -121.8961604,
              37.5563816
            ],
            [
              -121.8960719,
              37.5563127
            ],
            [
              -121.8959769,
              37.5563895
            ],
            [
              -121.8960654,
              37.5564583
            ],
            [
              -121.8961604,
              37.5563816
            ]
          ]
        ]
      },
      "properties": {
        "building": "yes",
        "source": "microsoft/BuildingFootprints",
        "source_name": "OpenStreetMap Overpass",
        "source_url": "https://overpass-api.de/api/interpreter",
        "retrieved_at": "2026-05-03T02:57:59.023Z",
        "provisional": true
      }
    },
    {
      "type": "Feature",
      "geometry": {
        "type": "Polygon",
        "coordinates": [
          [
            [
              -121.8960835,
              37.5565284
            ],
            [
              -121.8959564,
              37.556437
            ],
            [
              -121.8958736,
              37.5565093
            ],
            [
              -121.8958313,
              37.5564788
            ],
            [
              -121.8956769,
              37.5566136
            ],
            [
              -121.8957225,
              37.5566465
            ],
            [
              -121.8957107,
              37.5566568
            ],
            [
              -121.8958263,
              37.55674
            ],
            [
              -121.8958544,
              37.5567155
            ],
            [
              -121.8958894,
              37.5567406
            ],
            [
              -121.8959323,
              37.5567032
            ],
            [
              -121.895925,
              37.5566979
            ],
            [
              -121.8959729,
              37.5566561
            ],
            [
              -121.8959534,
              37.556642
            ],
            [
              -121.8960835,
              37.5565284
            ]
          ]
        ]
      },
      "properties": {
        "building": "yes",
        "source": "microsoft/BuildingFootprints",
        "source_name": "OpenStreetMap Overpass",
        "source_url": "https://overpass-api.de/api/interpreter",
        "retrieved_at": "2026-05-03T02:57:59.023Z",
        "provisional": true
      }
    },
    {
      "type": "Feature",
      "geometry": {
        "type": "Polygon",
        "coordinates": [
          [
            [
              -121.8961446,
              37.5558358
            ],
            [
              -121.8960676,
              37.5558104
            ],
            [
              -121.8960172,
              37.5559064
            ],
            [
              -121.8960943,
              37.5559318
            ],
            [
              -121.8961446,
              37.5558358
            ]
          ]
        ]
      },
      "properties": {
        "building": "yes",
        "source": "microsoft/BuildingFootprints",
        "source_name": "OpenStreetMap Overpass",
        "source_url": "https://overpass-api.de/api/interpreter",
        "retrieved_at": "2026-05-03T02:57:59.023Z",
        "provisional": true
      }
    },
    {
      "type": "Feature",
      "geometry": {
        "type": "Polygon",
        "coordinates": [
          [
            [
              -121.8959897,
              37.5557923
            ],
            [
              -121.8959404,
              37.5557746
            ],
            [
              -121.8959055,
              37.5558359
            ],
            [
              -121.8959547,
              37.5558535
            ],
            [
              -121.8959897,
              37.5557923
            ]
          ]
        ]
      },
      "properties": {
        "building": "yes",
        "source": "microsoft/BuildingFootprints",
        "source_name": "OpenStreetMap Overpass",
        "source_url": "https://overpass-api.de/api/interpreter",
        "retrieved_at": "2026-05-03T02:57:59.023Z",
        "provisional": true
      }
    },
    {
      "type": "Feature",
      "geometry": {
        "type": "Polygon",
        "coordinates": [
          [
            [
              -121.896326,
              37.5560888
            ],
            [
              -121.8962621,
              37.5560537
            ],
            [
              -121.8962941,
              37.5560171
            ],
            [
              -121.8962212,
              37.555977
            ],
            [
              -121.89614,
              37.5560698
            ],
            [
              -121.8962768,
              37.556145
            ],
            [
              -121.896326,
              37.5560888
            ]
          ]
        ]
      },
      "properties": {
        "building": "yes",
        "source": "microsoft/BuildingFootprints",
        "source_name": "OpenStreetMap Overpass",
        "source_url": "https://overpass-api.de/api/interpreter",
        "retrieved_at": "2026-05-03T02:57:59.023Z",
        "provisional": true
      }
    },
    {
      "type": "Feature",
      "geometry": {
        "type": "Polygon",
        "coordinates": [
          [
            [
              -121.8951931,
              37.5561342
            ],
            [
              -121.895332,
              37.5561986
            ],
            [
              -121.8954065,
              37.5560975
            ],
            [
              -121.8953564,
              37.5560742
            ],
            [
              -121.8953385,
              37.5560984
            ],
            [
              -121.8952498,
              37.5560573
            ],
            [
              -121.8951931,
              37.5561342
            ]
          ]
        ]
      },
      "properties": {
        "building": "yes",
        "source": "microsoft/BuildingFootprints",
        "source_name": "OpenStreetMap Overpass",
        "source_url": "https://overpass-api.de/api/interpreter",
        "retrieved_at": "2026-05-03T02:57:59.023Z",
        "provisional": true
      }
    },
    {
      "type": "Feature",
      "geometry": {
        "type": "Polygon",
        "coordinates": [
          [
            [
              -121.8953012,
              37.555818
            ],
            [
              -121.8952159,
              37.555782
            ],
            [
              -121.8951594,
              37.5558662
            ],
            [
              -121.8952447,
              37.5559022
            ],
            [
              -121.8953012,
              37.555818
            ]
          ]
        ]
      },
      "properties": {
        "building": "yes",
        "source": "microsoft/BuildingFootprints",
        "source_name": "OpenStreetMap Overpass",
        "source_url": "https://overpass-api.de/api/interpreter",
        "retrieved_at": "2026-05-03T02:57:59.023Z",
        "provisional": true
      }
    },
    {
      "type": "Feature",
      "geometry": {
        "type": "Polygon",
        "coordinates": [
          [
            [
              -121.8942147,
              37.5570196
            ],
            [
              -121.894239,
              37.5569763
            ],
            [
              -121.8941302,
              37.5569381
            ],
            [
              -121.8940427,
              37.5570944
            ],
            [
              -121.8942488,
              37.5571669
            ],
            [
              -121.8943121,
              37.5570539
            ],
            [
              -121.8942147,
              37.5570196
            ]
          ]
        ]
      },
      "properties": {
        "building": "yes",
        "source": "microsoft/BuildingFootprints",
        "source_name": "OpenStreetMap Overpass",
        "source_url": "https://overpass-api.de/api/interpreter",
        "retrieved_at": "2026-05-03T02:57:59.023Z",
        "provisional": true
      }
    },
    {
      "type": "Feature",
      "geometry": {
        "type": "Polygon",
        "coordinates": [
          [
            [
              -121.8948204,
              37.5573554
            ],
            [
              -121.8946988,
              37.5573369
            ],
            [
              -121.8946561,
              37.5575132
            ],
            [
              -121.8948579,
              37.5575439
            ],
            [
              -121.8948899,
              37.5574119
            ],
            [
              -121.8948097,
              37.5573997
            ],
            [
              -121.8948204,
              37.5573554
            ]
          ]
        ]
      },
      "properties": {
        "building": "yes",
        "source": "microsoft/BuildingFootprints",
        "source_name": "OpenStreetMap Overpass",
        "source_url": "https://overpass-api.de/api/interpreter",
        "retrieved_at": "2026-05-03T02:57:59.023Z",
        "provisional": true
      }
    },
    {
      "type": "Feature",
      "geometry": {
        "type": "Polygon",
        "coordinates": [
          [
            [
              -121.8934266,
              37.5567461
            ],
            [
              -121.8933602,
              37.5568469
            ],
            [
              -121.8936773,
              37.5569783
            ],
            [
              -121.8937438,
              37.5568775
            ],
            [
              -121.8934266,
              37.5567461
            ]
          ]
        ]
      },
      "properties": {
        "building": "yes",
        "source": "microsoft/BuildingFootprints",
        "source_name": "OpenStreetMap Overpass",
        "source_url": "https://overpass-api.de/api/interpreter",
        "retrieved_at": "2026-05-03T02:57:59.023Z",
        "provisional": true
      }
    },
    {
      "type": "Feature",
      "geometry": {
        "type": "Polygon",
        "coordinates": [
          [
            [
              -121.8908429,
              37.5557431
            ],
            [
              -121.8906153,
              37.5557509
            ],
            [
              -121.8906343,
              37.5560948
            ],
            [
              -121.8908618,
              37.5560869
            ],
            [
              -121.8908429,
              37.5557431
            ]
          ]
        ]
      },
      "properties": {
        "building": "yes",
        "source": "microsoft/BuildingFootprints",
        "source_name": "OpenStreetMap Overpass",
        "source_url": "https://overpass-api.de/api/interpreter",
        "retrieved_at": "2026-05-03T02:57:59.023Z",
        "provisional": true
      }
    },
    {
      "type": "Feature",
      "geometry": {
        "type": "Polygon",
        "coordinates": [
          [
            [
              -121.8898669,
              37.555328
            ],
            [
              -121.889714,
              37.5551521
            ],
            [
              -121.8895194,
              37.5552584
            ],
            [
              -121.88953,
              37.5552706
            ],
            [
              -121.8894154,
              37.5553332
            ],
            [
              -121.8894505,
              37.5553736
            ],
            [
              -121.8893923,
              37.5554054
            ],
            [
              -121.8892118,
              37.5551977
            ],
            [
              -121.8891271,
              37.555244
            ],
            [
              -121.8893351,
              37.5554834
            ],
            [
              -121.8895199,
              37.5553825
            ],
            [
              -121.8895594,
              37.5554279
            ],
            [
              -121.8895357,
              37.5554409
            ],
            [
              -121.8895758,
              37.555487
            ],
            [
              -121.8898669,
              37.555328
            ]
          ]
        ]
      },
      "properties": {
        "building": "yes",
        "source": "microsoft/BuildingFootprints",
        "source_name": "OpenStreetMap Overpass",
        "source_url": "https://overpass-api.de/api/interpreter",
        "retrieved_at": "2026-05-03T02:57:59.023Z",
        "provisional": true
      }
    },
    {
      "type": "Feature",
      "geometry": {
        "type": "Polygon",
        "coordinates": [
          [
            [
              -121.8893358,
              37.5550751
            ],
            [
              -121.889423,
              37.5550266
            ],
            [
              -121.8893762,
              37.5549736
            ],
            [
              -121.8892889,
              37.555022
            ],
            [
              -121.8893358,
              37.5550751
            ]
          ]
        ]
      },
      "properties": {
        "building": "yes",
        "source": "microsoft/BuildingFootprints",
        "source_name": "OpenStreetMap Overpass",
        "source_url": "https://overpass-api.de/api/interpreter",
        "retrieved_at": "2026-05-03T02:57:59.023Z",
        "provisional": true
      }
    },
    {
      "type": "Feature",
      "geometry": {
        "type": "Polygon",
        "coordinates": [
          [
            [
              -121.8863999,
              37.5576304
            ],
            [
              -121.88611,
              37.5574469
            ],
            [
              -121.886006,
              37.5575501
            ],
            [
              -121.8863073,
              37.5577409
            ],
            [
              -121.8863557,
              37.5576929
            ],
            [
              -121.8863442,
              37.5576856
            ],
            [
              -121.8863999,
              37.5576304
            ]
          ]
        ]
      },
      "properties": {
        "building": "yes",
        "source": "microsoft/BuildingFootprints",
        "source_name": "OpenStreetMap Overpass",
        "source_url": "https://overpass-api.de/api/interpreter",
        "retrieved_at": "2026-05-03T02:57:59.023Z",
        "provisional": true
      }
    },
    {
      "type": "Feature",
      "geometry": {
        "type": "Polygon",
        "coordinates": [
          [
            [
              -121.8864837,
              37.557552
            ],
            [
              -121.8868484,
              37.5575573
            ],
            [
              -121.8868567,
              37.5571959
            ],
            [
              -121.8869076,
              37.5571967
            ],
            [
              -121.88691,
              37.5570914
            ],
            [
              -121.8864944,
              37.5570854
            ],
            [
              -121.8864837,
              37.557552
            ]
          ]
        ]
      },
      "properties": {
        "building": "yes",
        "source": "microsoft/BuildingFootprints",
        "source_name": "OpenStreetMap Overpass",
        "source_url": "https://overpass-api.de/api/interpreter",
        "retrieved_at": "2026-05-03T02:57:59.023Z",
        "provisional": true
      }
    },
    {
      "type": "Feature",
      "geometry": {
        "type": "Polygon",
        "coordinates": [
          [
            [
              -121.8868406,
              37.557662
            ],
            [
              -121.8867494,
              37.5576607
            ],
            [
              -121.8867463,
              37.5577957
            ],
            [
              -121.8868374,
              37.5577971
            ],
            [
              -121.8868406,
              37.557662
            ]
          ]
        ]
      },
      "properties": {
        "building": "yes",
        "source": "microsoft/BuildingFootprints",
        "source_name": "OpenStreetMap Overpass",
        "source_url": "https://overpass-api.de/api/interpreter",
        "retrieved_at": "2026-05-03T02:57:59.023Z",
        "provisional": true
      }
    },
    {
      "type": "Feature",
      "geometry": {
        "type": "Polygon",
        "coordinates": [
          [
            [
              -121.8864415,
              37.5578113
            ],
            [
              -121.8864207,
              37.5578288
            ],
            [
              -121.8865222,
              37.5579047
            ],
            [
              -121.8865992,
              37.55784
            ],
            [
              -121.8864403,
              37.5577211
            ],
            [
              -121.886384,
              37.5577684
            ],
            [
              -121.8864415,
              37.5578113
            ]
          ]
        ]
      },
      "properties": {
        "building": "yes",
        "source": "microsoft/BuildingFootprints",
        "source_name": "OpenStreetMap Overpass",
        "source_url": "https://overpass-api.de/api/interpreter",
        "retrieved_at": "2026-05-03T02:57:59.023Z",
        "provisional": true
      }
    },
    {
      "type": "Feature",
      "geometry": {
        "type": "Polygon",
        "coordinates": [
          [
            [
              -121.8857683,
              37.5579506
            ],
            [
              -121.885953,
              37.5580829
            ],
            [
              -121.885997,
              37.5580442
            ],
            [
              -121.8858124,
              37.557912
            ],
            [
              -121.8857683,
              37.5579506
            ]
          ]
        ]
      },
      "properties": {
        "building": "yes",
        "source": "microsoft/BuildingFootprints",
        "source_name": "OpenStreetMap Overpass",
        "source_url": "https://overpass-api.de/api/interpreter",
        "retrieved_at": "2026-05-03T02:57:59.023Z",
        "provisional": true
      }
    },
    {
      "type": "Feature",
      "geometry": {
        "type": "Polygon",
        "coordinates": [
          [
            [
              -121.885972,
              37.558173
            ],
            [
              -121.8857195,
              37.5579994
            ],
            [
              -121.8856757,
              37.5580394
            ],
            [
              -121.8859282,
              37.5582131
            ],
            [
              -121.885972,
              37.558173
            ]
          ]
        ]
      },
      "properties": {
        "building": "yes",
        "source": "microsoft/BuildingFootprints",
        "source_name": "OpenStreetMap Overpass",
        "source_url": "https://overpass-api.de/api/interpreter",
        "retrieved_at": "2026-05-03T02:57:59.023Z",
        "provisional": true
      }
    },
    {
      "type": "Feature",
      "geometry": {
        "type": "Polygon",
        "coordinates": [
          [
            [
              -121.8854907,
              37.5582989
            ],
            [
              -121.8856094,
              37.558376
            ],
            [
              -121.8857251,
              37.5582641
            ],
            [
              -121.8856064,
              37.5581869
            ],
            [
              -121.8854907,
              37.5582989
            ]
          ]
        ]
      },
      "properties": {
        "building": "yes",
        "source": "microsoft/BuildingFootprints",
        "source_name": "OpenStreetMap Overpass",
        "source_url": "https://overpass-api.de/api/interpreter",
        "retrieved_at": "2026-05-03T02:57:59.023Z",
        "provisional": true
      }
    },
    {
      "type": "Feature",
      "geometry": {
        "type": "Polygon",
        "coordinates": [
          [
            [
              -121.8853323,
              37.5581732
            ],
            [
              -121.8851727,
              37.5580544
            ],
            [
              -121.8850777,
              37.5581346
            ],
            [
              -121.8852372,
              37.5582534
            ],
            [
              -121.8853323,
              37.5581732
            ]
          ]
        ]
      },
      "properties": {
        "building": "yes",
        "source": "microsoft/BuildingFootprints",
        "source_name": "OpenStreetMap Overpass",
        "source_url": "https://overpass-api.de/api/interpreter",
        "retrieved_at": "2026-05-03T02:57:59.023Z",
        "provisional": true
      }
    },
    {
      "type": "Feature",
      "geometry": {
        "type": "Polygon",
        "coordinates": [
          [
            [
              -121.8852385,
              37.5580167
            ],
            [
              -121.885314,
              37.5580712
            ],
            [
              -121.8853594,
              37.5580317
            ],
            [
              -121.8852839,
              37.5579772
            ],
            [
              -121.8852385,
              37.5580167
            ]
          ]
        ]
      },
      "properties": {
        "building": "yes",
        "source": "microsoft/BuildingFootprints",
        "source_name": "OpenStreetMap Overpass",
        "source_url": "https://overpass-api.de/api/interpreter",
        "retrieved_at": "2026-05-03T02:57:59.023Z",
        "provisional": true
      }
    },
    {
      "type": "Feature",
      "geometry": {
        "type": "Polygon",
        "coordinates": [
          [
            [
              -121.8854318,
              37.5576481
            ],
            [
              -121.8853222,
              37.5575383
            ],
            [
              -121.8852365,
              37.5575921
            ],
            [
              -121.8853461,
              37.5577019
            ],
            [
              -121.8854318,
              37.5576481
            ]
          ]
        ]
      },
      "properties": {
        "building": "yes",
        "source": "microsoft/BuildingFootprints",
        "source_name": "OpenStreetMap Overpass",
        "source_url": "https://overpass-api.de/api/interpreter",
        "retrieved_at": "2026-05-03T02:57:59.023Z",
        "provisional": true
      }
    },
    {
      "type": "Feature",
      "geometry": {
        "type": "Polygon",
        "coordinates": [
          [
            [
              -121.8868186,
              37.5583844
            ],
            [
              -121.8867192,
              37.5583754
            ],
            [
              -121.8866752,
              37.5586807
            ],
            [
              -121.8867746,
              37.5586897
            ],
            [
              -121.8868186,
              37.5583844
            ]
          ]
        ]
      },
      "properties": {
        "building": "yes",
        "source": "microsoft/BuildingFootprints",
        "source_name": "OpenStreetMap Overpass",
        "source_url": "https://overpass-api.de/api/interpreter",
        "retrieved_at": "2026-05-03T02:57:59.023Z",
        "provisional": true
      }
    },
    {
      "type": "Feature",
      "geometry": {
        "type": "Polygon",
        "coordinates": [
          [
            [
              -121.886648,
              37.5591007
            ],
            [
              -121.8866149,
              37.559163
            ],
            [
              -121.8867562,
              37.5592101
            ],
            [
              -121.8868008,
              37.5591262
            ],
            [
              -121.8867119,
              37.5590965
            ],
            [
              -121.8867004,
              37.5591182
            ],
            [
              -121.886648,
              37.5591007
            ]
          ]
        ]
      },
      "properties": {
        "building": "yes",
        "source": "microsoft/BuildingFootprints",
        "source_name": "OpenStreetMap Overpass",
        "source_url": "https://overpass-api.de/api/interpreter",
        "retrieved_at": "2026-05-03T02:57:59.023Z",
        "provisional": true
      }
    },
    {
      "type": "Feature",
      "geometry": {
        "type": "Polygon",
        "coordinates": [
          [
            [
              -121.8849138,
              37.5578391
            ],
            [
              -121.8848477,
              37.557739
            ],
            [
              -121.8846499,
              37.5578212
            ],
            [
              -121.8847161,
              37.5579212
            ],
            [
              -121.8849138,
              37.5578391
            ]
          ]
        ]
      },
      "properties": {
        "building": "yes",
        "source": "microsoft/BuildingFootprints",
        "source_name": "OpenStreetMap Overpass",
        "source_url": "https://overpass-api.de/api/interpreter",
        "retrieved_at": "2026-05-03T02:57:59.023Z",
        "provisional": true
      }
    },
    {
      "type": "Feature",
      "geometry": {
        "type": "Polygon",
        "coordinates": [
          [
            [
              -121.8845235,
              37.5575166
            ],
            [
              -121.8845539,
              37.5575683
            ],
            [
              -121.8847181,
              37.5575077
            ],
            [
              -121.8846673,
              37.557421
            ],
            [
              -121.8845361,
              37.5574694
            ],
            [
              -121.8845566,
              37.5575044
            ],
            [
              -121.8845235,
              37.5575166
            ]
          ]
        ]
      },
      "properties": {
        "building": "yes",
        "source": "microsoft/BuildingFootprints",
        "source_name": "OpenStreetMap Overpass",
        "source_url": "https://overpass-api.de/api/interpreter",
        "retrieved_at": "2026-05-03T02:57:59.023Z",
        "provisional": true
      }
    },
    {
      "type": "Feature",
      "geometry": {
        "type": "Polygon",
        "coordinates": [
          [
            [
              -121.884904,
              37.5564632
            ],
            [
              -121.8849059,
              37.5565418
            ],
            [
              -121.8849569,
              37.5565411
            ],
            [
              -121.8849574,
              37.5565623
            ],
            [
              -121.8850298,
              37.5565612
            ],
            [
              -121.8850293,
              37.5565399
            ],
            [
              -121.8851056,
              37.5565388
            ],
            [
              -121.8851037,
              37.5564601
            ],
            [
              -121.884904,
              37.5564632
            ]
          ]
        ]
      },
      "properties": {
        "building": "yes",
        "source": "microsoft/BuildingFootprints",
        "source_name": "OpenStreetMap Overpass",
        "source_url": "https://overpass-api.de/api/interpreter",
        "retrieved_at": "2026-05-03T02:57:59.023Z",
        "provisional": true
      }
    },
    {
      "type": "Feature",
      "geometry": {
        "type": "Polygon",
        "coordinates": [
          [
            [
              -121.885168,
              37.556449
            ],
            [
              -121.88521,
              37.556531
            ],
            [
              -121.885313,
              37.556498
            ],
            [
              -121.885271,
              37.556416
            ],
            [
              -121.885168,
              37.556449
            ]
          ]
        ]
      },
      "properties": {
        "building": "yes",
        "source": "microsoft/BuildingFootprints",
        "source_name": "OpenStreetMap Overpass",
        "source_url": "https://overpass-api.de/api/interpreter",
        "retrieved_at": "2026-05-03T02:57:59.023Z",
        "provisional": true
      }
    },
    {
      "type": "Feature",
      "geometry": {
        "type": "Polygon",
        "coordinates": [
          [
            [
              -121.8851076,
              37.5561914
            ],
            [
              -121.884968,
              37.5562128
            ],
            [
              -121.884979,
              37.5562579
            ],
            [
              -121.8851186,
              37.5562365
            ],
            [
              -121.8851076,
              37.5561914
            ]
          ]
        ]
      },
      "properties": {
        "building": "yes",
        "source": "microsoft/BuildingFootprints",
        "source_name": "OpenStreetMap Overpass",
        "source_url": "https://overpass-api.de/api/interpreter",
        "retrieved_at": "2026-05-03T02:57:59.023Z",
        "provisional": true
      }
    },
    {
      "type": "Feature",
      "geometry": {
        "type": "Polygon",
        "coordinates": [
          [
            [
              -121.8848503,
              37.5562933
            ],
            [
              -121.8848369,
              37.5562968
            ],
            [
              -121.8848721,
              37.5563811
            ],
            [
              -121.8849653,
              37.5563567
            ],
            [
              -121.8849428,
              37.556303
            ],
            [
              -121.8848631,
              37.556324
            ],
            [
              -121.8848503,
              37.5562933
            ]
          ]
        ]
      },
      "properties": {
        "building": "yes",
        "source": "microsoft/BuildingFootprints",
        "source_name": "OpenStreetMap Overpass",
        "source_url": "https://overpass-api.de/api/interpreter",
        "retrieved_at": "2026-05-03T02:57:59.023Z",
        "provisional": true
      }
    },
    {
      "type": "Feature",
      "geometry": {
        "type": "Polygon",
        "coordinates": [
          [
            [
              -121.8841255,
              37.5565014
            ],
            [
              -121.8840519,
              37.5565409
            ],
            [
              -121.8841104,
              37.5566094
            ],
            [
              -121.884184,
              37.55657
            ],
            [
              -121.8841255,
              37.5565014
            ]
          ]
        ]
      },
      "properties": {
        "building": "yes",
        "source": "microsoft/BuildingFootprints",
        "source_name": "OpenStreetMap Overpass",
        "source_url": "https://overpass-api.de/api/interpreter",
        "retrieved_at": "2026-05-03T02:57:59.023Z",
        "provisional": true
      }
    },
    {
      "type": "Feature",
      "geometry": {
        "type": "Polygon",
        "coordinates": [
          [
            [
              -121.8842033,
              37.5567308
            ],
            [
              -121.8842384,
              37.5567783
            ],
            [
              -121.8843302,
              37.5567356
            ],
            [
              -121.8842951,
              37.5566882
            ],
            [
              -121.8842033,
              37.5567308
            ]
          ]
        ]
      },
      "properties": {
        "building": "yes",
        "source": "microsoft/BuildingFootprints",
        "source_name": "OpenStreetMap Overpass",
        "source_url": "https://overpass-api.de/api/interpreter",
        "retrieved_at": "2026-05-03T02:57:59.023Z",
        "provisional": true
      }
    },
    {
      "type": "Feature",
      "geometry": {
        "type": "Polygon",
        "coordinates": [
          [
            [
              -121.89562,
              37.5950473
            ],
            [
              -121.8955846,
              37.5950433
            ],
            [
              -121.8955923,
              37.5950006
            ],
            [
              -121.8956277,
              37.5950046
            ],
            [
              -121.89562,
              37.5950473
            ]
          ]
        ]
      },
      "properties": {
        "amenity": "toilets",
        "building": "yes",
        "source_name": "OpenStreetMap Overpass",
        "source_url": "https://overpass-api.de/api/interpreter",
        "retrieved_at": "2026-05-03T02:57:59.023Z",
        "provisional": true
      }
    },
    {
      "type": "Feature",
      "geometry": {
        "type": "Polygon",
        "coordinates": [
          [
            [
              -121.8950612,
              37.5951912
            ],
            [
              -121.8949338,
              37.5951808
            ],
            [
              -121.8949462,
              37.5950852
            ],
            [
              -121.8950736,
              37.5950956
            ],
            [
              -121.8950612,
              37.5951912
            ]
          ]
        ]
      },
      "properties": {
        "building": "yes",
        "source_name": "OpenStreetMap Overpass",
        "source_url": "https://overpass-api.de/api/interpreter",
        "retrieved_at": "2026-05-03T02:57:59.023Z",
        "provisional": true
      }
    },
    {
      "type": "Feature",
      "geometry": {
        "type": "Polygon",
        "coordinates": [
          [
            [
              -121.8953591,
              37.5952707
            ],
            [
              -121.8951787,
              37.5952564
            ],
            [
              -121.8951988,
              37.5950981
            ],
            [
              -121.8953792,
              37.5951125
            ],
            [
              -121.8953591,
              37.5952707
            ]
          ]
        ]
      },
      "properties": {
        "building": "yes",
        "source_name": "OpenStreetMap Overpass",
        "source_url": "https://overpass-api.de/api/interpreter",
        "retrieved_at": "2026-05-03T02:57:59.023Z",
        "provisional": true
      }
    },
    {
      "type": "Feature",
      "geometry": {
        "type": "Polygon",
        "coordinates": [
          [
            [
              -121.8875513,
              37.5941802
            ],
            [
              -121.8875367,
              37.5941615
            ],
            [
              -121.887493,
              37.594183
            ],
            [
              -121.8875076,
              37.5942017
            ],
            [
              -121.8875513,
              37.5941802
            ]
          ]
        ]
      },
      "properties": {
        "building": "yes",
        "tourism": "information",
        "source_name": "OpenStreetMap Overpass",
        "source_url": "https://overpass-api.de/api/interpreter",
        "retrieved_at": "2026-05-03T02:57:59.023Z",
        "provisional": true
      }
    },
    {
      "type": "Feature",
      "geometry": {
        "type": "Polygon",
        "coordinates": [
          [
            [
              -121.7775786,
              37.5402111
            ],
            [
              -121.7775842,
              37.5402579
            ],
            [
              -121.7774997,
              37.5402642
            ],
            [
              -121.7774941,
              37.5402175
            ],
            [
              -121.7775786,
              37.5402111
            ]
          ]
        ]
      },
      "properties": {
        "building": "yes",
        "source_name": "OpenStreetMap Overpass",
        "source_url": "https://overpass-api.de/api/interpreter",
        "retrieved_at": "2026-05-03T02:57:59.023Z",
        "provisional": true
      }
    },
    {
      "type": "Feature",
      "geometry": {
        "type": "Polygon",
        "coordinates": [
          [
            [
              -121.7766921,
              37.540208
            ],
            [
              -121.7767467,
              37.5402071
            ],
            [
              -121.7767453,
              37.540155
            ],
            [
              -121.7766908,
              37.5401558
            ],
            [
              -121.7766921,
              37.540208
            ]
          ]
        ]
      },
      "properties": {
        "building": "yes",
        "source_name": "OpenStreetMap Overpass",
        "source_url": "https://overpass-api.de/api/interpreter",
        "retrieved_at": "2026-05-03T02:57:59.023Z",
        "provisional": true
      }
    },
    {
      "type": "Feature",
      "geometry": {
        "type": "Polygon",
        "coordinates": [
          [
            [
              -121.7771816,
              37.5407673
            ],
            [
              -121.7772865,
              37.5407751
            ],
            [
              -121.7772972,
              37.5406847
            ],
            [
              -121.7771924,
              37.5406769
            ],
            [
              -121.7771816,
              37.5407673
            ]
          ]
        ]
      },
      "properties": {
        "building": "yes",
        "source_name": "OpenStreetMap Overpass",
        "source_url": "https://overpass-api.de/api/interpreter",
        "retrieved_at": "2026-05-03T02:57:59.023Z",
        "provisional": true
      }
    },
    {
      "type": "Feature",
      "geometry": {
        "type": "Polygon",
        "coordinates": [
          [
            [
              -121.8809233,
              37.5968785
            ],
            [
              -121.8808024,
              37.5968178
            ],
            [
              -121.8809482,
              37.5966356
            ],
            [
              -121.8810621,
              37.5966928
            ],
            [
              -121.8810702,
              37.5966948
            ],
            [
              -121.8809233,
              37.5968785
            ]
          ]
        ]
      },
      "properties": {
        "addr:housenumber": "11345",
        "addr:street": "Pleasanton Sunol Road",
        "building": "fire_station",
        "source_name": "OpenStreetMap Overpass",
        "source_url": "https://overpass-api.de/api/interpreter",
        "retrieved_at": "2026-05-03T02:57:59.023Z",
        "provisional": true
      }
    },
    {
      "type": "Feature",
      "geometry": {
        "type": "Polygon",
        "coordinates": [
          [
            [
              -121.8810621,
              37.5966928
            ],
            [
              -121.8811209,
              37.5966193
            ],
            [
              -121.8811124,
              37.5966151
            ],
            [
              -121.8812245,
              37.5964749
            ],
            [
              -121.8812336,
              37.5964795
            ],
            [
              -121.8812916,
              37.5964069
            ],
            [
              -121.8811365,
              37.596329
            ],
            [
              -121.8810992,
              37.5963756
            ],
            [
              -121.8811522,
              37.5964023
            ],
            [
              -121.8811109,
              37.596454
            ],
            [
              -121.881133,
              37.5964651
            ],
            [
              -121.8810326,
              37.5965906
            ],
            [
              -121.8809865,
              37.5965674
            ],
            [
              -121.8809366,
              37.5966298
            ],
            [
              -121.8809482,
              37.5966356
            ],
            [
              -121.8810621,
              37.5966928
            ]
          ]
        ]
      },
      "properties": {
        "addr:housenumber": "11345",
        "addr:street": "Pleasanton Sunol Road",
        "building": "fire_station",
        "source_name": "OpenStreetMap Overpass",
        "source_url": "https://overpass-api.de/api/interpreter",
        "retrieved_at": "2026-05-03T02:57:59.023Z",
        "provisional": true
      }
    },
    {
      "type": "Feature",
      "geometry": {
        "type": "Polygon",
        "coordinates": [
          [
            [
              -121.8815441,
              37.5966734
            ],
            [
              -121.8815368,
              37.5967003
            ],
            [
              -121.8813698,
              37.5966718
            ],
            [
              -121.8813554,
              37.5967247
            ],
            [
              -121.8815805,
              37.596763
            ],
            [
              -121.8816022,
              37.5966833
            ],
            [
              -121.8815441,
              37.5966734
            ]
          ]
        ]
      },
      "properties": {
        "building": "fire_station",
        "source_name": "OpenStreetMap Overpass",
        "source_url": "https://overpass-api.de/api/interpreter",
        "retrieved_at": "2026-05-03T02:57:59.023Z",
        "provisional": true
      }
    },
    {
      "type": "Feature",
      "geometry": {
        "type": "Polygon",
        "coordinates": [
          [
            [
              -121.7767103,
              37.5906266
            ],
            [
              -121.7765835,
              37.5904838
            ],
            [
              -121.7765072,
              37.5905263
            ],
            [
              -121.7766339,
              37.5906692
            ],
            [
              -121.7767103,
              37.5906266
            ]
          ]
        ]
      },
      "properties": {
        "addr:city": "Sunol",
        "addr:housenumber": "3330",
        "addr:postcode": "94586",
        "addr:state": "CA",
        "addr:street": "Vallecitos Lane",
        "building": "house",
        "source_name": "OpenStreetMap Overpass",
        "source_url": "https://overpass-api.de/api/interpreter",
        "retrieved_at": "2026-05-03T02:57:59.023Z",
        "provisional": true
      }
    },
    {
      "type": "Feature",
      "geometry": {
        "type": "Polygon",
        "coordinates": [
          [
            [
              -121.7752735,
              37.5927104
            ],
            [
              -121.7752633,
              37.5926481
            ],
            [
              -121.7751733,
              37.5926573
            ],
            [
              -121.7751835,
              37.5927196
            ],
            [
              -121.7752735,
              37.5927104
            ]
          ]
        ]
      },
      "properties": {
        "building": "yes",
        "source_name": "OpenStreetMap Overpass",
        "source_url": "https://overpass-api.de/api/interpreter",
        "retrieved_at": "2026-05-03T02:57:59.023Z",
        "provisional": true
      }
    },
    {
      "type": "Feature",
      "geometry": {
        "type": "Polygon",
        "coordinates": [
          [
            [
              -121.8767094,
              37.593892
            ],
            [
              -121.8767077,
              37.5938114
            ],
            [
              -121.8765281,
              37.5938137
            ],
            [
              -121.8765298,
              37.5938943
            ],
            [
              -121.8767094,
              37.593892
            ]
          ]
        ]
      },
      "properties": {
        "building": "yes",
        "source_name": "OpenStreetMap Overpass",
        "source_url": "https://overpass-api.de/api/interpreter",
        "retrieved_at": "2026-05-03T02:57:59.023Z",
        "provisional": true
      }
    }
  ]
}
