{
  "type": "FeatureCollection",
  "features": [
    {
      "type": "Feature",
      "geometry": {
        "type": "Polygon",
        "coordinates": [
          [
            [
              -121.885456,
              37.59679
            ],
            [
              -121.88433,
              37.597946
            ],
            [
              -121.884963,
              37.598363
            ],
            [
              -121.885274,
              37.598031
            ],
            [
              -121.8858,
              37.597521
            ],
            [
              -121.885789,
              37.597343
            ],
            [
              -121.885649,
              37.597318
            ],
            [
              -121.885864,
              37.597062
            ],
            [
              -121.885456,
              37.59679
            ]
          ]
        ]
      },
      "properties": {
        "osm_type": "way",
        "osm_id": 79293254,
        "osm_crop": "grape",
        "osm_landuse": "vineyard",
        "osm_source": "Yahoo",
        "layer_id": "osm_vegetation_landcover",
        "source_name": "OpenStreetMap via Overpass API",
        "source_url": "https://overpass.private.coffee/api/interpreter",
        "retrieved_at": "2026-05-03T04:15:44.993Z",
        "provisional": true
      }
    },
    {
      "type": "Feature",
      "geometry": {
        "type": "Polygon",
        "coordinates": [
          [
            [
              -121.884254,
              37.598082
            ],
            [
              -121.884018,
              37.598261
            ],
            [
              -121.88374,
              37.598363
            ],
            [
              -121.883622,
              37.598644
            ],
            [
              -121.883729,
              37.599647
            ],
            [
              -121.883997,
              37.599383
            ],
            [
              -121.884373,
              37.599511
            ],
            [
              -121.884555,
              37.599239
            ],
            [
              -121.884737,
              37.598941
            ],
            [
              -121.884866,
              37.598831
            ],
            [
              -121.88493,
              37.598508
            ],
            [
              -121.884254,
              37.598082
            ]
          ]
        ]
      },
      "properties": {
        "osm_type": "way",
        "osm_id": 79293255,
        "osm_crop": "grape",
        "osm_landuse": "vineyard",
        "osm_source": "Yahoo",
        "layer_id": "osm_vegetation_landcover",
        "source_name": "OpenStreetMap via Overpass API",
        "source_url": "https://overpass.private.coffee/api/interpreter",
        "retrieved_at": "2026-05-03T04:15:44.993Z",
        "provisional": true
      }
    },
    {
      "type": "Feature",
      "geometry": {
        "type": "Polygon",
        "coordinates": [
          [
            [
              -121.74481,
              37.568773
            ],
            [
              -121.743674,
              37.568009
            ],
            [
              -121.743561,
              37.567875
            ],
            [
              -121.743559,
              37.567154
            ],
            [
              -121.743954,
              37.566838
            ],
            [
              -121.744349,
              37.566745
            ],
            [
              -121.745936,
              37.567147
            ],
            [
              -121.746672,
              37.567011
            ],
            [
              -121.746841,
              37.566785
            ],
            [
              -121.746953,
              37.566379
            ],
            [
              -121.746667,
              37.565659
            ],
            [
              -121.746269,
              37.565118
            ],
            [
              -121.745247,
              37.56431
            ],
            [
              -121.743657,
              37.563097
            ],
            [
              -121.742691,
              37.562153
            ],
            [
              -121.741896,
              37.561478
            ],
            [
              -121.741213,
              37.560578
            ],
            [
              -121.740646,
              37.560219
            ],
            [
              -121.739286,
              37.559816
            ],
            [
              -121.737812,
              37.559415
            ],
            [
              -121.735999,
              37.559058
            ],
            [
              -121.734696,
              37.558882
            ],
            [
              -121.734129,
              37.558612
            ],
            [
              -121.733561,
              37.558252
            ],
            [
              -121.731067,
              37.557313
            ],
            [
              -121.72931,
              37.55655
            ],
            [
              -121.727836,
              37.556012
            ],
            [
              -121.726701,
              37.55552
            ],
            [
              -121.726304,
              37.555159
            ],
            [
              -121.726359,
              37.554619
            ],
            [
              -121.726754,
              37.554346
            ],
            [
              -121.727886,
              37.554074
            ],
            [
              -121.730319,
              37.553709
            ],
            [
              -121.731055,
              37.553705
            ],
            [
              -121.73264,
              37.553882
            ],
            [
              -121.735017,
              37.553788
            ],
            [
              -121.738133,
              37.554187
            ],
            [
              -121.739381,
              37.55477
            ],
            [
              -121.740289,
              37.555352
            ],
            [
              -121.743748,
              37.557014
            ],
            [
              -121.746186,
              37.557909
            ],
            [
              -121.748623,
              37.558715
            ],
            [
              -121.749419,
              37.559433
            ],
            [
              -121.75067,
              37.561053
            ],
            [
              -121.751523,
              37.561997
            ],
            [
              -121.752148,
              37.562581
            ],
            [
              -121.753001,
              37.56348
            ],
            [
              -121.754137,
              37.56447
            ],
            [
              -121.754648,
              37.564784
            ],
            [
              -121.7555,
              37.565593
            ],
            [
              -121.755671,
              37.565908
            ],
            [
              -121.755841,
              37.566042
            ],
            [
              -121.755899,
              37.566268
            ],
            [
              -121.75607,
              37.566493
            ],
            [
              -121.756242,
              37.567259
            ],
            [
              -121.75619,
              37.56852
            ],
            [
              -121.756022,
              37.568836
            ],
            [
              -121.755796,
              37.569154
            ],
            [
              -121.755344,
              37.569288
            ],
            [
              -121.754551,
              37.569246
            ],
            [
              -121.753531,
              37.568934
            ],
            [
              -121.752963,
              37.568619
            ],
            [
              -121.752283,
              37.568441
            ],
            [
              -121.749283,
              37.568627
            ],
            [
              -121.748265,
              37.569216
            ],
            [
              -121.747137,
              37.570164
            ],
            [
              -121.746515,
              37.570436
            ],
            [
              -121.745892,
              37.570439
            ],
            [
              -121.745438,
              37.570168
            ],
            [
              -121.745153,
              37.569539
            ],
            [
              -121.745095,
              37.569268
            ],
            [
              -121.74481,
              37.568773
            ]
          ]
        ]
      },
      "properties": {
        "osm_type": "way",
        "osm_id": 114224231,
        "osm_FMMP_modified": "no",
        "osm_FMMP_reviewed": "no",
        "osm_acres": "409.072909719",
        "osm_addr:county": "Alameda",
        "osm_attribution": "Farmland Mapping and Monitoring Program",
        "osm_description": "other land",
        "osm_natural": "scrub",
        "osm_source": "http://www.consrv.ca.gov/dlrp/fmmp/products/Pages/DownloadGISdata.aspx",
        "layer_id": "osm_vegetation_landcover",
        "source_name": "OpenStreetMap via Overpass API",
        "source_url": "https://overpass.private.coffee/api/interpreter",
        "retrieved_at": "2026-05-03T04:15:44.993Z",
        "provisional": true
      }
    },
    {
      "type": "Feature",
      "geometry": {
        "type": "Polygon",
        "coordinates": [
          [
            [
              -121.889781,
              37.599901
            ],
            [
              -121.889073,
              37.599944
            ],
            [
              -121.888901,
              37.600292
            ],
            [
              -121.888869,
              37.600989
            ],
            [
              -121.888504,
              37.601406
            ],
            [
              -121.88815,
              37.601678
            ],
            [
              -121.887742,
              37.60189
            ],
            [
              -121.88742,
              37.602307
            ],
            [
              -121.887206,
              37.602791
            ],
            [
              -121.887485,
              37.602876
            ],
            [
              -121.888107,
              37.60263
            ],
            [
              -121.888901,
              37.60189
            ],
            [
              -121.889244,
              37.601678
            ],
            [
              -121.889534,
              37.601533
            ],
            [
              -121.889384,
              37.601202
            ],
            [
              -121.889566,
              37.600904
            ],
            [
              -121.889813,
              37.600743
            ],
            [
              -121.889867,
              37.600318
            ],
            [
              -121.889781,
              37.599901
            ]
          ]
        ]
      },
      "properties": {
        "osm_type": "way",
        "osm_id": 741293666,
        "osm_natural": "wood",
        "layer_id": "osm_vegetation_landcover",
        "source_name": "OpenStreetMap via Overpass API",
        "source_url": "https://overpass.private.coffee/api/interpreter",
        "retrieved_at": "2026-05-03T04:15:44.993Z",
        "provisional": true
      }
    },
    {
      "type": "Feature",
      "geometry": {
        "type": "Polygon",
        "coordinates": [
          [
            [
              -121.935893,
              37.649935
            ],
            [
              -121.937106,
              37.649195
            ],
            [
              -121.938457,
              37.648805
            ],
            [
              -121.939176,
              37.648286
            ],
            [
              -121.939552,
              37.648261
            ],
            [
              -121.940861,
              37.64793
            ],
            [
              -121.940872,
              37.647692
            ],
            [
              -121.941193,
              37.647692
            ],
            [
              -121.941472,
              37.647751
            ],
            [
              -121.942406,
              37.647344
            ],
            [
              -121.942846,
              37.646919
            ],
            [
              -121.942148,
              37.645848
            ],
            [
              -121.941429,
              37.6455
            ],
            [
              -121.940936,
              37.644566
            ],
            [
              -121.940174,
              37.644022
            ],
            [
              -121.939702,
              37.644081
            ],
            [
              -121.939251,
              37.643878
            ],
            [
              -121.938897,
              37.643436
            ],
            [
              -121.938146,
              37.643359
            ],
            [
              -121.938575,
              37.642527
            ],
            [
              -121.937749,
              37.641958
            ],
            [
              -121.938275,
              37.641295
            ],
            [
              -121.93864,
              37.640904
            ],
            [
              -121.938146,
              37.640343
            ],
            [
              -121.937835,
              37.639936
            ],
            [
              -121.937149,
              37.639808
            ],
            [
              -121.936601,
              37.63997
            ],
            [
              -121.936022,
              37.639579
            ],
            [
              -121.934842,
              37.638508
            ],
            [
              -121.934037,
              37.637047
            ],
            [
              -121.933533,
              37.636129
            ],
            [
              -121.932814,
              37.634948
            ],
            [
              -121.932256,
              37.634371
            ],
            [
              -121.932095,
              37.633742
            ],
            [
              -121.931452,
              37.63319
            ],
            [
              -121.930829,
              37.633003
            ],
            [
              -121.930593,
              37.632799
            ],
            [
              -121.930701,
              37.632433
            ],
            [
              -121.931012,
              37.63172
            ],
            [
              -121.931022,
              37.631252
            ],
            [
              -121.930947,
              37.630964
            ],
            [
              -121.929649,
              37.630369
            ],
            [
              -121.929113,
              37.630428
            ],
            [
              -121.929295,
              37.631006
            ],
            [
              -121.92878,
              37.631252
            ],
            [
              -121.928319,
              37.630989
            ],
            [
              -121.928405,
              37.630462
            ],
            [
              -121.928297,
              37.629663
            ],
            [
              -121.928297,
              37.629196
            ],
            [
              -121.927332,
              37.62878
            ],
            [
              -121.926881,
              37.627879
            ],
            [
              -121.92598,
              37.626995
            ],
            [
              -121.924993,
              37.626689
            ],
            [
              -121.924896,
              37.626367
            ],
            [
              -121.925529,
              37.626052
            ],
            [
              -121.925497,
              37.625457
            ],
            [
              -121.925604,
              37.625007
            ],
            [
              -121.925347,
              37.624506
            ],
            [
              -121.925154,
              37.623919
            ],
            [
              -121.924188,
              37.623902
            ],
            [
              -121.922858,
              37.624336
            ],
            [
              -121.922235,
              37.624395
            ],
            [
              -121.921603,
              37.624319
            ],
            [
              -121.921978,
              37.623656
            ],
            [
              -121.922171,
              37.62307
            ],
            [
              -121.922117,
              37.622687
            ],
            [
              -121.922633,
              37.622483
            ],
            [
              -121.923201,
              37.622245
            ],
            [
              -121.923019,
              37.621532
            ],
            [
              -121.922831,
              37.621036
            ],
            [
              -121.922729,
              37.620767
            ],
            [
              -121.921817,
              37.620546
            ],
            [
              -121.921055,
              37.621005
            ],
            [
              -121.92098,
              37.621489
            ],
            [
              -121.920176,
              37.621557
            ],
            [
              -121.919028,
              37.621039
            ],
            [
              -121.917901,
              37.620928
            ],
            [
              -121.917365,
              37.62069
            ],
            [
              -121.918856,
              37.620342
            ],
            [
              -121.919446,
              37.620044
            ],
            [
              -121.920562,
              37.620291
            ],
            [
              -121.921034,
              37.620163
            ],
            [
              -121.920251,
              37.619373
            ],
            [
              -121.919832,
              37.618209
            ],
            [
              -121.919693,
              37.617588
            ],
            [
              -121.919414,
              37.61707
            ],
            [
              -121.91847,
              37.616849
            ],
            [
              -121.917472,
              37.616305
            ],
            [
              -121.916871,
              37.616399
            ],
            [
              -121.916506,
              37.61735
            ],
            [
              -121.915916,
              37.617699
            ],
            [
              -121.915498,
              37.61775
            ],
            [
              -121.91391,
              37.61826
            ],
            [
              -121.91288,
              37.618948
            ],
            [
              -121.91185,
              37.619169
            ],
            [
              -121.910949,
              37.618787
            ],
            [
              -121.911335,
              37.618166
            ],
            [
              -121.913481,
              37.617648
            ],
            [
              -121.914951,
              37.617095
            ],
            [
              -121.915433,
              37.616237
            ],
            [
              -121.915423,
              37.615863
            ],
            [
              -121.916324,
              37.615294
            ],
            [
              -121.916206,
              37.615081
            ],
            [
              -121.915154,
              37.614843
            ],
            [
              -121.913127,
              37.615795
            ],
            [
              -121.911378,
              37.616271
            ],
            [
              -121.910423,
              37.616518
            ],
            [
              -121.908728,
              37.617087
            ],
            [
              -121.907998,
              37.616679
            ],
            [
              -121.908256,
              37.616246
            ],
            [
              -121.910026,
              37.615889
            ],
            [
              -121.912397,
              37.615166
            ],
            [
              -121.913792,
              37.614945
            ],
            [
              -121.91421,
              37.614784
            ],
            [
              -121.914768,
              37.61435
            ],
            [
              -121.913974,
              37.613645
            ],
            [
              -121.913449,
              37.613195
            ],
            [
              -121.912805,
              37.613263
            ],
            [
              -121.912097,
              37.613687
            ],
            [
              -121.912236,
              37.613093
            ],
            [
              -121.911796,
              37.612591
            ],
            [
              -121.910573,
              37.612999
            ],
            [
              -121.909715,
              37.613084
            ],
            [
              -121.908728,
              37.612982
            ],
            [
              -121.907945,
              37.612634
            ],
            [
              -121.906958,
              37.612277
            ],
            [
              -121.906518,
              37.611571
            ],
            [
              -121.90596,
              37.610874
            ],
            [
              -121.90537,
              37.610449
            ],
            [
              -121.905102,
              37.609752
            ],
            [
              -121.90434,
              37.609336
            ],
            [
              -121.903664,
              37.609209
            ],
            [
              -121.902055,
              37.609846
            ],
            [
              -121.901507,
              37.610126
            ],
            [
              -121.900359,
              37.610041
            ],
            [
              -121.899222,
              37.609769
            ],
            [
              -121.898707,
              37.609651
            ],
            [
              -121.897785,
              37.609871
            ],
            [
              -121.897259,
              37.609285
            ],
            [
              -121.897731,
              37.608928
            ],
            [
              -121.899093,
              37.608885
            ],
            [
              -121.900724,
              37.609115
            ],
            [
              -121.902065,
              37.609047
            ],
            [
              -121.90272,
              37.608945
            ],
            [
              -121.904383,
              37.608707
            ],
            [
              -121.904962,
              37.608027
            ],
            [
              -121.903728,
              37.607594
            ],
            [
              -121.902462,
              37.607271
            ],
            [
              -121.901207,
              37.607611
            ],
            [
              -121.900864,
              37.607602
            ],
            [
              -121.901733,
              37.606871
            ],
            [
              -121.902398,
              37.60671
            ],
            [
              -121.902602,
              37.606293
            ],
            [
              -121.901325,
              37.605911
            ],
            [
              -121.900317,
              37.606157
            ],
            [
              -121.900123,
              37.605503
            ],
            [
              -121.899587,
              37.60495
            ],
            [
              -121.898525,
              37.604389
            ],
            [
              -121.897785,
              37.604007
            ],
            [
              -121.898299,
              37.604075
            ],
            [
              -121.89963,
              37.60427
            ],
            [
              -121.900671,
              37.604194
            ],
            [
              -121.900327,
              37.603888
            ],
            [
              -121.899812,
              37.603803
            ],
            [
              -121.898503,
              37.603429
            ],
            [
              -121.897795,
              37.603225
            ],
            [
              -121.897205,
              37.602749
            ],
            [
              -121.896282,
              37.602851
            ],
            [
              -121.895231,
              37.60263
            ],
            [
              -121.894845,
              37.60246
            ],
            [
              -121.894512,
              37.601788
            ],
            [
              -121.894201,
              37.600989
            ],
            [
              -121.895231,
              37.601822
            ],
            [
              -121.895692,
              37.601933
            ],
            [
              -121.896036,
              37.601406
            ],
            [
              -121.896272,
              37.600641
            ],
            [
              -121.895606,
              37.600284
            ],
            [
              -121.8958,
              37.599799
            ],
            [
              -121.895617,
              37.599332
            ],
            [
              -121.895306,
              37.599612
            ],
            [
              -121.894727,
              37.599221
            ],
            [
              -121.893954,
              37.599655
            ],
            [
              -121.893192,
              37.599765
            ],
            [
              -121.892645,
              37.599102
            ],
            [
              -121.89198,
              37.599051
            ],
            [
              -121.891782,
              37.599623
            ],
            [
              -121.891615,
              37.599735
            ],
            [
              -121.89183,
              37.599882
            ],
            [
              -121.892028,
              37.600033
            ],
            [
              -121.89213,
              37.600462
            ],
            [
              -121.892098,
              37.600668
            ],
            [
              -121.891921,
              37.600947
            ],
            [
              -121.891932,
              37.601072
            ],
            [
              -121.892088,
              37.601338
            ],
            [
              -121.892173,
              37.60155
            ],
            [
              -121.892256,
              37.601722
            ],
            [
              -121.89245,
              37.602007
            ],
            [
              -121.892667,
              37.602358
            ],
            [
              -121.892517,
              37.603048
            ],
            [
              -121.892361,
              37.603325
            ],
            [
              -121.891948,
              37.603439
            ],
            [
              -121.891908,
              37.603773
            ],
            [
              -121.891961,
              37.604077
            ],
            [
              -121.892168,
              37.60433
            ],
            [
              -121.89264,
              37.604213
            ],
            [
              -121.893088,
              37.604221
            ],
            [
              -121.893488,
              37.604155
            ],
            [
              -121.894319,
              37.604032
            ],
            [
              -121.894839,
              37.603786
            ],
            [
              -121.895167,
              37.604143
            ],
            [
              -121.894373,
              37.604568
            ],
            [
              -121.893579,
              37.604797
            ],
            [
              -121.893439,
              37.605282
            ],
            [
              -121.894019,
              37.605732
            ],
            [
              -121.89434,
              37.606106
            ],
            [
              -121.894555,
              37.606506
            ],
            [
              -121.894834,
              37.606956
            ],
            [
              -121.895177,
              37.607347
            ],
            [
              -121.895328,
              37.607691
            ],
            [
              -121.895762,
              37.607946
            ],
            [
              -121.896073,
              37.608172
            ],
            [
              -121.895778,
              37.608384
            ],
            [
              -121.89566,
              37.608648
            ],
            [
              -121.895805,
              37.608907
            ],
            [
              -121.895928,
              37.609289
            ],
            [
              -121.896234,
              37.609604
            ],
            [
              -121.896513,
              37.609816
            ],
            [
              -121.896846,
              37.610207
            ],
            [
              -121.897302,
              37.610228
            ],
            [
              -121.897543,
              37.610479
            ],
            [
              -121.89787,
              37.610802
            ],
            [
              -121.898176,
              37.611032
            ],
            [
              -121.89801,
              37.611474
            ],
            [
              -121.89809,
              37.611826
            ],
            [
              -121.897967,
              37.612141
            ],
            [
              -121.897447,
              37.612379
            ],
            [
              -121.89698,
              37.612668
            ],
            [
              -121.897634,
              37.612782
            ],
            [
              -121.897999,
              37.61302
            ],
            [
              -121.898294,
              37.613229
            ],
            [
              -121.898525,
              37.613433
            ],
            [
              -121.898557,
              37.613747
            ],
            [
              -121.897623,
              37.613832
            ],
            [
              -121.897023,
              37.614257
            ],
            [
              -121.896626,
              37.614622
            ],
            [
              -121.89669,
              37.61492
            ],
            [
              -121.897291,
              37.615549
            ],
            [
              -121.897559,
              37.616237
            ],
            [
              -121.897548,
              37.61667
            ],
            [
              -121.897935,
              37.616943
            ],
            [
              -121.898053,
              37.616118
            ],
            [
              -121.898192,
              37.615574
            ],
            [
              -121.898417,
              37.615328
            ],
            [
              -121.898868,
              37.615753
            ],
            [
              -121.89963,
              37.615685
            ],
            [
              -121.898922,
              37.616161
            ],
            [
              -121.899126,
              37.616501
            ],
            [
              -121.90007,
              37.615804
            ],
            [
              -121.900381,
              37.615268
            ],
            [
              -121.901046,
              37.615124
            ],
            [
              -121.901325,
              37.615204
            ],
            [
              -121.901615,
              37.615392
            ],
            [
              -121.901196,
              37.615685
            ],
            [
              -121.901303,
              37.615991
            ],
            [
              -121.901604,
              37.61628
            ],
            [
              -121.901851,
              37.616292
            ],
            [
              -121.901877,
              37.616619
            ],
            [
              -121.901883,
              37.617027
            ],
            [
              -121.901631,
              37.617163
            ],
            [
              -121.901084,
              37.617423
            ],
            [
              -121.901137,
              37.617682
            ],
            [
              -121.90132,
              37.617805
            ],
            [
              -121.901872,
              37.617903
            ],
            [
              -121.902527,
              37.618374
            ],
            [
              -121.902419,
              37.618663
            ],
            [
              -121.902307,
              37.619165
            ],
            [
              -121.90199,
              37.619428
            ],
            [
              -121.901963,
              37.619564
            ],
            [
              -121.901411,
              37.619917
            ],
            [
              -121.901014,
              37.620189
            ],
            [
              -121.900917,
              37.620886
            ],
            [
              -121.901937,
              37.620962
            ],
            [
              -121.902291,
              37.621192
            ],
            [
              -121.903192,
              37.620979
            ],
            [
              -121.903224,
              37.621285
            ],
            [
              -121.903846,
              37.620588
            ],
            [
              -121.904522,
              37.620546
            ],
            [
              -121.9042,
              37.62126
            ],
            [
              -121.904275,
              37.621718
            ],
            [
              -121.90479,
              37.62205
            ],
            [
              -121.905413,
              37.622594
            ],
            [
              -121.905638,
              37.62307
            ],
            [
              -121.905885,
              37.623299
            ],
            [
              -121.905949,
              37.623656
            ],
            [
              -121.906411,
              37.624013
            ],
            [
              -121.905241,
              37.624089
            ],
            [
              -121.904554,
              37.624302
            ],
            [
              -121.903937,
              37.62445
            ],
            [
              -121.90419,
              37.625152
            ],
            [
              -121.904892,
              37.624756
            ],
            [
              -121.905145,
              37.624939
            ],
            [
              -121.904651,
              37.625542
            ],
            [
              -121.905042,
              37.62598
            ],
            [
              -121.905702,
              37.626239
            ],
            [
              -121.905955,
              37.626549
            ],
            [
              -121.906834,
              37.626876
            ],
            [
              -121.907247,
              37.626906
            ],
            [
              -121.907612,
              37.627123
            ],
            [
              -121.907912,
              37.627709
            ],
            [
              -121.906443,
              37.62793
            ],
            [
              -121.906035,
              37.628143
            ],
            [
              -121.906528,
              37.628414
            ],
            [
              -121.906813,
              37.628414
            ],
            [
              -121.906459,
              37.628899
            ],
            [
              -121.906003,
              37.629256
            ],
            [
              -121.905997,
              37.629481
            ],
            [
              -121.906657,
              37.628967
            ],
            [
              -121.906952,
              37.628593
            ],
            [
              -121.907387,
              37.628368
            ],
            [
              -121.907387,
              37.628194
            ],
            [
              -121.908213,
              37.627743
            ],
            [
              -121.908749,
              37.627862
            ],
            [
              -121.908996,
              37.628185
            ],
            [
              -121.909372,
              37.628644
            ],
            [
              -121.908642,
              37.629094
            ],
            [
              -121.90825,
              37.629175
            ],
            [
              -121.907934,
              37.629523
            ],
            [
              -121.908095,
              37.629923
            ],
            [
              -121.907344,
              37.630088
            ],
            [
              -121.906818,
              37.63042
            ],
            [
              -121.907129,
              37.630556
            ],
            [
              -121.908288,
              37.630122
            ],
            [
              -121.908588,
              37.630292
            ],
            [
              -121.907891,
              37.630615
            ],
            [
              -121.908664,
              37.630624
            ],
            [
              -121.909447,
              37.631031
            ],
            [
              -121.909576,
              37.631142
            ],
            [
              -121.909661,
              37.63149
            ],
            [
              -121.909608,
              37.631796
            ],
            [
              -121.909554,
              37.63217
            ],
            [
              -121.909479,
              37.632782
            ],
            [
              -121.90993,
              37.633105
            ],
            [
              -121.910466,
              37.632909
            ],
            [
              -121.910659,
              37.632748
            ],
            [
              -121.910981,
              37.63313
            ],
            [
              -121.91068,
              37.63353
            ],
            [
              -121.910863,
              37.63392
            ],
            [
              -121.911196,
              37.634141
            ],
            [
              -121.911517,
              37.633691
            ],
            [
              -121.912054,
              37.633852
            ],
            [
              -121.911517,
              37.634277
            ],
            [
              -121.911914,
              37.634634
            ],
            [
              -121.912504,
              37.634982
            ],
            [
              -121.913127,
              37.635458
            ],
            [
              -121.912108,
              37.635586
            ],
            [
              -121.912279,
              37.636027
            ],
            [
              -121.912837,
              37.636095
            ],
            [
              -121.913309,
              37.63601
            ],
            [
              -121.913481,
              37.636367
            ],
            [
              -121.91317,
              37.636767
            ],
            [
              -121.913191,
              37.637115
            ],
            [
              -121.913202,
              37.637208
            ],
            [
              -121.913556,
              37.637659
            ],
            [
              -121.913652,
              37.636945
            ],
            [
              -121.913835,
              37.636486
            ],
            [
              -121.914328,
              37.636724
            ],
            [
              -121.914189,
              37.637582
            ],
            [
              -121.914361,
              37.638372
            ],
            [
              -121.915315,
              37.638857
            ],
            [
              -121.915927,
              37.639426
            ],
            [
              -121.915908,
              37.639744
            ],
            [
              -121.915948,
              37.640575
            ],
            [
              -121.915449,
              37.641348
            ],
            [
              -121.915838,
              37.64169
            ],
            [
              -121.91604,
              37.641707
            ],
            [
              -121.916761,
              37.641679
            ],
            [
              -121.916689,
              37.642009
            ],
            [
              -121.916109,
              37.642204
            ],
            [
              -121.916211,
              37.642497
            ],
            [
              -121.916581,
              37.643389
            ],
            [
              -121.917013,
              37.644109
            ],
            [
              -121.91763,
              37.645018
            ],
            [
              -121.918024,
              37.644956
            ],
            [
              -121.918384,
              37.645084
            ],
            [
              -121.918673,
              37.645317
            ],
            [
              -121.919022,
              37.64519
            ],
            [
              -121.919189,
              37.64502
            ],
            [
              -121.919585,
              37.645071
            ],
            [
              -121.920326,
              37.644821
            ],
            [
              -121.920487,
              37.644544
            ],
            [
              -121.920723,
              37.644005
            ],
            [
              -121.921189,
              37.64398
            ],
            [
              -121.921603,
              37.64395
            ],
            [
              -121.922225,
              37.643576
            ],
            [
              -121.922429,
              37.643245
            ],
            [
              -121.922563,
              37.642582
            ],
            [
              -121.923051,
              37.642675
            ],
            [
              -121.923743,
              37.642081
            ],
            [
              -121.923952,
              37.642136
            ],
            [
              -121.924016,
              37.642527
            ],
            [
              -121.923158,
              37.643134
            ],
            [
              -121.922847,
              37.643572
            ],
            [
              -121.922482,
              37.643674
            ],
            [
              -121.921715,
              37.644162
            ],
            [
              -121.921543,
              37.644294
            ],
            [
              -121.920857,
              37.644111
            ],
            [
              -121.920648,
              37.644731
            ],
            [
              -121.920975,
              37.644922
            ],
            [
              -121.920631,
              37.645058
            ],
            [
              -121.920642,
              37.645538
            ],
            [
              -121.919897,
              37.646001
            ],
            [
              -121.919618,
              37.646503
            ],
            [
              -121.919703,
              37.647021
            ],
            [
              -121.920154,
              37.64646
            ],
            [
              -121.92068,
              37.64612
            ],
            [
              -121.921506,
              37.645984
            ],
            [
              -121.922021,
              37.646163
            ],
            [
              -121.922788,
              37.646632
            ],
            [
              -121.923523,
              37.646267
            ],
            [
              -121.923662,
              37.645848
            ],
            [
              -121.924161,
              37.645606
            ],
            [
              -121.924459,
              37.645666
            ],
            [
              -121.9247,
              37.645483
            ],
            [
              -121.924768,
              37.645118
            ],
            [
              -121.925038,
              37.645307
            ],
            [
              -121.925309,
              37.645207
            ],
            [
              -121.925433,
              37.644676
            ],
            [
              -121.925164,
              37.643963
            ],
            [
              -121.926012,
              37.643793
            ],
            [
              -121.92672,
              37.644073
            ],
            [
              -121.927037,
              37.644211
            ],
            [
              -121.927219,
              37.644253
            ],
            [
              -121.927584,
              37.64402
            ],
            [
              -121.927664,
              37.644232
            ],
            [
              -121.928048,
              37.644379
            ],
            [
              -121.927654,
              37.644496
            ],
            [
              -121.927208,
              37.644498
            ],
            [
              -121.926975,
              37.644315
            ],
            [
              -121.926747,
              37.64419
            ],
            [
              -121.926535,
              37.644249
            ],
            [
              -121.926388,
              37.644098
            ],
            [
              -121.926119,
              37.644101
            ],
            [
              -121.926058,
              37.644183
            ],
            [
              -121.926052,
              37.64443
            ],
            [
              -121.926291,
              37.644491
            ],
            [
              -121.92617,
              37.644666
            ],
            [
              -121.926328,
              37.644897
            ],
            [
              -121.926538,
              37.644889
            ],
            [
              -121.926575,
              37.645086
            ],
            [
              -121.926449,
              37.645165
            ],
            [
              -121.926176,
              37.645018
            ],
            [
              -121.925881,
              37.645179
            ],
            [
              -121.925564,
              37.6453
            ],
            [
              -121.925226,
              37.645723
            ],
            [
              -121.924985,
              37.64601
            ],
            [
              -121.924542,
              37.64611
            ],
            [
              -121.924097,
              37.646303
            ],
            [
              -121.923944,
              37.646515
            ],
            [
              -121.923558,
              37.64633
            ],
            [
              -121.922836,
              37.646668
            ],
            [
              -121.923003,
              37.646919
            ],
            [
              -121.923024,
              37.647135
            ],
            [
              -121.922611,
              37.647411
            ],
            [
              -121.922171,
              37.64787
            ],
            [
              -121.921581,
              37.648286
            ],
            [
              -121.920712,
              37.647403
            ],
            [
              -121.919972,
              37.647649
            ],
            [
              -121.919435,
              37.647964
            ],
            [
              -121.919746,
              37.648847
            ],
            [
              -121.920176,
              37.649153
            ],
            [
              -121.921463,
              37.649442
            ],
            [
              -121.92216,
              37.649467
            ],
            [
              -121.922847,
              37.649425
            ],
            [
              -121.922954,
              37.650113
            ],
            [
              -121.922064,
              37.650355
            ],
            [
              -121.921404,
              37.650389
            ],
            [
              -121.92105,
              37.650436
            ],
            [
              -121.92083,
              37.650529
            ],
            [
              -121.920996,
              37.650835
            ],
            [
              -121.921377,
              37.650809
            ],
            [
              -121.921956,
              37.650835
            ],
            [
              -121.922091,
              37.651153
            ],
            [
              -121.922305,
              37.651502
            ],
            [
              -121.922235,
              37.651756
            ],
            [
              -121.922112,
              37.652033
            ],
            [
              -121.922235,
              37.652347
            ],
            [
              -121.922536,
              37.652508
            ],
            [
              -121.92253,
              37.652657
            ],
            [
              -121.922573,
              37.652746
            ],
            [
              -121.923223,
              37.652372
            ],
            [
              -121.923566,
              37.651786
            ],
            [
              -121.924188,
              37.651395
            ],
            [
              -121.92451,
              37.651353
            ],
            [
              -121.924853,
              37.651803
            ],
            [
              -121.925712,
              37.651744
            ],
            [
              -121.925958,
              37.651599
            ],
            [
              -121.925594,
              37.651158
            ],
            [
              -121.926023,
              37.650962
            ],
            [
              -121.926548,
              37.650886
            ],
            [
              -121.926784,
              37.650656
            ],
            [
              -121.92716,
              37.650495
            ],
            [
              -121.928083,
              37.650521
            ],
            [
              -121.928405,
              37.649994
            ],
            [
              -121.92849,
              37.649484
            ],
            [
              -121.92789,
              37.649306
            ],
            [
              -121.928136,
              37.64889
            ],
            [
              -121.928587,
              37.648966
            ],
            [
              -121.928158,
              37.648465
            ],
            [
              -121.927654,
              37.647921
            ],
            [
              -121.927814,
              37.647564
            ],
            [
              -121.927814,
              37.647106
            ],
            [
              -121.927664,
              37.646961
            ],
            [
              -121.927965,
              37.646885
            ],
            [
              -121.927782,
              37.646469
            ],
            [
              -121.927841,
              37.646248
            ],
            [
              -121.928464,
              37.646214
            ],
            [
              -121.928957,
              37.646367
            ],
            [
              -121.92892,
              37.646592
            ],
            [
              -121.928764,
              37.646961
            ],
            [
              -121.928619,
              37.647254
            ],
            [
              -121.928372,
              37.647522
            ],
            [
              -121.928469,
              37.647662
            ],
            [
              -121.928946,
              37.647632
            ],
            [
              -121.929258,
              37.647335
            ],
            [
              -121.929429,
              37.647144
            ],
            [
              -121.929746,
              37.646919
            ],
            [
              -121.930052,
              37.646881
            ],
            [
              -121.930078,
              37.647157
            ],
            [
              -121.929789,
              37.64756
            ],
            [
              -121.930271,
              37.647777
            ],
            [
              -121.93033,
              37.648108
            ],
            [
              -121.93025,
              37.648635
            ],
            [
              -121.930008,
              37.648936
            ],
            [
              -121.929467,
              37.649178
            ],
            [
              -121.929129,
              37.64934
            ],
            [
              -121.929188,
              37.64948
            ],
            [
              -121.929596,
              37.649476
            ],
            [
              -121.929638,
              37.649654
            ],
            [
              -121.929456,
              37.650032
            ],
            [
              -121.929633,
              37.65007
            ],
            [
              -121.930116,
              37.649633
            ],
            [
              -121.930545,
              37.649361
            ],
            [
              -121.930835,
              37.649157
            ],
            [
              -121.93114,
              37.64858
            ],
            [
              -121.931441,
              37.648388
            ],
            [
              -121.931714,
              37.648618
            ],
            [
              -121.931323,
              37.649161
            ],
            [
              -121.930985,
              37.649476
            ],
            [
              -121.931092,
              37.649675
            ],
            [
              -121.931586,
              37.649365
            ],
            [
              -121.931983,
              37.649166
            ],
            [
              -121.932203,
              37.649076
            ],
            [
              -121.93268,
              37.649089
            ],
            [
              -121.932793,
              37.648966
            ],
            [
              -121.933265,
              37.649183
            ],
            [
              -121.932954,
              37.649459
            ],
            [
              -121.932648,
              37.649557
            ],
            [
              -121.93202,
              37.650062
            ],
            [
              -121.932519,
              37.650325
            ],
            [
              -121.932911,
              37.65024
            ],
            [
              -121.933672,
              37.649939
            ],
            [
              -121.933989,
              37.650223
            ],
            [
              -121.934037,
              37.650618
            ],
            [
              -121.934128,
              37.650988
            ],
            [
              -121.934622,
              37.651234
            ],
            [
              -121.935309,
              37.651103
            ],
            [
              -121.935689,
              37.651107
            ],
            [
              -121.935743,
              37.651302
            ],
            [
              -121.93592,
              37.651782
            ],
            [
              -121.936183,
              37.651969
            ],
            [
              -121.936596,
              37.651803
            ],
            [
              -121.936242,
              37.6514
            ],
            [
              -121.936323,
              37.651247
            ],
            [
              -121.936049,
              37.650894
            ],
            [
              -121.935942,
              37.650495
            ],
            [
              -121.935893,
              37.649935
            ]
          ]
        ]
      },
      "properties": {
        "osm_type": "way",
        "osm_id": 741293671,
        "osm_natural": "wood",
        "layer_id": "osm_vegetation_landcover",
        "source_name": "OpenStreetMap via Overpass API",
        "source_url": "https://overpass.private.coffee/api/interpreter",
        "retrieved_at": "2026-05-03T04:15:44.993Z",
        "provisional": true
      }
    },
    {
      "type": "Feature",
      "geometry": {
        "type": "Polygon",
        "coordinates": [
          [
            [
              -121.905949,
              37.592701
            ],
            [
              -121.905263,
              37.592369
            ],
            [
              -121.904093,
              37.592369
            ],
            [
              -121.903439,
              37.592387
            ],
            [
              -121.902258,
              37.592284
            ],
            [
              -121.901175,
              37.591485
            ],
            [
              -121.89978,
              37.590737
            ],
            [
              -121.900145,
              37.590287
            ],
            [
              -121.901046,
              37.590074
            ],
            [
              -121.900413,
              37.589368
            ],
            [
              -121.900939,
              37.588858
            ],
            [
              -121.901701,
              37.588994
            ],
            [
              -121.902924,
              37.58862
            ],
            [
              -121.90375,
              37.589003
            ],
            [
              -121.903857,
              37.588561
            ],
            [
              -121.904061,
              37.58845
            ],
            [
              -121.904812,
              37.588765
            ],
            [
              -121.905616,
              37.588289
            ],
            [
              -121.904887,
              37.587345
            ],
            [
              -121.9042,
              37.586691
            ],
            [
              -121.904125,
              37.586257
            ],
            [
              -121.90493,
              37.586469
            ],
            [
              -121.906142,
              37.586861
            ],
            [
              -121.907301,
              37.587082
            ],
            [
              -121.908331,
              37.587498
            ],
            [
              -121.909146,
              37.587838
            ],
            [
              -121.910788,
              37.587949
            ],
            [
              -121.911592,
              37.587456
            ],
            [
              -121.91199,
              37.586827
            ],
            [
              -121.911013,
              37.58658
            ],
            [
              -121.910026,
              37.586945
            ],
            [
              -121.909779,
              37.586894
            ],
            [
              -121.909211,
              37.586478
            ],
            [
              -121.907687,
              37.586316
            ],
            [
              -121.906486,
              37.585806
            ],
            [
              -121.904511,
              37.585458
            ],
            [
              -121.903803,
              37.585118
            ],
            [
              -121.902602,
              37.585254
            ],
            [
              -121.901797,
              37.585543
            ],
            [
              -121.901207,
              37.585398
            ],
            [
              -121.90066,
              37.585772
            ],
            [
              -121.900177,
              37.58601
            ],
            [
              -121.899372,
              37.586163
            ],
            [
              -121.898589,
              37.586869
            ],
            [
              -121.897838,
              37.587481
            ],
            [
              -121.897098,
              37.588042
            ],
            [
              -121.896894,
              37.587685
            ],
            [
              -121.897269,
              37.58692
            ],
            [
              -121.898224,
              37.585925
            ],
            [
              -121.898278,
              37.585339
            ],
            [
              -121.897109,
              37.585551
            ],
            [
              -121.895682,
              37.585602
            ],
            [
              -121.895092,
              37.58584
            ],
            [
              -121.894974,
              37.586427
            ],
            [
              -121.895263,
              37.586903
            ],
            [
              -121.896025,
              37.587456
            ],
            [
              -121.8958,
              37.587847
            ],
            [
              -121.894984,
              37.588008
            ],
            [
              -121.894802,
              37.588068
            ],
            [
              -121.894265,
              37.58732
            ],
            [
              -121.894147,
              37.586614
            ],
            [
              -121.893708,
              37.586172
            ],
            [
              -121.893117,
              37.586546
            ],
            [
              -121.892377,
              37.586248
            ],
            [
              -121.892667,
              37.585823
            ],
            [
              -121.893611,
              37.584982
            ],
            [
              -121.894169,
              37.584888
            ],
            [
              -121.895167,
              37.585041
            ],
            [
              -121.895531,
              37.585041
            ],
            [
              -121.894684,
              37.584488
            ],
            [
              -121.893514,
              37.584395
            ],
            [
              -121.892452,
              37.584846
            ],
            [
              -121.891819,
              37.585407
            ],
            [
              -121.891165,
              37.585619
            ],
            [
              -121.890467,
              37.585993
            ],
            [
              -121.89094,
              37.586435
            ],
            [
              -121.891594,
              37.58703
            ],
            [
              -121.892002,
              37.587311
            ],
            [
              -121.892785,
              37.587303
            ],
            [
              -121.893718,
              37.587558
            ],
            [
              -121.894072,
              37.587906
            ],
            [
              -121.89419,
              37.588076
            ],
            [
              -121.894201,
              37.588714
            ],
            [
              -121.893418,
              37.588654
            ],
            [
              -121.893117,
              37.588969
            ],
            [
              -121.895692,
              37.590758
            ],
            [
              -121.896674,
              37.591592
            ],
            [
              -121.897768,
              37.592506
            ],
            [
              -121.898428,
              37.593224
            ],
            [
              -121.898707,
              37.593589
            ],
            [
              -121.898895,
              37.593947
            ],
            [
              -121.899195,
              37.594155
            ],
            [
              -121.899533,
              37.594291
            ],
            [
              -121.899818,
              37.594397
            ],
            [
              -121.900606,
              37.594567
            ],
            [
              -121.901963,
              37.594941
            ],
            [
              -121.902291,
              37.594992
            ],
            [
              -121.902366,
              37.594733
            ],
            [
              -121.902108,
              37.594431
            ],
            [
              -121.903208,
              37.594053
            ],
            [
              -121.904109,
              37.593755
            ],
            [
              -121.904737,
              37.593496
            ],
            [
              -121.905348,
              37.593228
            ],
            [
              -121.905734,
              37.592943
            ],
            [
              -121.905949,
              37.592701
            ]
          ]
        ]
      },
      "properties": {
        "osm_type": "way",
        "osm_id": 741297943,
        "osm_natural": "wood",
        "layer_id": "osm_vegetation_landcover",
        "source_name": "OpenStreetMap via Overpass API",
        "source_url": "https://overpass.private.coffee/api/interpreter",
        "retrieved_at": "2026-05-03T04:15:44.993Z",
        "provisional": true
      }
    },
    {
      "type": "Feature",
      "geometry": {
        "type": "Polygon",
        "coordinates": [
          [
            [
              -121.893275,
              37.579945
            ],
            [
              -121.894209,
              37.579805
            ],
            [
              -121.895044,
              37.580068
            ],
            [
              -121.89566,
              37.579931
            ],
            [
              -121.896679,
              37.579625
            ],
            [
              -121.898074,
              37.579515
            ],
            [
              -121.89919,
              37.579132
            ],
            [
              -121.900048,
              37.578902
            ],
            [
              -121.899759,
              37.579098
            ],
            [
              -121.899351,
              37.579361
            ],
            [
              -121.900424,
              37.579489
            ],
            [
              -121.900306,
              37.579685
            ],
            [
              -121.899598,
              37.579914
            ],
            [
              -121.899329,
              37.580212
            ],
            [
              -121.900488,
              37.580339
            ],
            [
              -121.9014,
              37.580662
            ],
            [
              -121.902055,
              37.581011
            ],
            [
              -121.903042,
              37.580722
            ],
            [
              -121.903288,
              37.580271
            ],
            [
              -121.903814,
              37.579761
            ],
            [
              -121.904297,
              37.579268
            ],
            [
              -121.904737,
              37.57863
            ],
            [
              -121.905885,
              37.578137
            ],
            [
              -121.906872,
              37.577542
            ],
            [
              -121.907569,
              37.577261
            ],
            [
              -121.908631,
              37.576828
            ],
            [
              -121.90949,
              37.576598
            ],
            [
              -121.91008,
              37.576564
            ],
            [
              -121.910659,
              37.57653
            ],
            [
              -121.911056,
              37.57613
            ],
            [
              -121.91215,
              37.576377
            ],
            [
              -121.912751,
              37.576487
            ],
            [
              -121.913599,
              37.576428
            ],
            [
              -121.91391,
              37.576369
            ],
            [
              -121.914082,
              37.57647
            ],
            [
              -121.913845,
              37.577023
            ],
            [
              -121.913792,
              37.577363
            ],
            [
              -121.913266,
              37.577397
            ],
            [
              -121.913041,
              37.577627
            ],
            [
              -121.912429,
              37.57727
            ],
            [
              -121.911946,
              37.577108
            ],
            [
              -121.910917,
              37.576904
            ],
            [
              -121.910133,
              37.577057
            ],
            [
              -121.909307,
              37.577253
            ],
            [
              -121.908674,
              37.577516
            ],
            [
              -121.909114,
              37.577737
            ],
            [
              -121.910648,
              37.57772
            ],
            [
              -121.911292,
              37.577882
            ],
            [
              -121.912011,
              37.57818
            ],
            [
              -121.912419,
              37.578511
            ],
            [
              -121.912987,
              37.578715
            ],
            [
              -121.91347,
              37.578902
            ],
            [
              -121.91376,
              37.579285
            ],
            [
              -121.913041,
              37.579021
            ],
            [
              -121.912644,
              37.579089
            ],
            [
              -121.911689,
              37.578715
            ],
            [
              -121.911281,
              37.578579
            ],
            [
              -121.91052,
              37.578562
            ],
            [
              -121.910133,
              37.578129
            ],
            [
              -121.909758,
              37.578256
            ],
            [
              -121.90935,
              37.578494
            ],
            [
              -121.908835,
              37.578375
            ],
            [
              -121.907902,
              37.577993
            ],
            [
              -121.907505,
              37.577797
            ],
            [
              -121.907108,
              37.578078
            ],
            [
              -121.90684,
              37.578817
            ],
            [
              -121.906636,
              37.578885
            ],
            [
              -121.905724,
              37.579047
            ],
            [
              -121.905263,
              37.57954
            ],
            [
              -121.90522,
              37.579906
            ],
            [
              -121.905863,
              37.580016
            ],
            [
              -121.905745,
              37.580399
            ],
            [
              -121.904705,
              37.58073
            ],
            [
              -121.904683,
              37.580926
            ],
            [
              -121.906089,
              37.580764
            ],
            [
              -121.905145,
              37.581147
            ],
            [
              -121.904361,
              37.581377
            ],
            [
              -121.903707,
              37.581521
            ],
            [
              -121.903203,
              37.582023
            ],
            [
              -121.903106,
              37.582286
            ],
            [
              -121.904554,
              37.582108
            ],
            [
              -121.905509,
              37.581861
            ],
            [
              -121.90625,
              37.581836
            ],
            [
              -121.906121,
              37.582201
            ],
            [
              -121.905123,
              37.582601
            ],
            [
              -121.904908,
              37.583043
            ],
            [
              -121.906164,
              37.582916
            ],
            [
              -121.907719,
              37.582473
            ],
            [
              -121.908374,
              37.582465
            ],
            [
              -121.908202,
              37.582831
            ],
            [
              -121.907998,
              37.583137
            ],
            [
              -121.908964,
              37.583043
            ],
            [
              -121.909865,
              37.582414
            ],
            [
              -121.910616,
              37.582091
            ],
            [
              -121.911002,
              37.582261
            ],
            [
              -121.911228,
              37.582133
            ],
            [
              -121.912462,
              37.581674
            ],
            [
              -121.91259,
              37.581912
            ],
            [
              -121.911367,
              37.58278
            ],
            [
              -121.911668,
              37.582847
            ],
            [
              -121.912386,
              37.583052
            ],
            [
              -121.913277,
              37.583026
            ],
            [
              -121.914146,
              37.583247
            ],
            [
              -121.914833,
              37.583443
            ],
            [
              -121.915069,
              37.582924
            ],
            [
              -121.915112,
              37.582414
            ],
            [
              -121.915648,
              37.582082
            ],
            [
              -121.916088,
              37.581946
            ],
            [
              -121.91686,
              37.582295
            ],
            [
              -121.917418,
              37.581938
            ],
            [
              -121.917182,
              37.581504
            ],
            [
              -121.917826,
              37.581309
            ],
            [
              -121.918073,
              37.58096
            ],
            [
              -121.918395,
              37.580356
            ],
            [
              -121.919264,
              37.580416
            ],
            [
              -121.91891,
              37.581156
            ],
            [
              -121.918824,
              37.581547
            ],
            [
              -121.918867,
              37.582048
            ],
            [
              -121.919886,
              37.581989
            ],
            [
              -121.920101,
              37.581462
            ],
            [
              -121.92024,
              37.581071
            ],
            [
              -121.921163,
              37.580696
            ],
            [
              -121.922053,
              37.580535
            ],
            [
              -121.922321,
              37.580926
            ],
            [
              -121.922815,
              37.58164
            ],
            [
              -121.923383,
              37.581513
            ],
            [
              -121.92362,
              37.581887
            ],
            [
              -121.924016,
              37.582431
            ],
            [
              -121.924081,
              37.582797
            ],
            [
              -121.923566,
              37.582439
            ],
            [
              -121.922804,
              37.582652
            ],
            [
              -121.921956,
              37.582431
            ],
            [
              -121.921227,
              37.582473
            ],
            [
              -121.920476,
              37.582822
            ],
            [
              -121.919918,
              37.582992
            ],
            [
              -121.918684,
              37.583239
            ],
            [
              -121.918137,
              37.583392
            ],
            [
              -121.918234,
              37.583936
            ],
            [
              -121.918588,
              37.58448
            ],
            [
              -121.918416,
              37.584837
            ],
            [
              -121.917569,
              37.58408
            ],
            [
              -121.916893,
              37.583519
            ],
            [
              -121.916528,
              37.583757
            ],
            [
              -121.91671,
              37.584386
            ],
            [
              -121.916195,
              37.584676
            ],
            [
              -121.915916,
              37.584999
            ],
            [
              -121.914768,
              37.585101
            ],
            [
              -121.913888,
              37.584939
            ],
            [
              -121.913148,
              37.584727
            ],
            [
              -121.912118,
              37.584361
            ],
            [
              -121.910595,
              37.584386
            ],
            [
              -121.909629,
              37.584607
            ],
            [
              -121.908363,
              37.584514
            ],
            [
              -121.907333,
              37.584514
            ],
            [
              -121.906464,
              37.584446
            ],
            [
              -121.905616,
              37.584335
            ],
            [
              -121.903921,
              37.583902
            ],
            [
              -121.903052,
              37.583409
            ],
            [
              -121.901979,
              37.582916
            ],
            [
              -121.901325,
              37.582609
            ],
            [
              -121.900381,
              37.582609
            ],
            [
              -121.899362,
              37.582116
            ],
            [
              -121.898042,
              37.581853
            ],
            [
              -121.898493,
              37.582261
            ],
            [
              -121.89949,
              37.582746
            ],
            [
              -121.899512,
              37.583128
            ],
            [
              -121.898675,
              37.583052
            ],
            [
              -121.898718,
              37.583205
            ],
            [
              -121.89904,
              37.583715
            ],
            [
              -121.897892,
              37.583562
            ],
            [
              -121.897237,
              37.583052
            ],
            [
              -121.896819,
              37.582644
            ],
            [
              -121.896594,
              37.582057
            ],
            [
              -121.896079,
              37.581555
            ],
            [
              -121.895628,
              37.581181
            ],
            [
              -121.895014,
              37.58136
            ],
            [
              -121.894602,
              37.581092
            ],
            [
              -121.894201,
              37.580951
            ],
            [
              -121.89374,
              37.580832
            ],
            [
              -121.892992,
              37.580635
            ],
            [
              -121.893002,
              37.580435
            ],
            [
              -121.893275,
              37.579945
            ]
          ]
        ]
      },
      "properties": {
        "osm_type": "way",
        "osm_id": 741297945,
        "osm_natural": "wood",
        "layer_id": "osm_vegetation_landcover",
        "source_name": "OpenStreetMap via Overpass API",
        "source_url": "https://overpass.private.coffee/api/interpreter",
        "retrieved_at": "2026-05-03T04:15:44.993Z",
        "provisional": true
      }
    },
    {
      "type": "Feature",
      "geometry": {
        "type": "Polygon",
        "coordinates": [
          [
            [
              -121.903052,
              37.575901
            ],
            [
              -121.903481,
              37.575799
            ],
            [
              -121.903642,
              37.575654
            ],
            [
              -121.902956,
              37.575663
            ],
            [
              -121.902012,
              37.575858
            ],
            [
              -121.901347,
              37.576088
            ],
            [
              -121.900005,
              37.576394
            ],
            [
              -121.898911,
              37.576436
            ],
            [
              -121.898439,
              37.576675
            ],
            [
              -121.897999,
              37.576981
            ],
            [
              -121.897785,
              37.5771
            ],
            [
              -121.897034,
              37.57744
            ],
            [
              -121.896154,
              37.57727
            ],
            [
              -121.8964,
              37.577491
            ],
            [
              -121.897001,
              37.577618
            ],
            [
              -121.897913,
              37.577525
            ],
            [
              -121.898836,
              37.577414
            ],
            [
              -121.89904,
              37.577244
            ],
            [
              -121.898611,
              37.577083
            ],
            [
              -121.898943,
              37.576811
            ],
            [
              -121.899619,
              37.57659
            ],
            [
              -121.900306,
              37.576573
            ],
            [
              -121.900778,
              37.57659
            ],
            [
              -121.901347,
              37.576215
            ],
            [
              -121.901894,
              37.576105
            ],
            [
              -121.902698,
              37.575901
            ],
            [
              -121.903052,
              37.575901
            ]
          ]
        ]
      },
      "properties": {
        "osm_type": "way",
        "osm_id": 741297946,
        "osm_natural": "wood",
        "layer_id": "osm_vegetation_landcover",
        "source_name": "OpenStreetMap via Overpass API",
        "source_url": "https://overpass.private.coffee/api/interpreter",
        "retrieved_at": "2026-05-03T04:15:44.993Z",
        "provisional": true
      }
    },
    {
      "type": "Feature",
      "geometry": {
        "type": "Polygon",
        "coordinates": [
          [
            [
              -121.890178,
              37.576088
            ],
            [
              -121.889636,
              37.576186
            ],
            [
              -121.889185,
              37.576198
            ],
            [
              -121.888778,
              37.576033
            ],
            [
              -121.888499,
              37.575931
            ],
            [
              -121.888295,
              37.575969
            ],
            [
              -121.888,
              37.575973
            ],
            [
              -121.88866,
              37.576339
            ],
            [
              -121.889105,
              37.5765
            ],
            [
              -121.889507,
              37.576521
            ],
            [
              -121.889947,
              37.57642
            ],
            [
              -121.890392,
              37.57639
            ],
            [
              -121.890559,
              37.576296
            ],
            [
              -121.890178,
              37.576088
            ]
          ]
        ]
      },
      "properties": {
        "osm_type": "way",
        "osm_id": 741297947,
        "osm_natural": "wood",
        "layer_id": "osm_vegetation_landcover",
        "source_name": "OpenStreetMap via Overpass API",
        "source_url": "https://overpass.private.coffee/api/interpreter",
        "retrieved_at": "2026-05-03T04:15:44.993Z",
        "provisional": true
      }
    },
    {
      "type": "Feature",
      "geometry": {
        "type": "Polygon",
        "coordinates": [
          [
            [
              -121.893429,
              37.575884
            ],
            [
              -121.893037,
              37.575514
            ],
            [
              -121.892576,
              37.575442
            ],
            [
              -121.891996,
              37.575642
            ],
            [
              -121.891352,
              37.575756
            ],
            [
              -121.891122,
              37.575901
            ],
            [
              -121.890838,
              37.575956
            ],
            [
              -121.891272,
              37.576143
            ],
            [
              -121.891873,
              37.575986
            ],
            [
              -121.892425,
              37.575846
            ],
            [
              -121.892667,
              37.575863
            ],
            [
              -121.892967,
              37.576033
            ],
            [
              -121.893096,
              37.576224
            ],
            [
              -121.893461,
              37.576322
            ],
            [
              -121.89352,
              37.576296
            ],
            [
              -121.893595,
              37.575994
            ],
            [
              -121.893429,
              37.575884
            ]
          ]
        ]
      },
      "properties": {
        "osm_type": "way",
        "osm_id": 741297948,
        "osm_natural": "wood",
        "layer_id": "osm_vegetation_landcover",
        "source_name": "OpenStreetMap via Overpass API",
        "source_url": "https://overpass.private.coffee/api/interpreter",
        "retrieved_at": "2026-05-03T04:15:44.993Z",
        "provisional": true
      }
    },
    {
      "type": "Feature",
      "geometry": {
        "type": "Polygon",
        "coordinates": [
          [
            [
              -121.906829,
              37.571624
            ],
            [
              -121.905767,
              37.57085
            ],
            [
              -121.904758,
              37.571096
            ],
            [
              -121.904093,
              37.571513
            ],
            [
              -121.903675,
              37.57204
            ],
            [
              -121.90302,
              37.572653
            ],
            [
              -121.902494,
              37.573205
            ],
            [
              -121.902924,
              37.573401
            ],
            [
              -121.903771,
              37.573494
            ],
            [
              -121.902763,
              37.573928
            ],
            [
              -121.901947,
              37.573435
            ],
            [
              -121.901185,
              37.573664
            ],
            [
              -121.900317,
              37.574268
            ],
            [
              -121.899673,
              37.574574
            ],
            [
              -121.899018,
              37.574804
            ],
            [
              -121.89846,
              37.574965
            ],
            [
              -121.899169,
              37.575127
            ],
            [
              -121.899415,
              37.575297
            ],
            [
              -121.898106,
              37.575501
            ],
            [
              -121.897452,
              37.575365
            ],
            [
              -121.89639,
              37.575654
            ],
            [
              -121.895424,
              37.575858
            ],
            [
              -121.895167,
              37.575544
            ],
            [
              -121.896186,
              37.575306
            ],
            [
              -121.896776,
              37.575076
            ],
            [
              -121.897548,
              37.574591
            ],
            [
              -121.898664,
              37.574107
            ],
            [
              -121.899469,
              37.573945
            ],
            [
              -121.900241,
              37.573435
            ],
            [
              -121.900982,
              37.573044
            ],
            [
              -121.901572,
              37.572619
            ],
            [
              -121.902097,
              37.572321
            ],
            [
              -121.902709,
              37.571819
            ],
            [
              -121.903009,
              37.571564
            ],
            [
              -121.903524,
              37.571241
            ],
            [
              -121.904039,
              37.570918
            ],
            [
              -121.90479,
              37.570714
            ],
            [
              -121.905616,
              37.570505
            ],
            [
              -121.906083,
              37.570565
            ],
            [
              -121.906335,
              37.570667
            ],
            [
              -121.906593,
              37.570709
            ],
            [
              -121.907027,
              37.571028
            ],
            [
              -121.907274,
              37.571241
            ],
            [
              -121.90714,
              37.571619
            ],
            [
              -121.906829,
              37.571624
            ]
          ]
        ]
      },
      "properties": {
        "osm_type": "way",
        "osm_id": 741297949,
        "osm_natural": "wood",
        "layer_id": "osm_vegetation_landcover",
        "source_name": "OpenStreetMap via Overpass API",
        "source_url": "https://overpass.private.coffee/api/interpreter",
        "retrieved_at": "2026-05-03T04:15:44.993Z",
        "provisional": true
      }
    },
    {
      "type": "Feature",
      "geometry": {
        "type": "Polygon",
        "coordinates": [
          [
            [
              -121.876681,
              37.514109
            ],
            [
              -121.877174,
              37.513453
            ],
            [
              -121.877024,
              37.513147
            ],
            [
              -121.876413,
              37.513079
            ],
            [
              -121.876273,
              37.512892
            ],
            [
              -121.877014,
              37.512739
            ],
            [
              -121.876906,
              37.512237
            ],
            [
              -121.876209,
              37.512143
            ],
            [
              -121.876102,
              37.512373
            ],
            [
              -121.875522,
              37.512151
            ],
            [
              -121.875651,
              37.511394
            ],
            [
              -121.875007,
              37.511564
            ],
            [
              -121.874342,
              37.511266
            ],
            [
              -121.873998,
              37.511468
            ],
            [
              -121.875072,
              37.512313
            ],
            [
              -121.874921,
              37.512526
            ],
            [
              -121.875937,
              37.513441
            ],
            [
              -121.87626,
              37.513767
            ],
            [
              -121.875479,
              37.514381
            ],
            [
              -121.875855,
              37.514789
            ],
            [
              -121.875318,
              37.514619
            ],
            [
              -121.874449,
              37.51496
            ],
            [
              -121.874621,
              37.515428
            ],
            [
              -121.873902,
              37.515896
            ],
            [
              -121.873763,
              37.515777
            ],
            [
              -121.873741,
              37.515113
            ],
            [
              -121.873108,
              37.51536
            ],
            [
              -121.873258,
              37.515972
            ],
            [
              -121.873001,
              37.516202
            ],
            [
              -121.872851,
              37.516696
            ],
            [
              -121.872454,
              37.516849
            ],
            [
              -121.872325,
              37.517428
            ],
            [
              -121.872979,
              37.518372
            ],
            [
              -121.87314,
              37.518675
            ],
            [
              -121.872293,
              37.518772
            ],
            [
              -121.872402,
              37.519411
            ],
            [
              -121.872872,
              37.519325
            ],
            [
              -121.8727,
              37.519666
            ],
            [
              -121.872196,
              37.519929
            ],
            [
              -121.872379,
              37.520857
            ],
            [
              -121.873194,
              37.521657
            ],
            [
              -121.873532,
              37.521597
            ],
            [
              -121.873521,
              37.52138
            ],
            [
              -121.873071,
              37.520993
            ],
            [
              -121.87329,
              37.520619
            ],
            [
              -121.873151,
              37.520176
            ],
            [
              -121.872829,
              37.5201
            ],
            [
              -121.873001,
              37.519904
            ],
            [
              -121.873516,
              37.519878
            ],
            [
              -121.873382,
              37.519562
            ],
            [
              -121.873473,
              37.518483
            ],
            [
              -121.874031,
              37.518653
            ],
            [
              -121.87431,
              37.518372
            ],
            [
              -121.874063,
              37.517734
            ],
            [
              -121.873838,
              37.517913
            ],
            [
              -121.873537,
              37.517521
            ],
            [
              -121.873881,
              37.517121
            ],
            [
              -121.875147,
              37.516653
            ],
            [
              -121.875994,
              37.515819
            ],
            [
              -121.876659,
              37.514841
            ],
            [
              -121.876488,
              37.514543
            ],
            [
              -121.876681,
              37.514109
            ]
          ]
        ]
      },
      "properties": {
        "osm_type": "way",
        "osm_id": 931237398,
        "osm_natural": "wood",
        "layer_id": "osm_vegetation_landcover",
        "source_name": "OpenStreetMap via Overpass API",
        "source_url": "https://overpass.private.coffee/api/interpreter",
        "retrieved_at": "2026-05-03T04:15:44.993Z",
        "provisional": true
      }
    },
    {
      "type": "Feature",
      "geometry": {
        "type": "Polygon",
        "coordinates": [
          [
            [
              -121.903433,
              37.511607
            ],
            [
              -121.90325,
              37.511528
            ],
            [
              -121.902575,
              37.511913
            ],
            [
              -121.901754,
              37.512224
            ],
            [
              -121.901588,
              37.512483
            ],
            [
              -121.901067,
              37.512696
            ],
            [
              -121.900708,
              37.512721
            ],
            [
              -121.900107,
              37.513164
            ],
            [
              -121.899555,
              37.513292
            ],
            [
              -121.899056,
              37.513232
            ],
            [
              -121.897994,
              37.513619
            ],
            [
              -121.897243,
              37.513602
            ],
            [
              -121.897103,
              37.513862
            ],
            [
              -121.897205,
              37.513956
            ],
            [
              -121.896813,
              37.514211
            ],
            [
              -121.896685,
              37.514645
            ],
            [
              -121.895655,
              37.515117
            ],
            [
              -121.894748,
              37.51553
            ],
            [
              -121.894308,
              37.515828
            ],
            [
              -121.893579,
              37.516181
            ],
            [
              -121.893772,
              37.516415
            ],
            [
              -121.894469,
              37.516402
            ],
            [
              -121.894727,
              37.516215
            ],
            [
              -121.894898,
              37.515734
            ],
            [
              -121.895682,
              37.515351
            ],
            [
              -121.896384,
              37.515253
            ],
            [
              -121.896899,
              37.514841
            ],
            [
              -121.896969,
              37.514504
            ],
            [
              -121.897234,
              37.51423
            ],
            [
              -121.897656,
              37.513947
            ],
            [
              -121.898535,
              37.51373
            ],
            [
              -121.899362,
              37.513734
            ],
            [
              -121.899437,
              37.513564
            ],
            [
              -121.900343,
              37.513445
            ],
            [
              -121.900172,
              37.513232
            ],
            [
              -121.900451,
              37.513024
            ],
            [
              -121.900794,
              37.512892
            ],
            [
              -121.901352,
              37.51293
            ],
            [
              -121.901625,
              37.512662
            ],
            [
              -121.902006,
              37.512356
            ],
            [
              -121.902425,
              37.512147
            ],
            [
              -121.902843,
              37.512019
            ],
            [
              -121.903433,
              37.511607
            ]
          ]
        ]
      },
      "properties": {
        "osm_type": "way",
        "osm_id": 931237399,
        "osm_natural": "wood",
        "layer_id": "osm_vegetation_landcover",
        "source_name": "OpenStreetMap via Overpass API",
        "source_url": "https://overpass.private.coffee/api/interpreter",
        "retrieved_at": "2026-05-03T04:15:44.993Z",
        "provisional": true
      }
    },
    {
      "type": "Feature",
      "geometry": {
        "type": "Polygon",
        "coordinates": [
          [
            [
              -121.892349,
              37.513603
            ],
            [
              -121.892095,
              37.513779
            ],
            [
              -121.891776,
              37.513941
            ],
            [
              -121.89177,
              37.514075
            ],
            [
              -121.891949,
              37.514104
            ],
            [
              -121.891998,
              37.51404
            ],
            [
              -121.891953,
              37.513963
            ],
            [
              -121.89203,
              37.513944
            ],
            [
              -121.89216,
              37.513949
            ],
            [
              -121.892305,
              37.513756
            ],
            [
              -121.892425,
              37.513648
            ],
            [
              -121.892349,
              37.513603
            ]
          ]
        ]
      },
      "properties": {
        "osm_type": "way",
        "osm_id": 931237400,
        "osm_leaf_type": "broadleaved",
        "osm_natural": "wood",
        "layer_id": "osm_vegetation_landcover",
        "source_name": "OpenStreetMap via Overpass API",
        "source_url": "https://overpass.private.coffee/api/interpreter",
        "retrieved_at": "2026-05-03T04:15:44.993Z",
        "provisional": true
      }
    },
    {
      "type": "Feature",
      "geometry": {
        "type": "Polygon",
        "coordinates": [
          [
            [
              -121.896607,
              37.511804
            ],
            [
              -121.896328,
              37.511685
            ],
            [
              -121.895861,
              37.51193
            ],
            [
              -121.895368,
              37.511647
            ],
            [
              -121.895228,
              37.511751
            ],
            [
              -121.895035,
              37.51163
            ],
            [
              -121.894735,
              37.511822
            ],
            [
              -121.894762,
              37.511909
            ],
            [
              -121.894654,
              37.511926
            ],
            [
              -121.894397,
              37.5118
            ],
            [
              -121.894212,
              37.511892
            ],
            [
              -121.894147,
              37.511979
            ],
            [
              -121.893995,
              37.511964
            ],
            [
              -121.893683,
              37.512143
            ],
            [
              -121.893597,
              37.512281
            ],
            [
              -121.893152,
              37.51259
            ],
            [
              -121.893125,
              37.512892
            ],
            [
              -121.893396,
              37.512579
            ],
            [
              -121.893893,
              37.512309
            ],
            [
              -121.894408,
              37.512177
            ],
            [
              -121.894386,
              37.512026
            ],
            [
              -121.894534,
              37.512028
            ],
            [
              -121.894907,
              37.512194
            ],
            [
              -121.895089,
              37.512153
            ],
            [
              -121.895271,
              37.511973
            ],
            [
              -121.895757,
              37.512147
            ],
            [
              -121.896138,
              37.512068
            ],
            [
              -121.896199,
              37.511973
            ],
            [
              -121.896301,
              37.51206
            ],
            [
              -121.896607,
              37.511804
            ]
          ]
        ]
      },
      "properties": {
        "osm_type": "way",
        "osm_id": 931237401,
        "osm_leaf_type": "broadleaved",
        "osm_natural": "wood",
        "layer_id": "osm_vegetation_landcover",
        "source_name": "OpenStreetMap via Overpass API",
        "source_url": "https://overpass.private.coffee/api/interpreter",
        "retrieved_at": "2026-05-03T04:15:44.993Z",
        "provisional": true
      }
    },
    {
      "type": "Feature",
      "geometry": {
        "type": "Polygon",
        "coordinates": [
          [
            [
              -121.898112,
              37.512096
            ],
            [
              -121.898364,
              37.511877
            ],
            [
              -121.898069,
              37.511854
            ],
            [
              -121.897803,
              37.511756
            ],
            [
              -121.897165,
              37.511688
            ],
            [
              -121.89713,
              37.511787
            ],
            [
              -121.897554,
              37.511877
            ],
            [
              -121.897519,
              37.512234
            ],
            [
              -121.897677,
              37.51223
            ],
            [
              -121.898112,
              37.512096
            ]
          ]
        ]
      },
      "properties": {
        "osm_type": "way",
        "osm_id": 931237402,
        "osm_leaf_type": "broadleaved",
        "osm_natural": "wood",
        "layer_id": "osm_vegetation_landcover",
        "source_name": "OpenStreetMap via Overpass API",
        "source_url": "https://overpass.private.coffee/api/interpreter",
        "retrieved_at": "2026-05-03T04:15:44.993Z",
        "provisional": true
      }
    },
    {
      "type": "Feature",
      "geometry": {
        "type": "Polygon",
        "coordinates": [
          [
            [
              -121.899276,
              37.511934
            ],
            [
              -121.899123,
              37.512109
            ],
            [
              -121.8989,
              37.512054
            ],
            [
              -121.898591,
              37.511925
            ],
            [
              -121.898659,
              37.511815
            ],
            [
              -121.899276,
              37.511934
            ]
          ]
        ]
      },
      "properties": {
        "osm_type": "way",
        "osm_id": 931237403,
        "osm_leaf_type": "broadleaved",
        "osm_natural": "wood",
        "layer_id": "osm_vegetation_landcover",
        "source_name": "OpenStreetMap via Overpass API",
        "source_url": "https://overpass.private.coffee/api/interpreter",
        "retrieved_at": "2026-05-03T04:15:44.993Z",
        "provisional": true
      }
    },
    {
      "type": "Feature",
      "geometry": {
        "type": "Polygon",
        "coordinates": [
          [
            [
              -121.905997,
              37.5043
            ],
            [
              -121.904849,
              37.504709
            ],
            [
              -121.904522,
              37.504921
            ],
            [
              -121.904581,
              37.505228
            ],
            [
              -121.904404,
              37.505458
            ],
            [
              -121.904042,
              37.505526
            ],
            [
              -121.903564,
              37.506193
            ],
            [
              -121.903256,
              37.505973
            ],
            [
              -121.903621,
              37.505692
            ],
            [
              -121.904055,
              37.505377
            ],
            [
              -121.904329,
              37.505011
            ],
            [
              -121.904329,
              37.5049
            ],
            [
              -121.903911,
              37.50496
            ],
            [
              -121.903557,
              37.505198
            ],
            [
              -121.902967,
              37.505156
            ],
            [
              -121.902103,
              37.505326
            ],
            [
              -121.901781,
              37.505373
            ],
            [
              -121.901802,
              37.505721
            ],
            [
              -121.901309,
              37.505721
            ],
            [
              -121.901196,
              37.506275
            ],
            [
              -121.900917,
              37.506441
            ],
            [
              -121.900773,
              37.506496
            ],
            [
              -121.90074,
              37.50676
            ],
            [
              -121.90059,
              37.506862
            ],
            [
              -121.899882,
              37.506964
            ],
            [
              -121.899265,
              37.507015
            ],
            [
              -121.898916,
              37.507377
            ],
            [
              -121.897645,
              37.507543
            ],
            [
              -121.897125,
              37.508088
            ],
            [
              -121.896197,
              37.508339
            ],
            [
              -121.895526,
              37.508394
            ],
            [
              -121.895455,
              37.508607
            ],
            [
              -121.89512,
              37.508549
            ],
            [
              -121.894657,
              37.508618
            ],
            [
              -121.894038,
              37.508678
            ],
            [
              -121.893599,
              37.508684
            ],
            [
              -121.893419,
              37.508877
            ],
            [
              -121.893458,
              37.509027
            ],
            [
              -121.893319,
              37.509269
            ],
            [
              -121.892897,
              37.509634
            ],
            [
              -121.89268,
              37.510227
            ],
            [
              -121.89224,
              37.510209
            ],
            [
              -121.891974,
              37.509889
            ],
            [
              -121.892192,
              37.509717
            ],
            [
              -121.892013,
              37.509407
            ],
            [
              -121.891035,
              37.509747
            ],
            [
              -121.890891,
              37.509607
            ],
            [
              -121.891632,
              37.509339
            ],
            [
              -121.891878,
              37.508828
            ],
            [
              -121.8919,
              37.508441
            ],
            [
              -121.891712,
              37.508245
            ],
            [
              -121.891084,
              37.508232
            ],
            [
              -121.890473,
              37.507964
            ],
            [
              -121.890242,
              37.508305
            ],
            [
              -121.889856,
              37.507939
            ],
            [
              -121.889341,
              37.507675
            ],
            [
              -121.888853,
              37.507802
            ],
            [
              -121.888611,
              37.507964
            ],
            [
              -121.887646,
              37.508658
            ],
            [
              -121.886916,
              37.509326
            ],
            [
              -121.886289,
              37.510024
            ],
            [
              -121.885344,
              37.510275
            ],
            [
              -121.88469,
              37.51016
            ],
            [
              -121.883848,
              37.51027
            ],
            [
              -121.88374,
              37.510539
            ],
            [
              -121.88307,
              37.510479
            ],
            [
              -121.882592,
              37.5101
            ],
            [
              -121.882324,
              37.510185
            ],
            [
              -121.882083,
              37.509896
            ],
            [
              -121.881541,
              37.509905
            ],
            [
              -121.881316,
              37.509726
            ],
            [
              -121.881434,
              37.509568
            ],
            [
              -121.882024,
              37.509751
            ],
            [
              -121.882013,
              37.509351
            ],
            [
              -121.880355,
              37.50859
            ],
            [
              -121.879792,
              37.508177
            ],
            [
              -121.879154,
              37.507688
            ],
            [
              -121.878564,
              37.507385
            ],
            [
              -121.878215,
              37.507543
            ],
            [
              -121.878349,
              37.507019
            ],
            [
              -121.878478,
              37.50693
            ],
            [
              -121.87763,
              37.506487
            ],
            [
              -121.877544,
              37.506253
            ],
            [
              -121.877512,
              37.506041
            ],
            [
              -121.87681,
              37.50553
            ],
            [
              -121.877035,
              37.505287
            ],
            [
              -121.877958,
              37.506194
            ],
            [
              -121.878478,
              37.506602
            ],
            [
              -121.878612,
              37.506398
            ],
            [
              -121.879122,
              37.506658
            ],
            [
              -121.879433,
              37.506636
            ],
            [
              -121.87968,
              37.506849
            ],
            [
              -121.879519,
              37.507181
            ],
            [
              -121.879878,
              37.50719
            ],
            [
              -121.879824,
              37.50747
            ],
            [
              -121.880254,
              37.507913
            ],
            [
              -121.88057,
              37.508364
            ],
            [
              -121.881391,
              37.508688
            ],
            [
              -121.882067,
              37.508547
            ],
            [
              -121.883521,
              37.509381
            ],
            [
              -121.884449,
              37.509858
            ],
            [
              -121.88432,
              37.509402
            ],
            [
              -121.8841,
              37.509173
            ],
            [
              -121.884835,
              37.509147
            ],
            [
              -121.884685,
              37.509385
            ],
            [
              -121.884974,
              37.5097
            ],
            [
              -121.885607,
              37.509513
            ],
            [
              -121.886032,
              37.509732
            ],
            [
              -121.886484,
              37.509191
            ],
            [
              -121.887049,
              37.508601
            ],
            [
              -121.8874,
              37.508206
            ],
            [
              -121.887,
              37.507897
            ],
            [
              -121.886387,
              37.507943
            ],
            [
              -121.886162,
              37.507769
            ],
            [
              -121.885772,
              37.507784
            ],
            [
              -121.885473,
              37.507347
            ],
            [
              -121.886147,
              37.507439
            ],
            [
              -121.886466,
              37.507509
            ],
            [
              -121.886798,
              37.507281
            ],
            [
              -121.88732,
              37.507354
            ],
            [
              -121.887952,
              37.507631
            ],
            [
              -121.888327,
              37.507475
            ],
            [
              -121.888144,
              37.507035
            ],
            [
              -121.88796,
              37.506498
            ],
            [
              -121.887017,
              37.50603
            ],
            [
              -121.886128,
              37.506151
            ],
            [
              -121.885073,
              37.506175
            ],
            [
              -121.884581,
              37.506266
            ],
            [
              -121.884312,
              37.506652
            ],
            [
              -121.884352,
              37.506287
            ],
            [
              -121.88403,
              37.506131
            ],
            [
              -121.88364,
              37.506119
            ],
            [
              -121.883299,
              37.505982
            ],
            [
              -121.882998,
              37.505879
            ],
            [
              -121.882633,
              37.505942
            ],
            [
              -121.882263,
              37.506084
            ],
            [
              -121.882049,
              37.506028
            ],
            [
              -121.88197,
              37.505802
            ],
            [
              -121.882255,
              37.5055
            ],
            [
              -121.881825,
              37.505253
            ],
            [
              -121.882024,
              37.504973
            ],
            [
              -121.882716,
              37.505198
            ],
            [
              -121.883166,
              37.504828
            ],
            [
              -121.88374,
              37.504743
            ],
            [
              -121.884427,
              37.5049
            ],
            [
              -121.884965,
              37.505168
            ],
            [
              -121.885181,
              37.504779
            ],
            [
              -121.886699,
              37.505524
            ],
            [
              -121.88609,
              37.504756
            ],
            [
              -121.88579,
              37.504066
            ],
            [
              -121.885741,
              37.503785
            ],
            [
              -121.885857,
              37.503807
            ],
            [
              -121.886857,
              37.504551
            ],
            [
              -121.887732,
              37.505475
            ],
            [
              -121.88882,
              37.50619
            ],
            [
              -121.889287,
              37.506777
            ],
            [
              -121.889539,
              37.506921
            ],
            [
              -121.889566,
              37.506767
            ],
            [
              -121.88979,
              37.506895
            ],
            [
              -121.889684,
              37.506504
            ],
            [
              -121.889727,
              37.506219
            ],
            [
              -121.889872,
              37.506066
            ],
            [
              -121.890419,
              37.506666
            ],
            [
              -121.89087,
              37.506738
            ],
            [
              -121.89088,
              37.505985
            ],
            [
              -121.89043,
              37.505619
            ],
            [
              -121.890435,
              37.505428
            ],
            [
              -121.891116,
              37.505896
            ],
            [
              -121.89153,
              37.505926
            ],
            [
              -121.891615,
              37.506202
            ],
            [
              -121.892048,
              37.506158
            ],
            [
              -121.892126,
              37.506311
            ],
            [
              -121.892442,
              37.506709
            ],
            [
              -121.892243,
              37.507168
            ],
            [
              -121.892366,
              37.507279
            ],
            [
              -121.89359,
              37.507066
            ],
            [
              -121.89359,
              37.507296
            ],
            [
              -121.893214,
              37.5075
            ],
            [
              -121.893289,
              37.507756
            ],
            [
              -121.893949,
              37.5079
            ],
            [
              -121.894802,
              37.507675
            ],
            [
              -121.895553,
              37.507811
            ],
            [
              -121.896336,
              37.507598
            ],
            [
              -121.896937,
              37.507181
            ],
            [
              -121.897618,
              37.506994
            ],
            [
              -121.898509,
              37.507139
            ],
            [
              -121.898788,
              37.506964
            ],
            [
              -121.898745,
              37.506573
            ],
            [
              -121.899367,
              37.506317
            ],
            [
              -121.899796,
              37.506385
            ],
            [
              -121.899807,
              37.506598
            ],
            [
              -121.90037,
              37.506479
            ],
            [
              -121.900837,
              37.50613
            ],
            [
              -121.900767,
              37.505705
            ],
            [
              -121.900209,
              37.505555
            ],
            [
              -121.899925,
              37.505194
            ],
            [
              -121.900139,
              37.5051
            ],
            [
              -121.900628,
              37.505475
            ],
            [
              -121.90096,
              37.505373
            ],
            [
              -121.900939,
              37.505083
            ],
            [
              -121.901325,
              37.504632
            ],
            [
              -121.901813,
              37.504798
            ],
            [
              -121.90214,
              37.504981
            ],
            [
              -121.902564,
              37.504973
            ],
            [
              -121.902258,
              37.504734
            ],
            [
              -121.902446,
              37.504641
            ],
            [
              -121.902907,
              37.504785
            ],
            [
              -121.903063,
              37.504777
            ],
            [
              -121.903272,
              37.505011
            ],
            [
              -121.903691,
              37.504798
            ],
            [
              -121.903678,
              37.504681
            ],
            [
              -121.903916,
              37.504653
            ],
            [
              -121.904345,
              37.504696
            ],
            [
              -121.904951,
              37.504343
            ],
            [
              -121.90515,
              37.504143
            ],
            [
              -121.905434,
              37.503836
            ],
            [
              -121.905885,
              37.503951
            ],
            [
              -121.90619,
              37.504024
            ],
            [
              -121.906523,
              37.503947
            ],
            [
              -121.907151,
              37.503824
            ],
            [
              -121.907558,
              37.503998
            ],
            [
              -121.907413,
              37.504118
            ],
            [
              -121.90706,
              37.504224
            ],
            [
              -121.906646,
              37.504283
            ],
            [
              -121.905997,
              37.5043
            ]
          ]
        ]
      },
      "properties": {
        "osm_type": "way",
        "osm_id": 931237404,
        "osm_natural": "wood",
        "layer_id": "osm_vegetation_landcover",
        "source_name": "OpenStreetMap via Overpass API",
        "source_url": "https://overpass.private.coffee/api/interpreter",
        "retrieved_at": "2026-05-03T04:15:44.993Z",
        "provisional": true
      }
    },
    {
      "type": "Feature",
      "geometry": {
        "type": "Polygon",
        "coordinates": [
          [
            [
              -121.900306,
              37.516819
            ],
            [
              -121.899619,
              37.516547
            ],
            [
              -121.899018,
              37.516811
            ],
            [
              -121.898873,
              37.517142
            ],
            [
              -121.898627,
              37.517219
            ],
            [
              -121.898627,
              37.517087
            ],
            [
              -121.897935,
              37.516989
            ],
            [
              -121.897634,
              37.517211
            ],
            [
              -121.897371,
              37.517066
            ],
            [
              -121.897098,
              37.517364
            ],
            [
              -121.896894,
              37.517347
            ],
            [
              -121.896738,
              37.517206
            ],
            [
              -121.896443,
              37.517291
            ],
            [
              -121.896422,
              37.517419
            ],
            [
              -121.895891,
              37.516994
            ],
            [
              -121.895317,
              37.516985
            ],
            [
              -121.895381,
              37.517138
            ],
            [
              -121.894834,
              37.517262
            ],
            [
              -121.894534,
              37.517104
            ],
            [
              -121.894394,
              37.517479
            ],
            [
              -121.894464,
              37.517994
            ],
            [
              -121.894952,
              37.518176
            ],
            [
              -121.89544,
              37.51804
            ],
            [
              -121.895714,
              37.518032
            ],
            [
              -121.895768,
              37.518159
            ],
            [
              -121.895274,
              37.518406
            ],
            [
              -121.895145,
              37.518819
            ],
            [
              -121.895531,
              37.519172
            ],
            [
              -121.896647,
              37.519521
            ],
            [
              -121.897452,
              37.519325
            ],
            [
              -121.897913,
              37.518985
            ],
            [
              -121.897645,
              37.518704
            ],
            [
              -121.897581,
              37.518304
            ],
            [
              -121.898181,
              37.517845
            ],
            [
              -121.898761,
              37.517462
            ],
            [
              -121.899383,
              37.5173
            ],
            [
              -121.900306,
              37.516819
            ]
          ]
        ]
      },
      "properties": {
        "osm_type": "way",
        "osm_id": 931237405,
        "osm_natural": "scrub",
        "layer_id": "osm_vegetation_landcover",
        "source_name": "OpenStreetMap via Overpass API",
        "source_url": "https://overpass.private.coffee/api/interpreter",
        "retrieved_at": "2026-05-03T04:15:44.993Z",
        "provisional": true
      }
    },
    {
      "type": "Feature",
      "geometry": {
        "type": "Polygon",
        "coordinates": [
          [
            [
              -121.906443,
              37.493273
            ],
            [
              -121.906207,
              37.492924
            ],
            [
              -121.904297,
              37.493494
            ],
            [
              -121.903138,
              37.49432
            ],
            [
              -121.902688,
              37.494184
            ],
            [
              -121.901668,
              37.494371
            ],
            [
              -121.902344,
              37.494848
            ],
            [
              -121.901057,
              37.495188
            ],
            [
              -121.900477,
              37.494558
            ],
            [
              -121.899072,
              37.494473
            ],
            [
              -121.898353,
              37.493741
            ],
            [
              -121.896915,
              37.493843
            ],
            [
              -121.896315,
              37.494048
            ],
            [
              -121.89537,
              37.493886
            ],
            [
              -121.894072,
              37.493877
            ],
            [
              -121.894169,
              37.493392
            ],
            [
              -121.893213,
              37.492813
            ],
            [
              -121.892614,
              37.491524
            ],
            [
              -121.891326,
              37.490268
            ],
            [
              -121.890864,
              37.490234
            ],
            [
              -121.890876,
              37.490471
            ],
            [
              -121.891256,
              37.490433
            ],
            [
              -121.891981,
              37.491233
            ],
            [
              -121.892259,
              37.491775
            ],
            [
              -121.892933,
              37.492737
            ],
            [
              -121.892887,
              37.492996
            ],
            [
              -121.892627,
              37.492972
            ],
            [
              -121.892579,
              37.492716
            ],
            [
              -121.891967,
              37.492259
            ],
            [
              -121.890542,
              37.491834
            ],
            [
              -121.890403,
              37.492626
            ],
            [
              -121.893654,
              37.494116
            ],
            [
              -121.894104,
              37.494635
            ],
            [
              -121.89271,
              37.494158
            ],
            [
              -121.892527,
              37.494543
            ],
            [
              -121.8921,
              37.494264
            ],
            [
              -121.891871,
              37.494456
            ],
            [
              -121.892453,
              37.494777
            ],
            [
              -121.89213,
              37.495537
            ],
            [
              -121.891176,
              37.495503
            ],
            [
              -121.889952,
              37.494737
            ],
            [
              -121.888504,
              37.49489
            ],
            [
              -121.887753,
              37.495376
            ],
            [
              -121.886981,
              37.49489
            ],
            [
              -121.886863,
              37.494533
            ],
            [
              -121.885961,
              37.494465
            ],
            [
              -121.886358,
              37.493894
            ],
            [
              -121.885554,
              37.493162
            ],
            [
              -121.885017,
              37.494073
            ],
            [
              -121.883558,
              37.492652
            ],
            [
              -121.883032,
              37.493077
            ],
            [
              -121.882711,
              37.492873
            ],
            [
              -121.883065,
              37.492396
            ],
            [
              -121.882195,
              37.491673
            ],
            [
              -121.881037,
              37.491468
            ],
            [
              -121.881251,
              37.490617
            ],
            [
              -121.880522,
              37.490634
            ],
            [
              -121.880146,
              37.491451
            ],
            [
              -121.879631,
              37.490898
            ],
            [
              -121.879331,
              37.490268
            ],
            [
              -121.876981,
              37.489868
            ],
            [
              -121.877743,
              37.490966
            ],
            [
              -121.879224,
              37.491213
            ],
            [
              -121.877936,
              37.492166
            ],
            [
              -121.875544,
              37.4918
            ],
            [
              -121.875941,
              37.492396
            ],
            [
              -121.87755,
              37.492813
            ],
            [
              -121.877786,
              37.493077
            ],
            [
              -121.876187,
              37.493596
            ],
            [
              -121.876734,
              37.493843
            ],
            [
              -121.875361,
              37.494448
            ],
            [
              -121.874009,
              37.494448
            ],
            [
              -121.873765,
              37.493671
            ],
            [
              -121.873588,
              37.49379
            ],
            [
              -121.873645,
              37.494669
            ],
            [
              -121.875039,
              37.494941
            ],
            [
              -121.876627,
              37.49438
            ],
            [
              -121.877357,
              37.493733
            ],
            [
              -121.878537,
              37.49352
            ],
            [
              -121.879878,
              37.49272
            ],
            [
              -121.880801,
              37.492618
            ],
            [
              -121.882142,
              37.492984
            ],
            [
              -121.882743,
              37.493733
            ],
            [
              -121.884513,
              37.49472
            ],
            [
              -121.884459,
              37.495018
            ],
            [
              -121.882732,
              37.495529
            ],
            [
              -121.88049,
              37.495205
            ],
            [
              -121.878108,
              37.496286
            ],
            [
              -121.880565,
              37.496176
            ],
            [
              -121.880597,
              37.496295
            ],
            [
              -121.876295,
              37.497512
            ],
            [
              -121.876509,
              37.498031
            ],
            [
              -121.879803,
              37.497112
            ],
            [
              -121.880135,
              37.497121
            ],
            [
              -121.879588,
              37.497716
            ],
            [
              -121.87814,
              37.498857
            ],
            [
              -121.878829,
              37.498708
            ],
            [
              -121.880436,
              37.497138
            ],
            [
              -121.881788,
              37.495971
            ],
            [
              -121.882796,
              37.496227
            ],
            [
              -121.882303,
              37.497623
            ],
            [
              -121.883107,
              37.496584
            ],
            [
              -121.883719,
              37.496789
            ],
            [
              -121.88374,
              37.497546
            ],
            [
              -121.88432,
              37.496533
            ],
            [
              -121.884137,
              37.495486
            ],
            [
              -121.885393,
              37.495248
            ],
            [
              -121.88682,
              37.495835
            ],
            [
              -121.886852,
              37.496397
            ],
            [
              -121.888289,
              37.496142
            ],
            [
              -121.890467,
              37.495886
            ],
            [
              -121.89212,
              37.496295
            ],
            [
              -121.893815,
              37.495486
            ],
            [
              -121.894866,
              37.495052
            ],
            [
              -121.895102,
              37.494729
            ],
            [
              -121.896476,
              37.494848
            ],
            [
              -121.897484,
              37.494303
            ],
            [
              -121.898385,
              37.49478
            ],
            [
              -121.898771,
              37.495435
            ],
            [
              -121.899447,
              37.495529
            ],
            [
              -121.899941,
              37.49621
            ],
            [
              -121.898278,
              37.496874
            ],
            [
              -121.898525,
              37.497155
            ],
            [
              -121.900091,
              37.496857
            ],
            [
              -121.900531,
              37.496244
            ],
            [
              -121.901829,
              37.495895
            ],
            [
              -121.902731,
              37.495205
            ],
            [
              -121.904018,
              37.49426
            ],
            [
              -121.904597,
              37.493758
            ],
            [
              -121.905134,
              37.493716
            ],
            [
              -121.906443,
              37.493273
            ]
          ]
        ]
      },
      "properties": {
        "osm_type": "way",
        "osm_id": 931238361,
        "osm_natural": "wood",
        "layer_id": "osm_vegetation_landcover",
        "source_name": "OpenStreetMap via Overpass API",
        "source_url": "https://overpass.private.coffee/api/interpreter",
        "retrieved_at": "2026-05-03T04:15:44.993Z",
        "provisional": true
      }
    },
    {
      "type": "Feature",
      "geometry": {
        "type": "Polygon",
        "coordinates": [
          [
            [
              -121.878338,
              37.517364
            ],
            [
              -121.877716,
              37.517121
            ],
            [
              -121.877062,
              37.517194
            ],
            [
              -121.876879,
              37.517534
            ],
            [
              -121.8774,
              37.517713
            ],
            [
              -121.878204,
              37.517538
            ],
            [
              -121.878338,
              37.517364
            ]
          ]
        ]
      },
      "properties": {
        "osm_type": "way",
        "osm_id": 931241561,
        "osm_natural": "scrub",
        "layer_id": "osm_vegetation_landcover",
        "source_name": "OpenStreetMap via Overpass API",
        "source_url": "https://overpass.private.coffee/api/interpreter",
        "retrieved_at": "2026-05-03T04:15:44.993Z",
        "provisional": true
      }
    },
    {
      "type": "Feature",
      "geometry": {
        "type": "Polygon",
        "coordinates": [
          [
            [
              -121.889759,
              37.52198
            ],
            [
              -121.890092,
              37.521427
            ],
            [
              -121.88947,
              37.521436
            ],
            [
              -121.88933,
              37.520508
            ],
            [
              -121.889126,
              37.52067
            ],
            [
              -121.888697,
              37.521929
            ],
            [
              -121.887646,
              37.521776
            ],
            [
              -121.887882,
              37.521385
            ],
            [
              -121.887721,
              37.521087
            ],
            [
              -121.887002,
              37.521333
            ],
            [
              -121.886755,
              37.520976
            ],
            [
              -121.887646,
              37.520746
            ],
            [
              -121.88801,
              37.520202
            ],
            [
              -121.886745,
              37.520151
            ],
            [
              -121.886616,
              37.519776
            ],
            [
              -121.885693,
              37.520134
            ],
            [
              -121.884835,
              37.519802
            ],
            [
              -121.88476,
              37.519989
            ],
            [
              -121.885232,
              37.520346
            ],
            [
              -121.885993,
              37.520312
            ],
            [
              -121.886401,
              37.520653
            ],
            [
              -121.88594,
              37.521248
            ],
            [
              -121.886959,
              37.521861
            ],
            [
              -121.88727,
              37.522414
            ],
            [
              -121.888311,
              37.522703
            ],
            [
              -121.888847,
              37.522499
            ],
            [
              -121.889191,
              37.522201
            ],
            [
              -121.889759,
              37.52198
            ]
          ]
        ]
      },
      "properties": {
        "osm_type": "way",
        "osm_id": 931241562,
        "osm_natural": "wood",
        "layer_id": "osm_vegetation_landcover",
        "source_name": "OpenStreetMap via Overpass API",
        "source_url": "https://overpass.private.coffee/api/interpreter",
        "retrieved_at": "2026-05-03T04:15:44.993Z",
        "provisional": true
      }
    },
    {
      "type": "Feature",
      "geometry": {
        "type": "Polygon",
        "coordinates": [
          [
            [
              -121.916807,
              37.536734
            ],
            [
              -121.916925,
              37.536138
            ],
            [
              -121.91627,
              37.536487
            ],
            [
              -121.91465,
              37.538001
            ],
            [
              -121.912408,
              37.53841
            ],
            [
              -121.908631,
              37.539065
            ],
            [
              -121.907666,
              37.539107
            ],
            [
              -121.905649,
              37.537857
            ],
            [
              -121.905308,
              37.538431
            ],
            [
              -121.906614,
              37.539405
            ],
            [
              -121.906035,
              37.540503
            ],
            [
              -121.906217,
              37.541123
            ],
            [
              -121.904726,
              37.541038
            ],
            [
              -121.903363,
              37.539813
            ],
            [
              -121.902688,
              37.539584
            ],
            [
              -121.903213,
              37.538725
            ],
            [
              -121.902924,
              37.538248
            ],
            [
              -121.901615,
              37.538486
            ],
            [
              -121.901883,
              37.537797
            ],
            [
              -121.900402,
              37.537304
            ],
            [
              -121.899909,
              37.538008
            ],
            [
              -121.898546,
              37.537704
            ],
            [
              -121.897538,
              37.537431
            ],
            [
              -121.896572,
              37.538163
            ],
            [
              -121.896926,
              37.537338
            ],
            [
              -121.895263,
              37.536836
            ],
            [
              -121.896057,
              37.536325
            ],
            [
              -121.897709,
              37.536436
            ],
            [
              -121.897785,
              37.535534
            ],
            [
              -121.896272,
              37.535245
            ],
            [
              -121.89566,
              37.534581
            ],
            [
              -121.896089,
              37.53419
            ],
            [
              -121.896894,
              37.534105
            ],
            [
              -121.898385,
              37.534649
            ],
            [
              -121.897012,
              37.533654
            ],
            [
              -121.89816,
              37.533075
            ],
            [
              -121.89787,
              37.532854
            ],
            [
              -121.895768,
              37.533314
            ],
            [
              -121.89521,
              37.53345
            ],
            [
              -121.895768,
              37.532403
            ],
            [
              -121.895113,
              37.532267
            ],
            [
              -121.89463,
              37.532795
            ],
            [
              -121.893407,
              37.532471
            ],
            [
              -121.892291,
              37.532973
            ],
            [
              -121.895038,
              37.534003
            ],
            [
              -121.894491,
              37.534768
            ],
            [
              -121.893021,
              37.535117
            ],
            [
              -121.893085,
              37.534343
            ],
            [
              -121.892173,
              37.534292
            ],
            [
              -121.891658,
              37.534581
            ],
            [
              -121.89066,
              37.534496
            ],
            [
              -121.889437,
              37.534802
            ],
            [
              -121.890671,
              37.535977
            ],
            [
              -121.891176,
              37.536496
            ],
            [
              -121.890671,
              37.537542
            ],
            [
              -121.892077,
              37.537585
            ],
            [
              -121.892356,
              37.536963
            ],
            [
              -121.894577,
              37.538163
            ],
            [
              -121.897699,
              37.54023
            ],
            [
              -121.89971,
              37.540454
            ],
            [
              -121.901465,
              37.541149
            ],
            [
              -121.903557,
              37.542144
            ],
            [
              -121.904621,
              37.542735
            ],
            [
              -121.906614,
              37.542178
            ],
            [
              -121.910691,
              37.540426
            ],
            [
              -121.913041,
              37.539524
            ],
            [
              -121.913695,
              37.539601
            ],
            [
              -121.914403,
              37.53926
            ],
            [
              -121.915391,
              37.538325
            ],
            [
              -121.916807,
              37.536734
            ]
          ]
        ]
      },
      "properties": {
        "osm_type": "way",
        "osm_id": 931241566,
        "osm_natural": "wood",
        "layer_id": "osm_vegetation_landcover",
        "source_name": "OpenStreetMap via Overpass API",
        "source_url": "https://overpass.private.coffee/api/interpreter",
        "retrieved_at": "2026-05-03T04:15:44.993Z",
        "provisional": true
      }
    },
    {
      "type": "Feature",
      "geometry": {
        "type": "Polygon",
        "coordinates": [
          [
            [
              -121.898101,
              37.527305
            ],
            [
              -121.898101,
              37.527205
            ],
            [
              -121.897742,
              37.527198
            ],
            [
              -121.897559,
              37.527362
            ],
            [
              -121.897329,
              37.527396
            ],
            [
              -121.897355,
              37.52753
            ],
            [
              -121.896902,
              37.52753
            ],
            [
              -121.896822,
              37.527254
            ],
            [
              -121.896524,
              37.527113
            ],
            [
              -121.896395,
              37.527003
            ],
            [
              -121.896443,
              37.526828
            ],
            [
              -121.896792,
              37.526662
            ],
            [
              -121.896755,
              37.526603
            ],
            [
              -121.896406,
              37.52675
            ],
            [
              -121.896229,
              37.526605
            ],
            [
              -121.896057,
              37.527024
            ],
            [
              -121.895856,
              37.527005
            ],
            [
              -121.895821,
              37.526643
            ],
            [
              -121.895783,
              37.526449
            ],
            [
              -121.895851,
              37.526105
            ],
            [
              -121.896068,
              37.526045
            ],
            [
              -121.896572,
              37.526262
            ],
            [
              -121.896805,
              37.526107
            ],
            [
              -121.896315,
              37.525605
            ],
            [
              -121.895786,
              37.525214
            ],
            [
              -121.895325,
              37.524792
            ],
            [
              -121.895201,
              37.524924
            ],
            [
              -121.895588,
              37.525277
            ],
            [
              -121.895266,
              37.525716
            ],
            [
              -121.895086,
              37.526005
            ],
            [
              -121.8947,
              37.52589
            ],
            [
              -121.894528,
              37.525641
            ],
            [
              -121.894928,
              37.525509
            ],
            [
              -121.894907,
              37.525116
            ],
            [
              -121.894257,
              37.524924
            ],
            [
              -121.894273,
              37.524718
            ],
            [
              -121.893944,
              37.524788
            ],
            [
              -121.893877,
              37.524714
            ],
            [
              -121.893243,
              37.524282
            ],
            [
              -121.893675,
              37.523939
            ],
            [
              -121.893576,
              37.52378
            ],
            [
              -121.893171,
              37.523829
            ],
            [
              -121.892568,
              37.523701
            ],
            [
              -121.892315,
              37.523799
            ],
            [
              -121.892471,
              37.524014
            ],
            [
              -121.892173,
              37.524008
            ],
            [
              -121.891752,
              37.523891
            ],
            [
              -121.891669,
              37.523727
            ],
            [
              -121.892039,
              37.523348
            ],
            [
              -121.892208,
              37.523082
            ],
            [
              -121.892342,
              37.522767
            ],
            [
              -121.892589,
              37.522767
            ],
            [
              -121.89253,
              37.522495
            ],
            [
              -121.892071,
              37.522516
            ],
            [
              -121.892063,
              37.522344
            ],
            [
              -121.891782,
              37.522316
            ],
            [
              -121.891479,
              37.522576
            ],
            [
              -121.891554,
              37.522827
            ],
            [
              -121.89113,
              37.523031
            ],
            [
              -121.890792,
              37.523631
            ],
            [
              -121.891409,
              37.523695
            ],
            [
              -121.891363,
              37.52401
            ],
            [
              -121.891591,
              37.524154
            ],
            [
              -121.8915,
              37.52429
            ],
            [
              -121.891052,
              37.524171
            ],
            [
              -121.890929,
              37.524071
            ],
            [
              -121.890819,
              37.524124
            ],
            [
              -121.89073,
              37.52411
            ],
            [
              -121.890511,
              37.523973
            ],
            [
              -121.890253,
              37.523954
            ],
            [
              -121.889985,
              37.523701
            ],
            [
              -121.889759,
              37.523814
            ],
            [
              -121.889639,
              37.52378
            ],
            [
              -121.889604,
              37.523554
            ],
            [
              -121.889456,
              37.523735
            ],
            [
              -121.888882,
              37.523616
            ],
            [
              -121.888694,
              37.523471
            ],
            [
              -121.888617,
              37.523391
            ],
            [
              -121.888346,
              37.523297
            ],
            [
              -121.887976,
              37.523261
            ],
            [
              -121.887847,
              37.52304
            ],
            [
              -121.887753,
              37.522997
            ],
            [
              -121.887654,
              37.522937
            ],
            [
              -121.887225,
              37.522897
            ],
            [
              -121.886951,
              37.522782
            ],
            [
              -121.886769,
              37.522587
            ],
            [
              -121.88649,
              37.522206
            ],
            [
              -121.886551,
              37.52195
            ],
            [
              -121.886417,
              37.521759
            ],
            [
              -121.886181,
              37.521691
            ],
            [
              -121.886154,
              37.521508
            ],
            [
              -121.885817,
              37.521402
            ],
            [
              -121.885682,
              37.521457
            ],
            [
              -121.88557,
              37.521146
            ],
            [
              -121.885183,
              37.520889
            ],
            [
              -121.884787,
              37.520948
            ],
            [
              -121.884972,
              37.521389
            ],
            [
              -121.885395,
              37.52164
            ],
            [
              -121.88565,
              37.521595
            ],
            [
              -121.885908,
              37.521999
            ],
            [
              -121.885763,
              37.522127
            ],
            [
              -121.885985,
              37.522501
            ],
            [
              -121.885653,
              37.52261
            ],
            [
              -121.885591,
              37.522782
            ],
            [
              -121.885918,
              37.522791
            ],
            [
              -121.886168,
              37.523246
            ],
            [
              -121.886785,
              37.523818
            ],
            [
              -121.886667,
              37.523829
            ],
            [
              -121.886002,
              37.523325
            ],
            [
              -121.885937,
              37.523522
            ],
            [
              -121.886723,
              37.524076
            ],
            [
              -121.887128,
              37.524118
            ],
            [
              -121.887506,
              37.523895
            ],
            [
              -121.887573,
              37.523637
            ],
            [
              -121.888107,
              37.523593
            ],
            [
              -121.888316,
              37.523652
            ],
            [
              -121.887783,
              37.523822
            ],
            [
              -121.88837,
              37.523971
            ],
            [
              -121.888249,
              37.524305
            ],
            [
              -121.887852,
              37.524344
            ],
            [
              -121.887297,
              37.52419
            ],
            [
              -121.887377,
              37.524614
            ],
            [
              -121.887603,
              37.524771
            ],
            [
              -121.887437,
              37.524929
            ],
            [
              -121.887823,
              37.524914
            ],
            [
              -121.888019,
              37.52518
            ],
            [
              -121.888716,
              37.525273
            ],
            [
              -121.889169,
              37.525697
            ],
            [
              -121.889614,
              37.52615
            ],
            [
              -121.890703,
              37.526581
            ],
            [
              -121.891001,
              37.526392
            ],
            [
              -121.891396,
              37.526664
            ],
            [
              -121.890588,
              37.526654
            ],
            [
              -121.891125,
              37.52712
            ],
            [
              -121.891218,
              37.527211
            ],
            [
              -121.890982,
              37.527317
            ],
            [
              -121.890797,
              37.527158
            ],
            [
              -121.890467,
              37.527198
            ],
            [
              -121.890382,
              37.527096
            ],
            [
              -121.889982,
              37.527183
            ],
            [
              -121.889674,
              37.526926
            ],
            [
              -121.889614,
              37.526745
            ],
            [
              -121.889419,
              37.526769
            ],
            [
              -121.8891,
              37.526479
            ],
            [
              -121.88823,
              37.52625
            ],
            [
              -121.887968,
              37.526145
            ],
            [
              -121.888013,
              37.52606
            ],
            [
              -121.887681,
              37.525873
            ],
            [
              -121.887469,
              37.525633
            ],
            [
              -121.887327,
              37.525628
            ],
            [
              -121.887257,
              37.525358
            ],
            [
              -121.886779,
              37.525352
            ],
            [
              -121.886887,
              37.525118
            ],
            [
              -121.887048,
              37.524943
            ],
            [
              -121.886605,
              37.524946
            ],
            [
              -121.886396,
              37.524609
            ],
            [
              -121.886417,
              37.524448
            ],
            [
              -121.886248,
              37.524414
            ],
            [
              -121.886082,
              37.524541
            ],
            [
              -121.885355,
              37.524256
            ],
            [
              -121.884588,
              37.524022
            ],
            [
              -121.884569,
              37.523718
            ],
            [
              -121.883593,
              37.523669
            ],
            [
              -121.883314,
              37.523654
            ],
            [
              -121.883247,
              37.523529
            ],
            [
              -121.883405,
              37.523276
            ],
            [
              -121.883368,
              37.523029
            ],
            [
              -121.882898,
              37.522948
            ],
            [
              -121.88292,
              37.523135
            ],
            [
              -121.883231,
              37.523276
            ],
            [
              -121.883046,
              37.523482
            ],
            [
              -121.882276,
              37.523388
            ],
            [
              -121.882102,
              37.523442
            ],
            [
              -121.882067,
              37.523269
            ],
            [
              -121.88238,
              37.522795
            ],
            [
              -121.882504,
              37.52265
            ],
            [
              -121.88256,
              37.522429
            ],
            [
              -121.882531,
              37.522155
            ],
            [
              -121.882391,
              37.522236
            ],
            [
              -121.882257,
              37.52255
            ],
            [
              -121.882056,
              37.522478
            ],
            [
              -121.881908,
              37.522669
            ],
            [
              -121.881565,
              37.522633
            ],
            [
              -121.881069,
              37.522465
            ],
            [
              -121.881863,
              37.522082
            ],
            [
              -121.881799,
              37.521793
            ],
            [
              -121.880876,
              37.521674
            ],
            [
              -121.88123,
              37.521231
            ],
            [
              -121.880167,
              37.521213
            ],
            [
              -121.879706,
              37.520466
            ],
            [
              -121.879063,
              37.520661
            ],
            [
              -121.878955,
              37.521529
            ],
            [
              -121.876788,
              37.520508
            ],
            [
              -121.876102,
              37.520695
            ],
            [
              -121.877775,
              37.521691
            ],
            [
              -121.878483,
              37.521912
            ],
            [
              -121.878719,
              37.522474
            ],
            [
              -121.877743,
              37.522559
            ],
            [
              -121.877882,
              37.521861
            ],
            [
              -121.87755,
              37.521946
            ],
            [
              -121.877228,
              37.522754
            ],
            [
              -121.877335,
              37.523325
            ],
            [
              -121.876069,
              37.522976
            ],
            [
              -121.875436,
              37.52238
            ],
            [
              -121.874878,
              37.521904
            ],
            [
              -121.873891,
              37.521895
            ],
            [
              -121.873746,
              37.521755
            ],
            [
              -121.87329,
              37.521878
            ],
            [
              -121.87328,
              37.522172
            ],
            [
              -121.873827,
              37.522359
            ],
            [
              -121.874438,
              37.522742
            ],
            [
              -121.875034,
              37.523286
            ],
            [
              -121.87556,
              37.523801
            ],
            [
              -121.877083,
              37.524222
            ],
            [
              -121.877362,
              37.524192
            ],
            [
              -121.877405,
              37.524686
            ],
            [
              -121.878188,
              37.524558
            ],
            [
              -121.878344,
              37.525282
            ],
            [
              -121.879309,
              37.52552
            ],
            [
              -121.879739,
              37.525146
            ],
            [
              -121.878687,
              37.524482
            ],
            [
              -121.878655,
              37.524295
            ],
            [
              -121.880007,
              37.523699
            ],
            [
              -121.880543,
              37.523682
            ],
            [
              -121.880736,
              37.524158
            ],
            [
              -121.880511,
              37.524286
            ],
            [
              -121.88079,
              37.524448
            ],
            [
              -121.881423,
              37.524465
            ],
            [
              -121.881713,
              37.524516
            ],
            [
              -121.881756,
              37.524848
            ],
            [
              -121.882871,
              37.525248
            ],
            [
              -121.884813,
              37.525903
            ],
            [
              -121.884127,
              37.526396
            ],
            [
              -121.884406,
              37.526677
            ],
            [
              -121.885243,
              37.52655
            ],
            [
              -121.885489,
              37.526737
            ],
            [
              -121.884942,
              37.526924
            ],
            [
              -121.885243,
              37.527477
            ],
            [
              -121.886938,
              37.527451
            ],
            [
              -121.88741,
              37.528047
            ],
            [
              -121.888193,
              37.5278
            ],
            [
              -121.888118,
              37.528285
            ],
            [
              -121.888375,
              37.528855
            ],
            [
              -121.888847,
              37.528498
            ],
            [
              -121.889362,
              37.528515
            ],
            [
              -121.889706,
              37.529145
            ],
            [
              -121.88904,
              37.529859
            ],
            [
              -121.888204,
              37.529247
            ],
            [
              -121.887281,
              37.529638
            ],
            [
              -121.887088,
              37.530302
            ],
            [
              -121.886101,
              37.530846
            ],
            [
              -121.886101,
              37.530404
            ],
            [
              -121.884513,
              37.530217
            ],
            [
              -121.884449,
              37.529298
            ],
            [
              -121.883504,
              37.529026
            ],
            [
              -121.882968,
              37.528379
            ],
            [
              -121.88359,
              37.528124
            ],
            [
              -121.883612,
              37.527698
            ],
            [
              -121.882496,
              37.527239
            ],
            [
              -121.881316,
              37.527256
            ],
            [
              -121.881638,
              37.526728
            ],
            [
              -121.880801,
              37.526133
            ],
            [
              -121.880093,
              37.526064
            ],
            [
              -121.879063,
              37.526847
            ],
            [
              -121.879578,
              37.527834
            ],
            [
              -121.880415,
              37.527664
            ],
            [
              -121.880736,
              37.527971
            ],
            [
              -121.880758,
              37.529094
            ],
            [
              -121.882024,
              37.528872
            ],
            [
              -121.883054,
              37.530217
            ],
            [
              -121.881595,
              37.529655
            ],
            [
              -121.880994,
              37.529672
            ],
            [
              -121.881445,
              37.530166
            ],
            [
              -121.881745,
              37.530421
            ],
            [
              -121.880329,
              37.531255
            ],
            [
              -121.881959,
              37.53117
            ],
            [
              -121.88359,
              37.531136
            ],
            [
              -121.885414,
              37.531731
            ],
            [
              -121.887002,
              37.531663
            ],
            [
              -121.888633,
              37.531408
            ],
            [
              -121.889427,
              37.533416
            ],
            [
              -121.889598,
              37.533926
            ],
            [
              -121.887839,
              37.533756
            ],
            [
              -121.886122,
              37.532293
            ],
            [
              -121.885178,
              37.532055
            ],
            [
              -121.885479,
              37.532463
            ],
            [
              -121.887495,
              37.534096
            ],
            [
              -121.889298,
              37.534658
            ],
            [
              -121.890478,
              37.534199
            ],
            [
              -121.891143,
              37.53311
            ],
            [
              -121.890199,
              37.53185
            ],
            [
              -121.890843,
              37.530489
            ],
            [
              -121.891015,
              37.529961
            ],
            [
              -121.894577,
              37.527732
            ],
            [
              -121.895843,
              37.527677
            ],
            [
              -121.89698,
              37.52769
            ],
            [
              -121.897634,
              37.527728
            ],
            [
              -121.897865,
              37.527575
            ],
            [
              -121.897581,
              37.527413
            ],
            [
              -121.898101,
              37.527305
            ]
          ]
        ]
      },
      "properties": {
        "osm_type": "way",
        "osm_id": 931241567,
        "osm_natural": "wood",
        "layer_id": "osm_vegetation_landcover",
        "source_name": "OpenStreetMap via Overpass API",
        "source_url": "https://overpass.private.coffee/api/interpreter",
        "retrieved_at": "2026-05-03T04:15:44.993Z",
        "provisional": true
      }
    },
    {
      "type": "Feature",
      "geometry": {
        "type": "Polygon",
        "coordinates": [
          [
            [
              -121.899061,
              37.505224
            ],
            [
              -121.898729,
              37.504296
            ],
            [
              -121.898752,
              37.504885
            ],
            [
              -121.897785,
              37.504849
            ],
            [
              -121.897162,
              37.504475
            ],
            [
              -121.896745,
              37.504267
            ],
            [
              -121.896164,
              37.503649
            ],
            [
              -121.894426,
              37.503181
            ],
            [
              -121.894023,
              37.50302
            ],
            [
              -121.893677,
              37.503108
            ],
            [
              -121.893043,
              37.503007
            ],
            [
              -121.892227,
              37.503292
            ],
            [
              -121.89256,
              37.503564
            ],
            [
              -121.89325,
              37.503347
            ],
            [
              -121.894437,
              37.503436
            ],
            [
              -121.895092,
              37.503831
            ],
            [
              -121.895486,
              37.504105
            ],
            [
              -121.895679,
              37.504376
            ],
            [
              -121.895875,
              37.504585
            ],
            [
              -121.89713,
              37.505096
            ],
            [
              -121.898063,
              37.50519
            ],
            [
              -121.899061,
              37.505224
            ]
          ]
        ]
      },
      "properties": {
        "osm_type": "way",
        "osm_id": 931241568,
        "osm_natural": "wood",
        "layer_id": "osm_vegetation_landcover",
        "source_name": "OpenStreetMap via Overpass API",
        "source_url": "https://overpass.private.coffee/api/interpreter",
        "retrieved_at": "2026-05-03T04:15:44.993Z",
        "provisional": true
      }
    },
    {
      "type": "Feature",
      "geometry": {
        "type": "Polygon",
        "coordinates": [
          [
            [
              -121.883987,
              37.500006
            ],
            [
              -121.884265,
              37.500428
            ],
            [
              -121.885296,
              37.500755
            ],
            [
              -121.886755,
              37.501044
            ],
            [
              -121.887581,
              37.500942
            ],
            [
              -121.888086,
              37.501351
            ],
            [
              -121.888579,
              37.500951
            ],
            [
              -121.889112,
              37.500894
            ],
            [
              -121.889825,
              37.500596
            ],
            [
              -121.890806,
              37.500399
            ],
            [
              -121.891367,
              37.500417
            ],
            [
              -121.891862,
              37.500645
            ],
            [
              -121.892328,
              37.500933
            ],
            [
              -121.891798,
              37.501244
            ],
            [
              -121.892366,
              37.501427
            ],
            [
              -121.893718,
              37.501538
            ],
            [
              -121.896454,
              37.501496
            ],
            [
              -121.89831,
              37.501376
            ],
            [
              -121.900842,
              37.501947
            ],
            [
              -121.902281,
              37.502253
            ],
            [
              -121.902269,
              37.502534
            ],
            [
              -121.903299,
              37.502994
            ],
            [
              -121.904393,
              37.503096
            ],
            [
              -121.90419,
              37.502653
            ],
            [
              -121.903203,
              37.502611
            ],
            [
              -121.902516,
              37.502015
            ],
            [
              -121.902097,
              37.501989
            ],
            [
              -121.901175,
              37.501683
            ],
            [
              -121.900831,
              37.501734
            ],
            [
              -121.899501,
              37.501427
            ],
            [
              -121.898353,
              37.501104
            ],
            [
              -121.898664,
              37.500695
            ],
            [
              -121.897999,
              37.500687
            ],
            [
              -121.898139,
              37.501096
            ],
            [
              -121.897806,
              37.501164
            ],
            [
              -121.897441,
              37.500908
            ],
            [
              -121.897001,
              37.500891
            ],
            [
              -121.896647,
              37.500636
            ],
            [
              -121.8961,
              37.500559
            ],
            [
              -121.895081,
              37.499598
            ],
            [
              -121.894222,
              37.499002
            ],
            [
              -121.893579,
              37.498474
            ],
            [
              -121.8933,
              37.498619
            ],
            [
              -121.893611,
              37.499027
            ],
            [
              -121.894845,
              37.499725
            ],
            [
              -121.895564,
              37.500202
            ],
            [
              -121.896089,
              37.500661
            ],
            [
              -121.896583,
              37.500738
            ],
            [
              -121.897076,
              37.501002
            ],
            [
              -121.897527,
              37.501172
            ],
            [
              -121.896411,
              37.501189
            ],
            [
              -121.895413,
              37.501189
            ],
            [
              -121.894083,
              37.501223
            ],
            [
              -121.892645,
              37.500381
            ],
            [
              -121.892227,
              37.499963
            ],
            [
              -121.891307,
              37.499396
            ],
            [
              -121.890587,
              37.499615
            ],
            [
              -121.889759,
              37.498976
            ],
            [
              -121.889033,
              37.499623
            ],
            [
              -121.888611,
              37.500171
            ],
            [
              -121.887603,
              37.500036
            ],
            [
              -121.88713,
              37.500063
            ],
            [
              -121.886759,
              37.500158
            ],
            [
              -121.886135,
              37.499955
            ],
            [
              -121.884787,
              37.499809
            ],
            [
              -121.883987,
              37.500006
            ]
          ]
        ]
      },
      "properties": {
        "osm_type": "way",
        "osm_id": 931241569,
        "osm_natural": "wood",
        "layer_id": "osm_vegetation_landcover",
        "source_name": "OpenStreetMap via Overpass API",
        "source_url": "https://overpass.private.coffee/api/interpreter",
        "retrieved_at": "2026-05-03T04:15:44.993Z",
        "provisional": true
      }
    },
    {
      "type": "Feature",
      "geometry": {
        "type": "Polygon",
        "coordinates": [
          [
            [
              -121.885625,
              37.503618
            ],
            [
              -121.884316,
              37.50339
            ],
            [
              -121.88381,
              37.503404
            ],
            [
              -121.883658,
              37.503193
            ],
            [
              -121.882979,
              37.503399
            ],
            [
              -121.882992,
              37.503166
            ],
            [
              -121.883576,
              37.502834
            ],
            [
              -121.883798,
              37.503077
            ],
            [
              -121.884434,
              37.503128
            ],
            [
              -121.884625,
              37.50325
            ],
            [
              -121.885046,
              37.503181
            ],
            [
              -121.885352,
              37.503202
            ],
            [
              -121.885546,
              37.503395
            ],
            [
              -121.885625,
              37.503487
            ],
            [
              -121.885806,
              37.5036
            ],
            [
              -121.885625,
              37.503618
            ]
          ]
        ]
      },
      "properties": {
        "osm_type": "way",
        "osm_id": 1017405938,
        "osm_natural": "wood",
        "layer_id": "osm_vegetation_landcover",
        "source_name": "OpenStreetMap via Overpass API",
        "source_url": "https://overpass.private.coffee/api/interpreter",
        "retrieved_at": "2026-05-03T04:15:44.993Z",
        "provisional": true
      }
    },
    {
      "type": "Feature",
      "geometry": {
        "type": "Polygon",
        "coordinates": [
          [
            [
              -121.894503,
              37.506888
            ],
            [
              -121.894037,
              37.506941
            ],
            [
              -121.893514,
              37.506535
            ],
            [
              -121.893476,
              37.505985
            ],
            [
              -121.893322,
              37.505991
            ],
            [
              -121.893327,
              37.506153
            ],
            [
              -121.893148,
              37.506199
            ],
            [
              -121.892978,
              37.506024
            ],
            [
              -121.892849,
              37.505998
            ],
            [
              -121.892886,
              37.505757
            ],
            [
              -121.893555,
              37.505714
            ],
            [
              -121.893813,
              37.505856
            ],
            [
              -121.894116,
              37.506268
            ],
            [
              -121.894956,
              37.506291
            ],
            [
              -121.895293,
              37.506499
            ],
            [
              -121.895181,
              37.506878
            ],
            [
              -121.894885,
              37.507056
            ],
            [
              -121.894503,
              37.506888
            ]
          ]
        ]
      },
      "properties": {
        "osm_type": "way",
        "osm_id": 1017405939,
        "osm_natural": "wood",
        "layer_id": "osm_vegetation_landcover",
        "source_name": "OpenStreetMap via Overpass API",
        "source_url": "https://overpass.private.coffee/api/interpreter",
        "retrieved_at": "2026-05-03T04:15:44.993Z",
        "provisional": true
      }
    },
    {
      "type": "Feature",
      "geometry": {
        "type": "Polygon",
        "coordinates": [
          [
            [
              -121.896773,
              37.507056
            ],
            [
              -121.896394,
              37.507023
            ],
            [
              -121.896482,
              37.506555
            ],
            [
              -121.897309,
              37.506423
            ],
            [
              -121.897392,
              37.506763
            ],
            [
              -121.897118,
              37.50703
            ],
            [
              -121.896773,
              37.507056
            ]
          ]
        ]
      },
      "properties": {
        "osm_type": "way",
        "osm_id": 1017405940,
        "osm_natural": "wood",
        "layer_id": "osm_vegetation_landcover",
        "source_name": "OpenStreetMap via Overpass API",
        "source_url": "https://overpass.private.coffee/api/interpreter",
        "retrieved_at": "2026-05-03T04:15:44.993Z",
        "provisional": true
      }
    },
    {
      "type": "Feature",
      "geometry": {
        "type": "Polygon",
        "coordinates": [
          [
            [
              -121.895521,
              37.508824
            ],
            [
              -121.894918,
              37.509137
            ],
            [
              -121.895059,
              37.509481
            ],
            [
              -121.894742,
              37.509666
            ],
            [
              -121.89466,
              37.509844
            ],
            [
              -121.894255,
              37.510122
            ],
            [
              -121.894061,
              37.510106
            ],
            [
              -121.893929,
              37.510338
            ],
            [
              -121.893725,
              37.510334
            ],
            [
              -121.893511,
              37.510535
            ],
            [
              -121.893209,
              37.51101
            ],
            [
              -121.893146,
              37.51123
            ],
            [
              -121.893194,
              37.511435
            ],
            [
              -121.892756,
              37.511628
            ],
            [
              -121.89262,
              37.511771
            ],
            [
              -121.892469,
              37.512114
            ],
            [
              -121.892264,
              37.512203
            ],
            [
              -121.892016,
              37.512138
            ],
            [
              -121.892065,
              37.511902
            ],
            [
              -121.891875,
              37.511871
            ],
            [
              -121.89167,
              37.512095
            ],
            [
              -121.891612,
              37.511566
            ],
            [
              -121.891631,
              37.511307
            ],
            [
              -121.891938,
              37.511446
            ],
            [
              -121.892143,
              37.5115
            ],
            [
              -121.892328,
              37.511257
            ],
            [
              -121.892673,
              37.511099
            ],
            [
              -121.8928,
              37.510751
            ],
            [
              -121.893019,
              37.510767
            ],
            [
              -121.893282,
              37.510388
            ],
            [
              -121.893511,
              37.510122
            ],
            [
              -121.893822,
              37.50996
            ],
            [
              -121.894163,
              37.509712
            ],
            [
              -121.894363,
              37.509512
            ],
            [
              -121.894333,
              37.509264
            ],
            [
              -121.894518,
              37.509002
            ],
            [
              -121.895093,
              37.508766
            ],
            [
              -121.895521,
              37.508824
            ]
          ]
        ]
      },
      "properties": {
        "osm_type": "way",
        "osm_id": 1017405941,
        "osm_natural": "wood",
        "layer_id": "osm_vegetation_landcover",
        "source_name": "OpenStreetMap via Overpass API",
        "source_url": "https://overpass.private.coffee/api/interpreter",
        "retrieved_at": "2026-05-03T04:15:44.993Z",
        "provisional": true
      }
    },
    {
      "type": "Feature",
      "geometry": {
        "type": "Polygon",
        "coordinates": [
          [
            [
              -121.891524,
              37.511176
            ],
            [
              -121.89207,
              37.511041
            ],
            [
              -121.892128,
              37.510759
            ],
            [
              -121.892128,
              37.510462
            ],
            [
              -121.89169,
              37.510431
            ],
            [
              -121.891417,
              37.510543
            ],
            [
              -121.891422,
              37.510682
            ],
            [
              -121.891218,
              37.510662
            ],
            [
              -121.891115,
              37.510956
            ],
            [
              -121.891232,
              37.511172
            ],
            [
              -121.891524,
              37.511176
            ]
          ]
        ]
      },
      "properties": {
        "osm_type": "way",
        "osm_id": 1017405942,
        "osm_natural": "wood",
        "layer_id": "osm_vegetation_landcover",
        "source_name": "OpenStreetMap via Overpass API",
        "source_url": "https://overpass.private.coffee/api/interpreter",
        "retrieved_at": "2026-05-03T04:15:44.993Z",
        "provisional": true
      }
    },
    {
      "type": "Feature",
      "geometry": {
        "type": "Polygon",
        "coordinates": [
          [
            [
              -121.880494,
              37.500391
            ],
            [
              -121.880504,
              37.500387
            ],
            [
              -121.880515,
              37.500385
            ],
            [
              -121.880526,
              37.500385
            ],
            [
              -121.880547,
              37.500405
            ],
            [
              -121.880567,
              37.500413
            ],
            [
              -121.880575,
              37.500419
            ],
            [
              -121.880576,
              37.500427
            ],
            [
              -121.880572,
              37.500436
            ],
            [
              -121.880565,
              37.500442
            ],
            [
              -121.880544,
              37.500446
            ],
            [
              -121.880539,
              37.500453
            ],
            [
              -121.880543,
              37.500471
            ],
            [
              -121.880554,
              37.500486
            ],
            [
              -121.88055,
              37.500494
            ],
            [
              -121.880543,
              37.500501
            ],
            [
              -121.880533,
              37.500505
            ],
            [
              -121.880522,
              37.500505
            ],
            [
              -121.880502,
              37.500485
            ],
            [
              -121.880482,
              37.500479
            ],
            [
              -121.880473,
              37.500474
            ],
            [
              -121.880467,
              37.500467
            ],
            [
              -121.880466,
              37.500458
            ],
            [
              -121.880466,
              37.500449
            ],
            [
              -121.880473,
              37.500432
            ],
            [
              -121.880476,
              37.500407
            ],
            [
              -121.880494,
              37.500391
            ]
          ]
        ]
      },
      "properties": {
        "osm_type": "way",
        "osm_id": 1051193634,
        "osm_natural": "scrub",
        "layer_id": "osm_vegetation_landcover",
        "source_name": "OpenStreetMap via Overpass API",
        "source_url": "https://overpass.private.coffee/api/interpreter",
        "retrieved_at": "2026-05-03T04:15:44.993Z",
        "provisional": true
      }
    },
    {
      "type": "Feature",
      "geometry": {
        "type": "Polygon",
        "coordinates": [
          [
            [
              -121.880589,
              37.500348
            ],
            [
              -121.880609,
              37.500354
            ],
            [
              -121.880641,
              37.500379
            ],
            [
              -121.880646,
              37.500387
            ],
            [
              -121.880649,
              37.500395
            ],
            [
              -121.880646,
              37.500404
            ],
            [
              -121.880638,
              37.500408
            ],
            [
              -121.880617,
              37.500411
            ],
            [
              -121.880606,
              37.500409
            ],
            [
              -121.880587,
              37.500401
            ],
            [
              -121.880576,
              37.500401
            ],
            [
              -121.88056,
              37.500391
            ],
            [
              -121.880549,
              37.500376
            ],
            [
              -121.880545,
              37.500368
            ],
            [
              -121.880544,
              37.50036
            ],
            [
              -121.880544,
              37.500351
            ],
            [
              -121.88055,
              37.500343
            ],
            [
              -121.880559,
              37.500338
            ],
            [
              -121.880557,
              37.500326
            ],
            [
              -121.880548,
              37.500325
            ],
            [
              -121.880543,
              37.500323
            ],
            [
              -121.880542,
              37.500319
            ],
            [
              -121.880558,
              37.500317
            ],
            [
              -121.880577,
              37.500316
            ],
            [
              -121.880578,
              37.500332
            ],
            [
              -121.880589,
              37.500348
            ]
          ]
        ]
      },
      "properties": {
        "osm_type": "way",
        "osm_id": 1051193635,
        "osm_natural": "scrub",
        "layer_id": "osm_vegetation_landcover",
        "source_name": "OpenStreetMap via Overpass API",
        "source_url": "https://overpass.private.coffee/api/interpreter",
        "retrieved_at": "2026-05-03T04:15:44.993Z",
        "provisional": true
      }
    },
    {
      "type": "Feature",
      "geometry": {
        "type": "Polygon",
        "coordinates": [
          [
            [
              -121.880749,
              37.500276
            ],
            [
              -121.880806,
              37.500284
            ],
            [
              -121.880817,
              37.500282
            ],
            [
              -121.880825,
              37.500276
            ],
            [
              -121.880831,
              37.500268
            ],
            [
              -121.880834,
              37.50026
            ],
            [
              -121.880834,
              37.500251
            ],
            [
              -121.880831,
              37.500243
            ],
            [
              -121.880822,
              37.500237
            ],
            [
              -121.88078,
              37.500232
            ],
            [
              -121.880769,
              37.500232
            ],
            [
              -121.880739,
              37.50024
            ],
            [
              -121.880728,
              37.50024
            ],
            [
              -121.880723,
              37.500232
            ],
            [
              -121.880723,
              37.500224
            ],
            [
              -121.880717,
              37.500216
            ],
            [
              -121.880706,
              37.500214
            ],
            [
              -121.880694,
              37.500209
            ],
            [
              -121.880683,
              37.500212
            ],
            [
              -121.880678,
              37.500219
            ],
            [
              -121.88067,
              37.500225
            ],
            [
              -121.880649,
              37.50023
            ],
            [
              -121.880643,
              37.500237
            ],
            [
              -121.880633,
              37.500253
            ],
            [
              -121.880636,
              37.500288
            ],
            [
              -121.880639,
              37.500296
            ],
            [
              -121.880649,
              37.5003
            ],
            [
              -121.88066,
              37.500302
            ],
            [
              -121.880667,
              37.500295
            ],
            [
              -121.880655,
              37.500281
            ],
            [
              -121.880666,
              37.500278
            ],
            [
              -121.88071,
              37.500278
            ],
            [
              -121.88073,
              37.500271
            ],
            [
              -121.880749,
              37.500276
            ]
          ]
        ]
      },
      "properties": {
        "osm_type": "way",
        "osm_id": 1051193636,
        "osm_natural": "scrub",
        "layer_id": "osm_vegetation_landcover",
        "source_name": "OpenStreetMap via Overpass API",
        "source_url": "https://overpass.private.coffee/api/interpreter",
        "retrieved_at": "2026-05-03T04:15:44.993Z",
        "provisional": true
      }
    },
    {
      "type": "Feature",
      "geometry": {
        "type": "Polygon",
        "coordinates": [
          [
            [
              -121.880128,
              37.501657
            ],
            [
              -121.880138,
              37.501655
            ],
            [
              -121.880158,
              37.501647
            ],
            [
              -121.880163,
              37.501639
            ],
            [
              -121.880155,
              37.501633
            ],
            [
              -121.880144,
              37.501631
            ],
            [
              -121.880133,
              37.501631
            ],
            [
              -121.880068,
              37.501633
            ],
            [
              -121.880037,
              37.501638
            ],
            [
              -121.880026,
              37.501638
            ],
            [
              -121.880021,
              37.501642
            ],
            [
              -121.880023,
              37.501646
            ],
            [
              -121.880028,
              37.501647
            ],
            [
              -121.880049,
              37.501653
            ],
            [
              -121.880071,
              37.501655
            ],
            [
              -121.880082,
              37.501653
            ],
            [
              -121.880104,
              37.501654
            ],
            [
              -121.880115,
              37.501657
            ],
            [
              -121.880128,
              37.501657
            ]
          ]
        ]
      },
      "properties": {
        "osm_type": "way",
        "osm_id": 1051193637,
        "osm_natural": "scrub",
        "layer_id": "osm_vegetation_landcover",
        "source_name": "OpenStreetMap via Overpass API",
        "source_url": "https://overpass.private.coffee/api/interpreter",
        "retrieved_at": "2026-05-03T04:15:44.993Z",
        "provisional": true
      }
    },
    {
      "type": "Feature",
      "geometry": {
        "type": "Polygon",
        "coordinates": [
          [
            [
              -121.880342,
              37.501586
            ],
            [
              -121.880364,
              37.501583
            ],
            [
              -121.880374,
              37.501579
            ],
            [
              -121.880397,
              37.501561
            ],
            [
              -121.880416,
              37.501553
            ],
            [
              -121.880439,
              37.501553
            ],
            [
              -121.880459,
              37.501561
            ],
            [
              -121.880464,
              37.501568
            ],
            [
              -121.880464,
              37.501577
            ],
            [
              -121.880461,
              37.501586
            ],
            [
              -121.88045,
              37.5016
            ],
            [
              -121.880416,
              37.501622
            ],
            [
              -121.880418,
              37.50163
            ],
            [
              -121.880424,
              37.501638
            ],
            [
              -121.880441,
              37.50165
            ],
            [
              -121.88045,
              37.501655
            ],
            [
              -121.880449,
              37.501663
            ],
            [
              -121.880445,
              37.501671
            ],
            [
              -121.880428,
              37.501682
            ],
            [
              -121.880424,
              37.50169
            ],
            [
              -121.88042,
              37.501707
            ],
            [
              -121.880413,
              37.501714
            ],
            [
              -121.880372,
              37.501724
            ],
            [
              -121.88035,
              37.501726
            ],
            [
              -121.88034,
              37.501725
            ],
            [
              -121.880297,
              37.501716
            ],
            [
              -121.880248,
              37.501695
            ],
            [
              -121.880227,
              37.501692
            ],
            [
              -121.880206,
              37.501687
            ],
            [
              -121.880199,
              37.50168
            ],
            [
              -121.880193,
              37.501663
            ],
            [
              -121.88019,
              37.501638
            ],
            [
              -121.880204,
              37.501622
            ],
            [
              -121.880236,
              37.501614
            ],
            [
              -121.88027,
              37.501612
            ],
            [
              -121.880281,
              37.501613
            ],
            [
              -121.880291,
              37.50161
            ],
            [
              -121.880316,
              37.501592
            ],
            [
              -121.880342,
              37.501586
            ]
          ]
        ]
      },
      "properties": {
        "osm_type": "way",
        "osm_id": 1051193638,
        "osm_natural": "scrub",
        "layer_id": "osm_vegetation_landcover",
        "source_name": "OpenStreetMap via Overpass API",
        "source_url": "https://overpass.private.coffee/api/interpreter",
        "retrieved_at": "2026-05-03T04:15:44.993Z",
        "provisional": true
      }
    },
    {
      "type": "Feature",
      "geometry": {
        "type": "Polygon",
        "coordinates": [
          [
            [
              -121.880403,
              37.50129
            ],
            [
              -121.88042,
              37.50128
            ],
            [
              -121.880431,
              37.501278
            ],
            [
              -121.880472,
              37.501292
            ],
            [
              -121.880483,
              37.501293
            ],
            [
              -121.880494,
              37.501291
            ],
            [
              -121.880502,
              37.501285
            ],
            [
              -121.880508,
              37.501278
            ],
            [
              -121.88051,
              37.50127
            ],
            [
              -121.880509,
              37.501261
            ],
            [
              -121.880502,
              37.501245
            ],
            [
              -121.880495,
              37.501239
            ],
            [
              -121.880485,
              37.501243
            ],
            [
              -121.880478,
              37.50125
            ],
            [
              -121.880468,
              37.501252
            ],
            [
              -121.880457,
              37.501251
            ],
            [
              -121.880449,
              37.501246
            ],
            [
              -121.880443,
              37.50123
            ],
            [
              -121.880433,
              37.501227
            ],
            [
              -121.8804,
              37.50123
            ],
            [
              -121.88039,
              37.501232
            ],
            [
              -121.880381,
              37.501237
            ],
            [
              -121.88036,
              37.501235
            ],
            [
              -121.880349,
              37.501238
            ],
            [
              -121.880334,
              37.50125
            ],
            [
              -121.88033,
              37.501258
            ],
            [
              -121.880327,
              37.501294
            ],
            [
              -121.880315,
              37.501308
            ],
            [
              -121.880305,
              37.501312
            ],
            [
              -121.880295,
              37.501313
            ],
            [
              -121.880286,
              37.501307
            ],
            [
              -121.880283,
              37.50129
            ],
            [
              -121.880288,
              37.501288
            ],
            [
              -121.880295,
              37.501292
            ],
            [
              -121.880306,
              37.501291
            ],
            [
              -121.880311,
              37.501284
            ],
            [
              -121.88031,
              37.501275
            ],
            [
              -121.880303,
              37.501269
            ],
            [
              -121.880292,
              37.501268
            ],
            [
              -121.880285,
              37.501275
            ],
            [
              -121.880275,
              37.501278
            ],
            [
              -121.880267,
              37.501273
            ],
            [
              -121.880262,
              37.501265
            ],
            [
              -121.880253,
              37.50126
            ],
            [
              -121.880242,
              37.501258
            ],
            [
              -121.880231,
              37.501261
            ],
            [
              -121.880223,
              37.501266
            ],
            [
              -121.880209,
              37.501283
            ],
            [
              -121.880209,
              37.501301
            ],
            [
              -121.880215,
              37.501326
            ],
            [
              -121.880216,
              37.501344
            ],
            [
              -121.880212,
              37.501352
            ],
            [
              -121.880214,
              37.50136
            ],
            [
              -121.880225,
              37.50136
            ],
            [
              -121.880235,
              37.501356
            ],
            [
              -121.88027,
              37.501336
            ],
            [
              -121.88028,
              37.501332
            ],
            [
              -121.88032,
              37.501348
            ],
            [
              -121.880329,
              37.501353
            ],
            [
              -121.880336,
              37.50136
            ],
            [
              -121.880342,
              37.501386
            ],
            [
              -121.880358,
              37.501409
            ],
            [
              -121.88038,
              37.50143
            ],
            [
              -121.880382,
              37.501438
            ],
            [
              -121.880372,
              37.501442
            ],
            [
              -121.880346,
              37.501427
            ],
            [
              -121.880336,
              37.501424
            ],
            [
              -121.880326,
              37.501424
            ],
            [
              -121.880315,
              37.501426
            ],
            [
              -121.880307,
              37.501431
            ],
            [
              -121.880296,
              37.501446
            ],
            [
              -121.880287,
              37.501451
            ],
            [
              -121.880266,
              37.501455
            ],
            [
              -121.880237,
              37.501464
            ],
            [
              -121.880228,
              37.501468
            ],
            [
              -121.880224,
              37.501476
            ],
            [
              -121.88023,
              37.501484
            ],
            [
              -121.880245,
              37.501497
            ],
            [
              -121.880266,
              37.501504
            ],
            [
              -121.880277,
              37.501505
            ],
            [
              -121.880285,
              37.501499
            ],
            [
              -121.880296,
              37.501484
            ],
            [
              -121.880307,
              37.501483
            ],
            [
              -121.880328,
              37.501486
            ],
            [
              -121.880346,
              37.501496
            ],
            [
              -121.880358,
              37.501497
            ],
            [
              -121.880368,
              37.501496
            ],
            [
              -121.880389,
              37.501488
            ],
            [
              -121.8804,
              37.501489
            ],
            [
              -121.880407,
              37.501496
            ],
            [
              -121.880425,
              37.501518
            ],
            [
              -121.880448,
              37.501518
            ],
            [
              -121.880456,
              37.501512
            ],
            [
              -121.880459,
              37.501504
            ],
            [
              -121.880459,
              37.501495
            ],
            [
              -121.880455,
              37.501487
            ],
            [
              -121.880448,
              37.50148
            ],
            [
              -121.880433,
              37.501469
            ],
            [
              -121.880427,
              37.501458
            ],
            [
              -121.880429,
              37.501449
            ],
            [
              -121.880435,
              37.501442
            ],
            [
              -121.880442,
              37.501435
            ],
            [
              -121.880461,
              37.501427
            ],
            [
              -121.880469,
              37.50142
            ],
            [
              -121.880477,
              37.501404
            ],
            [
              -121.88048,
              37.501395
            ],
            [
              -121.88048,
              37.501386
            ],
            [
              -121.880477,
              37.501378
            ],
            [
              -121.88047,
              37.501372
            ],
            [
              -121.880452,
              37.501362
            ],
            [
              -121.880448,
              37.501356
            ],
            [
              -121.880435,
              37.501321
            ],
            [
              -121.880439,
              37.501313
            ],
            [
              -121.880433,
              37.501305
            ],
            [
              -121.880422,
              37.501304
            ],
            [
              -121.8804,
              37.501305
            ],
            [
              -121.880394,
              37.501298
            ],
            [
              -121.880395,
              37.501291
            ],
            [
              -121.880403,
              37.50129
            ]
          ]
        ]
      },
      "properties": {
        "osm_type": "way",
        "osm_id": 1051193639,
        "osm_natural": "scrub",
        "layer_id": "osm_vegetation_landcover",
        "source_name": "OpenStreetMap via Overpass API",
        "source_url": "https://overpass.private.coffee/api/interpreter",
        "retrieved_at": "2026-05-03T04:15:44.993Z",
        "provisional": true
      }
    },
    {
      "type": "Feature",
      "geometry": {
        "type": "Polygon",
        "coordinates": [
          [
            [
              -121.881206,
              37.501104
            ],
            [
              -121.881215,
              37.501099
            ],
            [
              -121.881226,
              37.5011
            ],
            [
              -121.881233,
              37.501108
            ],
            [
              -121.881244,
              37.501106
            ],
            [
              -121.881252,
              37.5011
            ],
            [
              -121.881254,
              37.501092
            ],
            [
              -121.881247,
              37.501085
            ],
            [
              -121.881237,
              37.501083
            ],
            [
              -121.881229,
              37.501077
            ],
            [
              -121.881226,
              37.501069
            ],
            [
              -121.881216,
              37.501066
            ],
            [
              -121.881205,
              37.501068
            ],
            [
              -121.881195,
              37.501072
            ],
            [
              -121.881188,
              37.501078
            ],
            [
              -121.881182,
              37.501085
            ],
            [
              -121.881181,
              37.501094
            ],
            [
              -121.881186,
              37.501102
            ],
            [
              -121.881195,
              37.501105
            ],
            [
              -121.881206,
              37.501104
            ]
          ]
        ]
      },
      "properties": {
        "osm_type": "way",
        "osm_id": 1051193640,
        "osm_natural": "scrub",
        "layer_id": "osm_vegetation_landcover",
        "source_name": "OpenStreetMap via Overpass API",
        "source_url": "https://overpass.private.coffee/api/interpreter",
        "retrieved_at": "2026-05-03T04:15:44.993Z",
        "provisional": true
      }
    },
    {
      "type": "Feature",
      "geometry": {
        "type": "Polygon",
        "coordinates": [
          [
            [
              -121.880873,
              37.501134
            ],
            [
              -121.880882,
              37.501129
            ],
            [
              -121.880884,
              37.501125
            ],
            [
              -121.880882,
              37.501117
            ],
            [
              -121.880878,
              37.501114
            ],
            [
              -121.880862,
              37.501114
            ],
            [
              -121.880852,
              37.501117
            ],
            [
              -121.880839,
              37.501126
            ],
            [
              -121.880835,
              37.501134
            ],
            [
              -121.880833,
              37.501143
            ],
            [
              -121.880842,
              37.501154
            ],
            [
              -121.880852,
              37.501157
            ],
            [
              -121.880858,
              37.501156
            ],
            [
              -121.880861,
              37.501153
            ],
            [
              -121.880864,
              37.501148
            ],
            [
              -121.880864,
              37.50114
            ],
            [
              -121.880866,
              37.501136
            ],
            [
              -121.880873,
              37.501134
            ]
          ]
        ]
      },
      "properties": {
        "osm_type": "way",
        "osm_id": 1051193641,
        "osm_natural": "scrub",
        "layer_id": "osm_vegetation_landcover",
        "source_name": "OpenStreetMap via Overpass API",
        "source_url": "https://overpass.private.coffee/api/interpreter",
        "retrieved_at": "2026-05-03T04:15:44.993Z",
        "provisional": true
      }
    },
    {
      "type": "Feature",
      "geometry": {
        "type": "Polygon",
        "coordinates": [
          [
            [
              -121.880945,
              37.501125
            ],
            [
              -121.880945,
              37.501136
            ],
            [
              -121.880943,
              37.501143
            ],
            [
              -121.880936,
              37.501149
            ],
            [
              -121.88091,
              37.501162
            ],
            [
              -121.880899,
              37.501171
            ],
            [
              -121.880894,
              37.501173
            ],
            [
              -121.880888,
              37.501174
            ],
            [
              -121.880883,
              37.501173
            ],
            [
              -121.880875,
              37.501168
            ],
            [
              -121.880869,
              37.501161
            ],
            [
              -121.880868,
              37.501156
            ],
            [
              -121.88087,
              37.501148
            ],
            [
              -121.880881,
              37.501145
            ],
            [
              -121.880903,
              37.501145
            ],
            [
              -121.880919,
              37.501141
            ],
            [
              -121.880922,
              37.501138
            ],
            [
              -121.880927,
              37.50112
            ],
            [
              -121.880934,
              37.501116
            ],
            [
              -121.880942,
              37.501116
            ],
            [
              -121.880945,
              37.501125
            ]
          ]
        ]
      },
      "properties": {
        "osm_type": "way",
        "osm_id": 1051193642,
        "osm_natural": "scrub",
        "layer_id": "osm_vegetation_landcover",
        "source_name": "OpenStreetMap via Overpass API",
        "source_url": "https://overpass.private.coffee/api/interpreter",
        "retrieved_at": "2026-05-03T04:15:44.993Z",
        "provisional": true
      }
    },
    {
      "type": "Feature",
      "geometry": {
        "type": "Polygon",
        "coordinates": [
          [
            [
              -121.880999,
              37.501092
            ],
            [
              -121.881003,
              37.501109
            ],
            [
              -121.881002,
              37.501118
            ],
            [
              -121.880993,
              37.501123
            ],
            [
              -121.880982,
              37.501122
            ],
            [
              -121.880977,
              37.501114
            ],
            [
              -121.880975,
              37.501097
            ],
            [
              -121.880971,
              37.501089
            ],
            [
              -121.880979,
              37.501083
            ],
            [
              -121.88099,
              37.501084
            ],
            [
              -121.880999,
              37.501092
            ]
          ]
        ]
      },
      "properties": {
        "osm_type": "way",
        "osm_id": 1051193643,
        "osm_natural": "scrub",
        "layer_id": "osm_vegetation_landcover",
        "source_name": "OpenStreetMap via Overpass API",
        "source_url": "https://overpass.private.coffee/api/interpreter",
        "retrieved_at": "2026-05-03T04:15:44.993Z",
        "provisional": true
      }
    },
    {
      "type": "Feature",
      "geometry": {
        "type": "Polygon",
        "coordinates": [
          [
            [
              -121.880719,
              37.501217
            ],
            [
              -121.880703,
              37.50123
            ],
            [
              -121.880697,
              37.501237
            ],
            [
              -121.880687,
              37.501235
            ],
            [
              -121.880687,
              37.501227
            ],
            [
              -121.880693,
              37.501219
            ],
            [
              -121.880719,
              37.501204
            ],
            [
              -121.880725,
              37.501196
            ],
            [
              -121.880725,
              37.501188
            ],
            [
              -121.88072,
              37.50118
            ],
            [
              -121.880711,
              37.501176
            ],
            [
              -121.880701,
              37.501174
            ],
            [
              -121.880689,
              37.501175
            ],
            [
              -121.880679,
              37.501178
            ],
            [
              -121.88065,
              37.50119
            ],
            [
              -121.880626,
              37.501208
            ],
            [
              -121.880611,
              37.501229
            ],
            [
              -121.880601,
              37.501231
            ],
            [
              -121.880589,
              37.501231
            ],
            [
              -121.880548,
              37.501224
            ],
            [
              -121.880539,
              37.501229
            ],
            [
              -121.880537,
              37.501237
            ],
            [
              -121.880525,
              37.501261
            ],
            [
              -121.880526,
              37.50127
            ],
            [
              -121.880534,
              37.501277
            ],
            [
              -121.880545,
              37.501276
            ],
            [
              -121.880554,
              37.501271
            ],
            [
              -121.88056,
              37.501255
            ],
            [
              -121.880569,
              37.50125
            ],
            [
              -121.88058,
              37.501252
            ],
            [
              -121.880593,
              37.501266
            ],
            [
              -121.880626,
              37.501261
            ],
            [
              -121.880635,
              37.501266
            ],
            [
              -121.88064,
              37.501274
            ],
            [
              -121.88064,
              37.501282
            ],
            [
              -121.880631,
              37.501287
            ],
            [
              -121.880599,
              37.501286
            ],
            [
              -121.880588,
              37.501288
            ],
            [
              -121.880581,
              37.501295
            ],
            [
              -121.880587,
              37.501311
            ],
            [
              -121.880588,
              37.50132
            ],
            [
              -121.880566,
              37.501339
            ],
            [
              -121.880546,
              37.501346
            ],
            [
              -121.880538,
              37.501352
            ],
            [
              -121.880536,
              37.501361
            ],
            [
              -121.880539,
              37.50137
            ],
            [
              -121.880547,
              37.501375
            ],
            [
              -121.880557,
              37.501379
            ],
            [
              -121.880567,
              37.501375
            ],
            [
              -121.880583,
              37.501363
            ],
            [
              -121.880616,
              37.50136
            ],
            [
              -121.880651,
              37.501338
            ],
            [
              -121.880658,
              37.501331
            ],
            [
              -121.880664,
              37.501324
            ],
            [
              -121.880667,
              37.501316
            ],
            [
              -121.880668,
              37.501307
            ],
            [
              -121.880664,
              37.50129
            ],
            [
              -121.880663,
              37.501281
            ],
            [
              -121.880673,
              37.501278
            ],
            [
              -121.880684,
              37.501281
            ],
            [
              -121.880692,
              37.501286
            ],
            [
              -121.880706,
              37.5013
            ],
            [
              -121.880717,
              37.501303
            ],
            [
              -121.880728,
              37.5013
            ],
            [
              -121.880736,
              37.501294
            ],
            [
              -121.880749,
              37.50128
            ],
            [
              -121.880752,
              37.501263
            ],
            [
              -121.880742,
              37.501213
            ],
            [
              -121.880734,
              37.501209
            ],
            [
              -121.880726,
              37.501209
            ],
            [
              -121.880719,
              37.501217
            ]
          ]
        ]
      },
      "properties": {
        "osm_type": "way",
        "osm_id": 1051193644,
        "osm_natural": "scrub",
        "layer_id": "osm_vegetation_landcover",
        "source_name": "OpenStreetMap via Overpass API",
        "source_url": "https://overpass.private.coffee/api/interpreter",
        "retrieved_at": "2026-05-03T04:15:44.993Z",
        "provisional": true
      }
    },
    {
      "type": "Feature",
      "geometry": {
        "type": "Polygon",
        "coordinates": [
          [
            [
              -121.880969,
              37.501221
            ],
            [
              -121.881014,
              37.501222
            ],
            [
              -121.881024,
              37.501226
            ],
            [
              -121.881029,
              37.501234
            ],
            [
              -121.88103,
              37.501243
            ],
            [
              -121.881025,
              37.501251
            ],
            [
              -121.881016,
              37.501256
            ],
            [
              -121.881005,
              37.501256
            ],
            [
              -121.880962,
              37.501255
            ],
            [
              -121.880951,
              37.501257
            ],
            [
              -121.880922,
              37.501267
            ],
            [
              -121.880889,
              37.501269
            ],
            [
              -121.880867,
              37.50127
            ],
            [
              -121.880803,
              37.50128
            ],
            [
              -121.880792,
              37.501281
            ],
            [
              -121.880782,
              37.501278
            ],
            [
              -121.880775,
              37.501272
            ],
            [
              -121.88077,
              37.501264
            ],
            [
              -121.880769,
              37.501255
            ],
            [
              -121.880771,
              37.501247
            ],
            [
              -121.880785,
              37.501223
            ],
            [
              -121.880792,
              37.501216
            ],
            [
              -121.880801,
              37.501211
            ],
            [
              -121.880812,
              37.501208
            ],
            [
              -121.880823,
              37.501208
            ],
            [
              -121.880867,
              37.501214
            ],
            [
              -121.88089,
              37.501214
            ],
            [
              -121.880899,
              37.50121
            ],
            [
              -121.880925,
              37.501194
            ],
            [
              -121.880937,
              37.501193
            ],
            [
              -121.880958,
              37.501197
            ],
            [
              -121.880968,
              37.501201
            ],
            [
              -121.880974,
              37.501209
            ],
            [
              -121.880969,
              37.501221
            ]
          ]
        ]
      },
      "properties": {
        "osm_type": "way",
        "osm_id": 1051193645,
        "osm_natural": "scrub",
        "layer_id": "osm_vegetation_landcover",
        "source_name": "OpenStreetMap via Overpass API",
        "source_url": "https://overpass.private.coffee/api/interpreter",
        "retrieved_at": "2026-05-03T04:15:44.993Z",
        "provisional": true
      }
    },
    {
      "type": "Feature",
      "geometry": {
        "type": "Polygon",
        "coordinates": [
          [
            [
              -121.881411,
              37.501068
            ],
            [
              -121.881418,
              37.50106
            ],
            [
              -121.881427,
              37.501056
            ],
            [
              -121.881461,
              37.501055
            ],
            [
              -121.88147,
              37.50106
            ],
            [
              -121.881477,
              37.501067
            ],
            [
              -121.88148,
              37.501076
            ],
            [
              -121.881487,
              37.501082
            ],
            [
              -121.881507,
              37.50109
            ],
            [
              -121.881512,
              37.501098
            ],
            [
              -121.881504,
              37.501103
            ],
            [
              -121.881494,
              37.501105
            ],
            [
              -121.881483,
              37.501103
            ],
            [
              -121.881465,
              37.501094
            ],
            [
              -121.881455,
              37.501091
            ],
            [
              -121.881433,
              37.50109
            ],
            [
              -121.881424,
              37.501086
            ],
            [
              -121.881417,
              37.50108
            ],
            [
              -121.881411,
              37.501068
            ]
          ]
        ]
      },
      "properties": {
        "osm_type": "way",
        "osm_id": 1051193646,
        "osm_natural": "scrub",
        "layer_id": "osm_vegetation_landcover",
        "source_name": "OpenStreetMap via Overpass API",
        "source_url": "https://overpass.private.coffee/api/interpreter",
        "retrieved_at": "2026-05-03T04:15:44.993Z",
        "provisional": true
      }
    },
    {
      "type": "Feature",
      "geometry": {
        "type": "Polygon",
        "coordinates": [
          [
            [
              -121.881937,
              37.500095
            ],
            [
              -121.881943,
              37.500103
            ],
            [
              -121.881952,
              37.500109
            ],
            [
              -121.881962,
              37.500112
            ],
            [
              -121.881973,
              37.500112
            ],
            [
              -121.881993,
              37.500105
            ],
            [
              -121.882004,
              37.500109
            ],
            [
              -121.882011,
              37.500116
            ],
            [
              -121.882013,
              37.500124
            ],
            [
              -121.882015,
              37.500142
            ],
            [
              -121.882014,
              37.50016
            ],
            [
              -121.882008,
              37.500185
            ],
            [
              -121.882004,
              37.500193
            ],
            [
              -121.88198,
              37.500223
            ],
            [
              -121.881971,
              37.500228
            ],
            [
              -121.881961,
              37.500231
            ],
            [
              -121.88195,
              37.500231
            ],
            [
              -121.88193,
              37.500226
            ],
            [
              -121.881923,
              37.500219
            ],
            [
              -121.881925,
              37.50021
            ],
            [
              -121.88194,
              37.500197
            ],
            [
              -121.881936,
              37.500189
            ],
            [
              -121.881925,
              37.500188
            ],
            [
              -121.881904,
              37.500191
            ],
            [
              -121.881894,
              37.50019
            ],
            [
              -121.88186,
              37.500169
            ],
            [
              -121.881838,
              37.50017
            ],
            [
              -121.881828,
              37.500168
            ],
            [
              -121.881823,
              37.50016
            ],
            [
              -121.881829,
              37.500153
            ],
            [
              -121.881862,
              37.50015
            ],
            [
              -121.88187,
              37.500144
            ],
            [
              -121.881873,
              37.500136
            ],
            [
              -121.881874,
              37.500127
            ],
            [
              -121.881882,
              37.500121
            ],
            [
              -121.881892,
              37.500117
            ],
            [
              -121.881898,
              37.50011
            ],
            [
              -121.881902,
              37.500101
            ],
            [
              -121.881903,
              37.500093
            ],
            [
              -121.8819,
              37.500076
            ],
            [
              -121.881892,
              37.50007
            ],
            [
              -121.881837,
              37.500069
            ],
            [
              -121.881819,
              37.500078
            ],
            [
              -121.881813,
              37.500076
            ],
            [
              -121.881813,
              37.500071
            ],
            [
              -121.881817,
              37.500064
            ],
            [
              -121.881835,
              37.500053
            ],
            [
              -121.881845,
              37.500038
            ],
            [
              -121.881862,
              37.500022
            ],
            [
              -121.881868,
              37.500005
            ],
            [
              -121.881874,
              37.499998
            ],
            [
              -121.881883,
              37.499994
            ],
            [
              -121.881894,
              37.499992
            ],
            [
              -121.8819,
              37.5
            ],
            [
              -121.881893,
              37.500034
            ],
            [
              -121.881896,
              37.500043
            ],
            [
              -121.881901,
              37.500051
            ],
            [
              -121.881914,
              37.500066
            ],
            [
              -121.881924,
              37.500071
            ],
            [
              -121.881937,
              37.500095
            ]
          ]
        ]
      },
      "properties": {
        "osm_type": "way",
        "osm_id": 1051193647,
        "osm_natural": "grassland",
        "layer_id": "osm_vegetation_landcover",
        "source_name": "OpenStreetMap via Overpass API",
        "source_url": "https://overpass.private.coffee/api/interpreter",
        "retrieved_at": "2026-05-03T04:15:44.993Z",
        "provisional": true
      }
    },
    {
      "type": "Feature",
      "geometry": {
        "type": "Polygon",
        "coordinates": [
          [
            [
              -121.883008,
              37.500225
            ],
            [
              -121.883019,
              37.50023
            ],
            [
              -121.883041,
              37.500234
            ],
            [
              -121.88305,
              37.500239
            ],
            [
              -121.883058,
              37.500245
            ],
            [
              -121.883061,
              37.500253
            ],
            [
              -121.883062,
              37.500262
            ],
            [
              -121.883058,
              37.50027
            ],
            [
              -121.883051,
              37.500277
            ],
            [
              -121.883041,
              37.50028
            ],
            [
              -121.883019,
              37.500282
            ],
            [
              -121.882987,
              37.500278
            ],
            [
              -121.882977,
              37.500274
            ],
            [
              -121.88297,
              37.500268
            ],
            [
              -121.882959,
              37.500244
            ],
            [
              -121.882958,
              37.500236
            ],
            [
              -121.882958,
              37.500227
            ],
            [
              -121.88296,
              37.500218
            ],
            [
              -121.882981,
              37.500212
            ],
            [
              -121.882998,
              37.500214
            ],
            [
              -121.883008,
              37.500225
            ]
          ]
        ]
      },
      "properties": {
        "osm_type": "way",
        "osm_id": 1051193649,
        "osm_natural": "wood",
        "layer_id": "osm_vegetation_landcover",
        "source_name": "OpenStreetMap via Overpass API",
        "source_url": "https://overpass.private.coffee/api/interpreter",
        "retrieved_at": "2026-05-03T04:15:44.993Z",
        "provisional": true
      }
    },
    {
      "type": "Feature",
      "geometry": {
        "type": "Polygon",
        "coordinates": [
          [
            [
              -121.883,
              37.500128
            ],
            [
              -121.883008,
              37.500133
            ],
            [
              -121.883011,
              37.500142
            ],
            [
              -121.883021,
              37.500146
            ],
            [
              -121.88303,
              37.500141
            ],
            [
              -121.883031,
              37.500133
            ],
            [
              -121.883029,
              37.500124
            ],
            [
              -121.883025,
              37.500116
            ],
            [
              -121.883017,
              37.50011
            ],
            [
              -121.883,
              37.500111
            ],
            [
              -121.882995,
              37.500119
            ],
            [
              -121.883,
              37.500128
            ]
          ]
        ]
      },
      "properties": {
        "osm_type": "way",
        "osm_id": 1051193650,
        "osm_natural": "wood",
        "layer_id": "osm_vegetation_landcover",
        "source_name": "OpenStreetMap via Overpass API",
        "source_url": "https://overpass.private.coffee/api/interpreter",
        "retrieved_at": "2026-05-03T04:15:44.993Z",
        "provisional": true
      }
    },
    {
      "type": "Feature",
      "geometry": {
        "type": "Polygon",
        "coordinates": [
          [
            [
              -121.883072,
              37.500129
            ],
            [
              -121.883083,
              37.500132
            ],
            [
              -121.883094,
              37.500132
            ],
            [
              -121.8831,
              37.500125
            ],
            [
              -121.883102,
              37.500117
            ],
            [
              -121.883102,
              37.500108
            ],
            [
              -121.883097,
              37.5001
            ],
            [
              -121.883088,
              37.500096
            ],
            [
              -121.883077,
              37.500096
            ],
            [
              -121.883066,
              37.500097
            ],
            [
              -121.883059,
              37.500103
            ],
            [
              -121.883059,
              37.500112
            ],
            [
              -121.883072,
              37.500129
            ]
          ]
        ]
      },
      "properties": {
        "osm_type": "way",
        "osm_id": 1051193651,
        "osm_natural": "wood",
        "layer_id": "osm_vegetation_landcover",
        "source_name": "OpenStreetMap via Overpass API",
        "source_url": "https://overpass.private.coffee/api/interpreter",
        "retrieved_at": "2026-05-03T04:15:44.993Z",
        "provisional": true
      }
    },
    {
      "type": "Feature",
      "geometry": {
        "type": "Polygon",
        "coordinates": [
          [
            [
              -121.883107,
              37.500194
            ],
            [
              -121.883118,
              37.500196
            ],
            [
              -121.883128,
              37.500194
            ],
            [
              -121.883138,
              37.500189
            ],
            [
              -121.883143,
              37.500181
            ],
            [
              -121.883147,
              37.500173
            ],
            [
              -121.883147,
              37.500165
            ],
            [
              -121.883145,
              37.500156
            ],
            [
              -121.883139,
              37.500149
            ],
            [
              -121.883129,
              37.500144
            ],
            [
              -121.883108,
              37.500145
            ],
            [
              -121.883098,
              37.50015
            ],
            [
              -121.88309,
              37.500155
            ],
            [
              -121.883089,
              37.500164
            ],
            [
              -121.883107,
              37.500194
            ]
          ]
        ]
      },
      "properties": {
        "osm_type": "way",
        "osm_id": 1051193652,
        "osm_natural": "wood",
        "layer_id": "osm_vegetation_landcover",
        "source_name": "OpenStreetMap via Overpass API",
        "source_url": "https://overpass.private.coffee/api/interpreter",
        "retrieved_at": "2026-05-03T04:15:44.993Z",
        "provisional": true
      }
    },
    {
      "type": "Feature",
      "geometry": {
        "type": "Polygon",
        "coordinates": [
          [
            [
              -121.883164,
              37.500441
            ],
            [
              -121.883175,
              37.500439
            ],
            [
              -121.883183,
              37.500433
            ],
            [
              -121.883186,
              37.500415
            ],
            [
              -121.883186,
              37.500407
            ],
            [
              -121.883184,
              37.500399
            ],
            [
              -121.883175,
              37.500394
            ],
            [
              -121.883143,
              37.500392
            ],
            [
              -121.883134,
              37.500388
            ],
            [
              -121.883123,
              37.500387
            ],
            [
              -121.883114,
              37.500391
            ],
            [
              -121.883111,
              37.5004
            ],
            [
              -121.883124,
              37.500414
            ],
            [
              -121.883122,
              37.500423
            ],
            [
              -121.883129,
              37.50043
            ],
            [
              -121.883149,
              37.500438
            ],
            [
              -121.883164,
              37.500441
            ]
          ]
        ]
      },
      "properties": {
        "osm_type": "way",
        "osm_id": 1051193653,
        "osm_natural": "wood",
        "layer_id": "osm_vegetation_landcover",
        "source_name": "OpenStreetMap via Overpass API",
        "source_url": "https://overpass.private.coffee/api/interpreter",
        "retrieved_at": "2026-05-03T04:15:44.993Z",
        "provisional": true
      }
    },
    {
      "type": "Feature",
      "geometry": {
        "type": "Polygon",
        "coordinates": [
          [
            [
              -121.883293,
              37.500433
            ],
            [
              -121.883301,
              37.500417
            ],
            [
              -121.883305,
              37.5004
            ],
            [
              -121.883303,
              37.500383
            ],
            [
              -121.8833,
              37.500374
            ],
            [
              -121.883295,
              37.500367
            ],
            [
              -121.883285,
              37.500363
            ],
            [
              -121.883264,
              37.500362
            ],
            [
              -121.883253,
              37.500365
            ],
            [
              -121.883244,
              37.500369
            ],
            [
              -121.883238,
              37.500376
            ],
            [
              -121.883238,
              37.500385
            ],
            [
              -121.883242,
              37.500411
            ],
            [
              -121.883253,
              37.500427
            ],
            [
              -121.883261,
              37.500433
            ],
            [
              -121.88328,
              37.500436
            ],
            [
              -121.883293,
              37.500433
            ]
          ]
        ]
      },
      "properties": {
        "osm_type": "way",
        "osm_id": 1051193654,
        "osm_natural": "wood",
        "layer_id": "osm_vegetation_landcover",
        "source_name": "OpenStreetMap via Overpass API",
        "source_url": "https://overpass.private.coffee/api/interpreter",
        "retrieved_at": "2026-05-03T04:15:44.993Z",
        "provisional": true
      }
    },
    {
      "type": "Feature",
      "geometry": {
        "type": "Polygon",
        "coordinates": [
          [
            [
              -121.881703,
              37.500871
            ],
            [
              -121.881702,
              37.500862
            ],
            [
              -121.881705,
              37.500854
            ],
            [
              -121.881714,
              37.500849
            ],
            [
              -121.881746,
              37.500843
            ],
            [
              -121.881763,
              37.500832
            ],
            [
              -121.881773,
              37.500829
            ],
            [
              -121.881784,
              37.50083
            ],
            [
              -121.881815,
              37.500841
            ],
            [
              -121.881869,
              37.500855
            ],
            [
              -121.88189,
              37.500862
            ],
            [
              -121.881899,
              37.500867
            ],
            [
              -121.881918,
              37.500889
            ],
            [
              -121.881928,
              37.500919
            ],
            [
              -121.881929,
              37.500928
            ],
            [
              -121.881925,
              37.500936
            ],
            [
              -121.881909,
              37.500959
            ],
            [
              -121.881879,
              37.500984
            ],
            [
              -121.88187,
              37.500989
            ],
            [
              -121.881815,
              37.501016
            ],
            [
              -121.881775,
              37.501032
            ],
            [
              -121.881731,
              37.501057
            ],
            [
              -121.88171,
              37.501061
            ],
            [
              -121.881689,
              37.501063
            ],
            [
              -121.88168,
              37.501058
            ],
            [
              -121.881666,
              37.501045
            ],
            [
              -121.88166,
              37.501038
            ],
            [
              -121.881657,
              37.501029
            ],
            [
              -121.881637,
              37.501023
            ],
            [
              -121.881632,
              37.501016
            ],
            [
              -121.881631,
              37.501007
            ],
            [
              -121.881635,
              37.50099
            ],
            [
              -121.881658,
              37.500971
            ],
            [
              -121.881688,
              37.50095
            ],
            [
              -121.881716,
              37.500913
            ],
            [
              -121.881719,
              37.500905
            ],
            [
              -121.88172,
              37.500887
            ],
            [
              -121.881716,
              37.500879
            ],
            [
              -121.881703,
              37.500871
            ]
          ]
        ]
      },
      "properties": {
        "osm_type": "way",
        "osm_id": 1051193655,
        "osm_natural": "wood",
        "layer_id": "osm_vegetation_landcover",
        "source_name": "OpenStreetMap via Overpass API",
        "source_url": "https://overpass.private.coffee/api/interpreter",
        "retrieved_at": "2026-05-03T04:15:44.993Z",
        "provisional": true
      }
    },
    {
      "type": "Feature",
      "geometry": {
        "type": "Polygon",
        "coordinates": [
          [
            [
              -121.882311,
              37.500717
            ],
            [
              -121.882316,
              37.500701
            ],
            [
              -121.88233,
              37.500668
            ],
            [
              -121.88233,
              37.500651
            ],
            [
              -121.882323,
              37.500635
            ],
            [
              -121.882295,
              37.500608
            ],
            [
              -121.882274,
              37.500603
            ],
            [
              -121.882253,
              37.500606
            ],
            [
              -121.882234,
              37.500614
            ],
            [
              -121.882203,
              37.500636
            ],
            [
              -121.882183,
              37.500643
            ],
            [
              -121.882173,
              37.500658
            ],
            [
              -121.882165,
              37.500692
            ],
            [
              -121.882146,
              37.5007
            ],
            [
              -121.882126,
              37.500694
            ],
            [
              -121.882112,
              37.500681
            ],
            [
              -121.882091,
              37.500683
            ],
            [
              -121.882073,
              37.500693
            ],
            [
              -121.882058,
              37.500704
            ],
            [
              -121.882046,
              37.500719
            ],
            [
              -121.882025,
              37.500723
            ],
            [
              -121.882004,
              37.500724
            ],
            [
              -121.88199,
              37.500737
            ],
            [
              -121.881988,
              37.500754
            ],
            [
              -121.882002,
              37.500772
            ],
            [
              -121.882012,
              37.500775
            ],
            [
              -121.88202,
              37.500781
            ],
            [
              -121.882024,
              37.500789
            ],
            [
              -121.882023,
              37.500798
            ],
            [
              -121.882025,
              37.500807
            ],
            [
              -121.882036,
              37.50081
            ],
            [
              -121.882046,
              37.500809
            ],
            [
              -121.882084,
              37.500791
            ],
            [
              -121.8821,
              37.500779
            ],
            [
              -121.882121,
              37.500759
            ],
            [
              -121.88213,
              37.500755
            ],
            [
              -121.882153,
              37.500753
            ],
            [
              -121.882184,
              37.500745
            ],
            [
              -121.882207,
              37.500743
            ],
            [
              -121.882218,
              37.500743
            ],
            [
              -121.882248,
              37.500755
            ],
            [
              -121.882259,
              37.500758
            ],
            [
              -121.88227,
              37.500757
            ],
            [
              -121.88228,
              37.500754
            ],
            [
              -121.882297,
              37.500743
            ],
            [
              -121.882311,
              37.500717
            ]
          ]
        ]
      },
      "properties": {
        "osm_type": "way",
        "osm_id": 1051193656,
        "osm_natural": "wood",
        "layer_id": "osm_vegetation_landcover",
        "source_name": "OpenStreetMap via Overpass API",
        "source_url": "https://overpass.private.coffee/api/interpreter",
        "retrieved_at": "2026-05-03T04:15:44.993Z",
        "provisional": true
      }
    },
    {
      "type": "Feature",
      "geometry": {
        "type": "Polygon",
        "coordinates": [
          [
            [
              -121.882246,
              37.500054
            ],
            [
              -121.882268,
              37.500054
            ],
            [
              -121.882278,
              37.500051
            ],
            [
              -121.882284,
              37.500043
            ],
            [
              -121.882285,
              37.500026
            ],
            [
              -121.882283,
              37.500017
            ],
            [
              -121.882278,
              37.50001
            ],
            [
              -121.882269,
              37.500005
            ],
            [
              -121.882247,
              37.500003
            ],
            [
              -121.882228,
              37.50001
            ],
            [
              -121.882221,
              37.500017
            ],
            [
              -121.88222,
              37.500026
            ],
            [
              -121.882246,
              37.500054
            ]
          ]
        ]
      },
      "properties": {
        "osm_type": "way",
        "osm_id": 1051193657,
        "osm_natural": "wood",
        "layer_id": "osm_vegetation_landcover",
        "source_name": "OpenStreetMap via Overpass API",
        "source_url": "https://overpass.private.coffee/api/interpreter",
        "retrieved_at": "2026-05-03T04:15:44.993Z",
        "provisional": true
      }
    },
    {
      "type": "Feature",
      "geometry": {
        "type": "Polygon",
        "coordinates": [
          [
            [
              -121.883453,
              37.500203
            ],
            [
              -121.883452,
              37.500212
            ],
            [
              -121.883442,
              37.500215
            ],
            [
              -121.883431,
              37.500217
            ],
            [
              -121.883424,
              37.500223
            ],
            [
              -121.883423,
              37.500232
            ],
            [
              -121.883417,
              37.500239
            ],
            [
              -121.883381,
              37.500245
            ],
            [
              -121.88337,
              37.500246
            ],
            [
              -121.883348,
              37.500244
            ],
            [
              -121.883326,
              37.500244
            ],
            [
              -121.883316,
              37.500247
            ],
            [
              -121.883292,
              37.500245
            ],
            [
              -121.883285,
              37.500238
            ],
            [
              -121.883292,
              37.500231
            ],
            [
              -121.883324,
              37.500224
            ],
            [
              -121.883333,
              37.500219
            ],
            [
              -121.883341,
              37.500213
            ],
            [
              -121.883354,
              37.500199
            ],
            [
              -121.88338,
              37.500182
            ],
            [
              -121.883384,
              37.500175
            ],
            [
              -121.883382,
              37.500158
            ],
            [
              -121.883395,
              37.500144
            ],
            [
              -121.8834,
              37.500136
            ],
            [
              -121.883392,
              37.50012
            ],
            [
              -121.883396,
              37.500104
            ],
            [
              -121.88339,
              37.500097
            ],
            [
              -121.88338,
              37.500095
            ],
            [
              -121.883369,
              37.500096
            ],
            [
              -121.883359,
              37.5001
            ],
            [
              -121.883348,
              37.500098
            ],
            [
              -121.883339,
              37.500094
            ],
            [
              -121.883315,
              37.500077
            ],
            [
              -121.883293,
              37.500074
            ],
            [
              -121.883283,
              37.500077
            ],
            [
              -121.883281,
              37.500086
            ],
            [
              -121.883283,
              37.500094
            ],
            [
              -121.883287,
              37.500103
            ],
            [
              -121.883285,
              37.500111
            ],
            [
              -121.883266,
              37.500132
            ],
            [
              -121.883263,
              37.500159
            ],
            [
              -121.883244,
              37.500167
            ],
            [
              -121.883234,
              37.500182
            ],
            [
              -121.883234,
              37.5002
            ],
            [
              -121.88324,
              37.500217
            ],
            [
              -121.883241,
              37.500234
            ],
            [
              -121.883227,
              37.500247
            ],
            [
              -121.883184,
              37.500239
            ],
            [
              -121.883173,
              37.500254
            ],
            [
              -121.883178,
              37.500269
            ],
            [
              -121.883161,
              37.50028
            ],
            [
              -121.883151,
              37.500282
            ],
            [
              -121.883144,
              37.500289
            ],
            [
              -121.883142,
              37.500298
            ],
            [
              -121.883144,
              37.500306
            ],
            [
              -121.883154,
              37.50031
            ],
            [
              -121.883165,
              37.500309
            ],
            [
              -121.883174,
              37.500304
            ],
            [
              -121.883185,
              37.500303
            ],
            [
              -121.883194,
              37.500308
            ],
            [
              -121.8832,
              37.500315
            ],
            [
              -121.883208,
              37.500321
            ],
            [
              -121.883219,
              37.500323
            ],
            [
              -121.88323,
              37.500321
            ],
            [
              -121.88324,
              37.500318
            ],
            [
              -121.883248,
              37.500312
            ],
            [
              -121.883259,
              37.500296
            ],
            [
              -121.883268,
              37.500292
            ],
            [
              -121.883279,
              37.500293
            ],
            [
              -121.883289,
              37.500296
            ],
            [
              -121.883295,
              37.500304
            ],
            [
              -121.883302,
              37.500321
            ],
            [
              -121.883309,
              37.500328
            ],
            [
              -121.883319,
              37.50033
            ],
            [
              -121.88333,
              37.500327
            ],
            [
              -121.883338,
              37.500322
            ],
            [
              -121.883344,
              37.500315
            ],
            [
              -121.883345,
              37.500306
            ],
            [
              -121.883342,
              37.500289
            ],
            [
              -121.883345,
              37.500281
            ],
            [
              -121.883373,
              37.500274
            ],
            [
              -121.883395,
              37.500279
            ],
            [
              -121.883404,
              37.500284
            ],
            [
              -121.883422,
              37.500306
            ],
            [
              -121.883443,
              37.500309
            ],
            [
              -121.883476,
              37.500305
            ],
            [
              -121.883505,
              37.500292
            ],
            [
              -121.883513,
              37.500287
            ],
            [
              -121.883521,
              37.50028
            ],
            [
              -121.883519,
              37.500268
            ],
            [
              -121.88351,
              37.500262
            ],
            [
              -121.883499,
              37.500261
            ],
            [
              -121.883489,
              37.500263
            ],
            [
              -121.883473,
              37.500275
            ],
            [
              -121.883462,
              37.500276
            ],
            [
              -121.883453,
              37.500272
            ],
            [
              -121.883445,
              37.500266
            ],
            [
              -121.883441,
              37.500258
            ],
            [
              -121.883442,
              37.500249
            ],
            [
              -121.883458,
              37.500237
            ],
            [
              -121.883464,
              37.50023
            ],
            [
              -121.883467,
              37.500222
            ],
            [
              -121.883475,
              37.500216
            ],
            [
              -121.883486,
              37.500216
            ],
            [
              -121.883508,
              37.50022
            ],
            [
              -121.883519,
              37.50022
            ],
            [
              -121.883529,
              37.500216
            ],
            [
              -121.883532,
              37.500208
            ],
            [
              -121.883526,
              37.5002
            ],
            [
              -121.883517,
              37.500195
            ],
            [
              -121.883507,
              37.500191
            ],
            [
              -121.883497,
              37.50019
            ],
            [
              -121.883475,
              37.500191
            ],
            [
              -121.883453,
              37.500203
            ]
          ]
        ]
      },
      "properties": {
        "osm_type": "way",
        "osm_id": 1051193658,
        "osm_natural": "wood",
        "layer_id": "osm_vegetation_landcover",
        "source_name": "OpenStreetMap via Overpass API",
        "source_url": "https://overpass.private.coffee/api/interpreter",
        "retrieved_at": "2026-05-03T04:15:44.993Z",
        "provisional": true
      }
    },
    {
      "type": "Feature",
      "geometry": {
        "type": "Polygon",
        "coordinates": [
          [
            [
              -121.882993,
              37.499911
            ],
            [
              -121.883015,
              37.499907
            ],
            [
              -121.883026,
              37.499905
            ],
            [
              -121.883037,
              37.499906
            ],
            [
              -121.883047,
              37.499902
            ],
            [
              -121.883062,
              37.49989
            ],
            [
              -121.883071,
              37.499874
            ],
            [
              -121.883073,
              37.499857
            ],
            [
              -121.883071,
              37.499831
            ],
            [
              -121.883068,
              37.499823
            ],
            [
              -121.883055,
              37.49981
            ],
            [
              -121.883043,
              37.499795
            ],
            [
              -121.883033,
              37.499793
            ],
            [
              -121.883022,
              37.499793
            ],
            [
              -121.883013,
              37.499798
            ],
            [
              -121.883003,
              37.499801
            ],
            [
              -121.882981,
              37.4998
            ],
            [
              -121.882971,
              37.499803
            ],
            [
              -121.882962,
              37.499808
            ],
            [
              -121.882952,
              37.499823
            ],
            [
              -121.882944,
              37.49984
            ],
            [
              -121.88295,
              37.499856
            ],
            [
              -121.882953,
              37.499882
            ],
            [
              -121.882969,
              37.499895
            ],
            [
              -121.882972,
              37.499903
            ],
            [
              -121.882979,
              37.499911
            ],
            [
              -121.882993,
              37.499911
            ]
          ]
        ]
      },
      "properties": {
        "osm_type": "way",
        "osm_id": 1051193659,
        "osm_natural": "wood",
        "layer_id": "osm_vegetation_landcover",
        "source_name": "OpenStreetMap via Overpass API",
        "source_url": "https://overpass.private.coffee/api/interpreter",
        "retrieved_at": "2026-05-03T04:15:44.993Z",
        "provisional": true
      }
    },
    {
      "type": "Feature",
      "geometry": {
        "type": "Polygon",
        "coordinates": [
          [
            [
              -121.882312,
              37.499577
            ],
            [
              -121.88233,
              37.499588
            ],
            [
              -121.882359,
              37.499601
            ],
            [
              -121.882382,
              37.499602
            ],
            [
              -121.882393,
              37.499604
            ],
            [
              -121.882399,
              37.499612
            ],
            [
              -121.882396,
              37.499629
            ],
            [
              -121.882399,
              37.499637
            ],
            [
              -121.882439,
              37.499653
            ],
            [
              -121.882445,
              37.499662
            ],
            [
              -121.882446,
              37.49967
            ],
            [
              -121.88244,
              37.499687
            ],
            [
              -121.882429,
              37.499702
            ],
            [
              -121.88242,
              37.499708
            ],
            [
              -121.8824,
              37.499716
            ],
            [
              -121.882392,
              37.499721
            ],
            [
              -121.882352,
              37.499758
            ],
            [
              -121.882343,
              37.499773
            ],
            [
              -121.882331,
              37.499787
            ],
            [
              -121.882313,
              37.499798
            ],
            [
              -121.882295,
              37.499807
            ],
            [
              -121.882275,
              37.499814
            ],
            [
              -121.882257,
              37.499824
            ],
            [
              -121.882238,
              37.499832
            ],
            [
              -121.882195,
              37.499825
            ],
            [
              -121.882176,
              37.499825
            ],
            [
              -121.882166,
              37.499823
            ],
            [
              -121.882161,
              37.499815
            ],
            [
              -121.882162,
              37.499798
            ],
            [
              -121.882154,
              37.499782
            ],
            [
              -121.882149,
              37.499765
            ],
            [
              -121.882141,
              37.49976
            ],
            [
              -121.882131,
              37.499755
            ],
            [
              -121.882109,
              37.499735
            ],
            [
              -121.882106,
              37.49971
            ],
            [
              -121.882103,
              37.499702
            ],
            [
              -121.882098,
              37.499693
            ],
            [
              -121.882091,
              37.499687
            ],
            [
              -121.882078,
              37.499671
            ],
            [
              -121.882055,
              37.499642
            ],
            [
              -121.882041,
              37.499619
            ],
            [
              -121.882034,
              37.499613
            ],
            [
              -121.882024,
              37.499609
            ],
            [
              -121.882017,
              37.499603
            ],
            [
              -121.882012,
              37.499595
            ],
            [
              -121.882011,
              37.499587
            ],
            [
              -121.882013,
              37.499578
            ],
            [
              -121.882033,
              37.499571
            ],
            [
              -121.882039,
              37.499563
            ],
            [
              -121.882057,
              37.49952
            ],
            [
              -121.882074,
              37.499509
            ],
            [
              -121.882095,
              37.499503
            ],
            [
              -121.882106,
              37.499503
            ],
            [
              -121.882151,
              37.499507
            ],
            [
              -121.882161,
              37.499511
            ],
            [
              -121.882192,
              37.499536
            ],
            [
              -121.882203,
              37.499537
            ],
            [
              -121.882214,
              37.499537
            ],
            [
              -121.882225,
              37.499536
            ],
            [
              -121.882236,
              37.499536
            ],
            [
              -121.882257,
              37.499542
            ],
            [
              -121.882275,
              37.499551
            ],
            [
              -121.882292,
              37.499563
            ],
            [
              -121.882311,
              37.499568
            ],
            [
              -121.882312,
              37.499577
            ]
          ]
        ]
      },
      "properties": {
        "osm_type": "way",
        "osm_id": 1051193660,
        "osm_natural": "wood",
        "layer_id": "osm_vegetation_landcover",
        "source_name": "OpenStreetMap via Overpass API",
        "source_url": "https://overpass.private.coffee/api/interpreter",
        "retrieved_at": "2026-05-03T04:15:44.993Z",
        "provisional": true
      }
    },
    {
      "type": "Feature",
      "geometry": {
        "type": "Polygon",
        "coordinates": [
          [
            [
              -121.882725,
              37.500157
            ],
            [
              -121.882745,
              37.500148
            ],
            [
              -121.882767,
              37.500149
            ],
            [
              -121.882808,
              37.500163
            ],
            [
              -121.882829,
              37.500157
            ],
            [
              -121.882839,
              37.500141
            ],
            [
              -121.882841,
              37.500105
            ],
            [
              -121.882851,
              37.500091
            ],
            [
              -121.882871,
              37.500083
            ],
            [
              -121.882887,
              37.500071
            ],
            [
              -121.882886,
              37.500054
            ],
            [
              -121.88287,
              37.500043
            ],
            [
              -121.882827,
              37.500038
            ],
            [
              -121.882809,
              37.500049
            ],
            [
              -121.882798,
              37.500064
            ],
            [
              -121.882793,
              37.500081
            ],
            [
              -121.882791,
              37.500098
            ],
            [
              -121.882781,
              37.500113
            ],
            [
              -121.88276,
              37.50012
            ],
            [
              -121.882739,
              37.500121
            ],
            [
              -121.882718,
              37.500115
            ],
            [
              -121.882704,
              37.500102
            ],
            [
              -121.88269,
              37.500071
            ],
            [
              -121.88267,
              37.500065
            ],
            [
              -121.882661,
              37.500049
            ],
            [
              -121.882672,
              37.500034
            ],
            [
              -121.88269,
              37.500023
            ],
            [
              -121.882705,
              37.50001
            ],
            [
              -121.882711,
              37.499993
            ],
            [
              -121.882702,
              37.499978
            ],
            [
              -121.88266,
              37.499973
            ],
            [
              -121.882647,
              37.499959
            ],
            [
              -121.882641,
              37.499943
            ],
            [
              -121.882629,
              37.499929
            ],
            [
              -121.882611,
              37.49992
            ],
            [
              -121.88259,
              37.499923
            ],
            [
              -121.882574,
              37.499945
            ],
            [
              -121.882549,
              37.499952
            ],
            [
              -121.882531,
              37.499943
            ],
            [
              -121.882521,
              37.49991
            ],
            [
              -121.882503,
              37.4999
            ],
            [
              -121.882482,
              37.499905
            ],
            [
              -121.882466,
              37.499917
            ],
            [
              -121.882447,
              37.499909
            ],
            [
              -121.882433,
              37.499896
            ],
            [
              -121.8824,
              37.499891
            ],
            [
              -121.882379,
              37.499895
            ],
            [
              -121.882366,
              37.499909
            ],
            [
              -121.882364,
              37.499927
            ],
            [
              -121.882376,
              37.499941
            ],
            [
              -121.882397,
              37.499946
            ],
            [
              -121.882406,
              37.499962
            ],
            [
              -121.882391,
              37.499975
            ],
            [
              -121.882373,
              37.499983
            ],
            [
              -121.882359,
              37.499997
            ],
            [
              -121.882348,
              37.500012
            ],
            [
              -121.88234,
              37.500028
            ],
            [
              -121.882338,
              37.500043
            ],
            [
              -121.882342,
              37.50006
            ],
            [
              -121.882359,
              37.500092
            ],
            [
              -121.882365,
              37.500109
            ],
            [
              -121.882356,
              37.500125
            ],
            [
              -121.882353,
              37.500142
            ],
            [
              -121.882353,
              37.50016
            ],
            [
              -121.882363,
              37.500176
            ],
            [
              -121.882378,
              37.50019
            ],
            [
              -121.882444,
              37.500237
            ],
            [
              -121.882465,
              37.500243
            ],
            [
              -121.882487,
              37.500248
            ],
            [
              -121.882532,
              37.50025
            ],
            [
              -121.882551,
              37.500259
            ],
            [
              -121.882568,
              37.50027
            ],
            [
              -121.882589,
              37.500274
            ],
            [
              -121.882611,
              37.500274
            ],
            [
              -121.882631,
              37.500267
            ],
            [
              -121.882642,
              37.500251
            ],
            [
              -121.882645,
              37.500234
            ],
            [
              -121.882642,
              37.500217
            ],
            [
              -121.882635,
              37.5002
            ],
            [
              -121.882633,
              37.500184
            ],
            [
              -121.882647,
              37.500169
            ],
            [
              -121.882665,
              37.50016
            ],
            [
              -121.88268,
              37.500148
            ],
            [
              -121.882703,
              37.500149
            ],
            [
              -121.882725,
              37.500157
            ]
          ]
        ]
      },
      "properties": {
        "osm_type": "way",
        "osm_id": 1051193661,
        "osm_natural": "wood",
        "layer_id": "osm_vegetation_landcover",
        "source_name": "OpenStreetMap via Overpass API",
        "source_url": "https://overpass.private.coffee/api/interpreter",
        "retrieved_at": "2026-05-03T04:15:44.993Z",
        "provisional": true
      }
    },
    {
      "type": "Feature",
      "geometry": {
        "type": "Polygon",
        "coordinates": [
          [
            [
              -121.872612,
              37.498827
            ],
            [
              -121.872562,
              37.498792
            ],
            [
              -121.872545,
              37.498781
            ],
            [
              -121.87249,
              37.498756
            ],
            [
              -121.87245,
              37.498743
            ],
            [
              -121.87239,
              37.498701
            ],
            [
              -121.872367,
              37.498682
            ],
            [
              -121.872353,
              37.498668
            ],
            [
              -121.872331,
              37.498665
            ],
            [
              -121.87232,
              37.498665
            ],
            [
              -121.8723,
              37.498671
            ],
            [
              -121.872271,
              37.498683
            ],
            [
              -121.872255,
              37.498695
            ],
            [
              -121.872236,
              37.498703
            ],
            [
              -121.872226,
              37.498706
            ],
            [
              -121.872215,
              37.498704
            ],
            [
              -121.872204,
              37.498706
            ],
            [
              -121.872178,
              37.498722
            ],
            [
              -121.872158,
              37.498742
            ],
            [
              -121.872149,
              37.498746
            ],
            [
              -121.872142,
              37.498739
            ],
            [
              -121.872144,
              37.498731
            ],
            [
              -121.872172,
              37.498694
            ],
            [
              -121.872186,
              37.49868
            ],
            [
              -121.872216,
              37.498655
            ],
            [
              -121.872232,
              37.498632
            ],
            [
              -121.872258,
              37.498603
            ],
            [
              -121.872261,
              37.498595
            ],
            [
              -121.872259,
              37.498586
            ],
            [
              -121.872245,
              37.498565
            ],
            [
              -121.872233,
              37.498523
            ],
            [
              -121.872228,
              37.49848
            ],
            [
              -121.872226,
              37.498396
            ],
            [
              -121.872231,
              37.498219
            ],
            [
              -121.872232,
              37.498202
            ],
            [
              -121.872235,
              37.498194
            ],
            [
              -121.872236,
              37.498141
            ],
            [
              -121.872247,
              37.498058
            ],
            [
              -121.872263,
              37.497999
            ],
            [
              -121.872288,
              37.497941
            ],
            [
              -121.872318,
              37.497883
            ],
            [
              -121.872387,
              37.497782
            ],
            [
              -121.872432,
              37.497723
            ],
            [
              -121.872439,
              37.49771
            ],
            [
              -121.872495,
              37.497653
            ],
            [
              -121.872528,
              37.497611
            ],
            [
              -121.872553,
              37.497587
            ],
            [
              -121.872624,
              37.497528
            ],
            [
              -121.872655,
              37.49749
            ],
            [
              -121.872662,
              37.497473
            ],
            [
              -121.872665,
              37.497456
            ],
            [
              -121.872664,
              37.497448
            ],
            [
              -121.872659,
              37.49744
            ],
            [
              -121.872651,
              37.497434
            ],
            [
              -121.872619,
              37.497426
            ],
            [
              -121.872598,
              37.497423
            ],
            [
              -121.872576,
              37.497423
            ],
            [
              -121.872522,
              37.497428
            ],
            [
              -121.872492,
              37.497436
            ],
            [
              -121.872451,
              37.49745
            ],
            [
              -121.872422,
              37.497463
            ],
            [
              -121.872359,
              37.497484
            ],
            [
              -121.872307,
              37.497515
            ],
            [
              -121.872242,
              37.497548
            ],
            [
              -121.872217,
              37.497566
            ],
            [
              -121.872187,
              37.497591
            ],
            [
              -121.872159,
              37.497604
            ],
            [
              -121.872136,
              37.497623
            ],
            [
              -121.87209,
              37.497648
            ],
            [
              -121.872041,
              37.497684
            ],
            [
              -121.872034,
              37.497691
            ],
            [
              -121.872008,
              37.497707
            ],
            [
              -121.871985,
              37.497726
            ],
            [
              -121.871968,
              37.497737
            ],
            [
              -121.871924,
              37.497779
            ],
            [
              -121.871857,
              37.497825
            ],
            [
              -121.871813,
              37.49786
            ],
            [
              -121.871786,
              37.497888
            ],
            [
              -121.871714,
              37.497954
            ],
            [
              -121.871647,
              37.49803
            ],
            [
              -121.871624,
              37.49807
            ],
            [
              -121.871582,
              37.498126
            ],
            [
              -121.871573,
              37.498151
            ],
            [
              -121.871558,
              37.498174
            ],
            [
              -121.871534,
              37.498203
            ],
            [
              -121.871511,
              37.498224
            ],
            [
              -121.871498,
              37.498238
            ],
            [
              -121.871438,
              37.498353
            ],
            [
              -121.871386,
              37.498477
            ],
            [
              -121.871377,
              37.498546
            ],
            [
              -121.871358,
              37.498638
            ],
            [
              -121.871349,
              37.498727
            ],
            [
              -121.871356,
              37.498803
            ],
            [
              -121.871367,
              37.498828
            ],
            [
              -121.871378,
              37.498843
            ],
            [
              -121.871402,
              37.498861
            ],
            [
              -121.871421,
              37.498871
            ],
            [
              -121.871438,
              37.498882
            ],
            [
              -121.871452,
              37.498896
            ],
            [
              -121.871458,
              37.498903
            ],
            [
              -121.871465,
              37.498933
            ],
            [
              -121.871463,
              37.498941
            ],
            [
              -121.871458,
              37.498949
            ],
            [
              -121.871441,
              37.49896
            ],
            [
              -121.871435,
              37.498967
            ],
            [
              -121.871431,
              37.498975
            ],
            [
              -121.871428,
              37.498984
            ],
            [
              -121.871427,
              37.499001
            ],
            [
              -121.87143,
              37.499019
            ],
            [
              -121.871436,
              37.499026
            ],
            [
              -121.871445,
              37.49903
            ],
            [
              -121.871487,
              37.499019
            ],
            [
              -121.871488,
              37.49901
            ],
            [
              -121.871495,
              37.499004
            ],
            [
              -121.871517,
              37.499008
            ],
            [
              -121.871548,
              37.499018
            ],
            [
              -121.871556,
              37.499024
            ],
            [
              -121.87156,
              37.499032
            ],
            [
              -121.871566,
              37.499039
            ],
            [
              -121.871586,
              37.499047
            ],
            [
              -121.871597,
              37.499049
            ],
            [
              -121.871615,
              37.499045
            ],
            [
              -121.871632,
              37.499043
            ],
            [
              -121.871636,
              37.499047
            ],
            [
              -121.871636,
              37.499052
            ],
            [
              -121.871632,
              37.49906
            ],
            [
              -121.871624,
              37.499066
            ],
            [
              -121.87161,
              37.499072
            ],
            [
              -121.871607,
              37.499076
            ],
            [
              -121.871608,
              37.49908
            ],
            [
              -121.871601,
              37.499114
            ],
            [
              -121.871618,
              37.499125
            ],
            [
              -121.871667,
              37.499119
            ],
            [
              -121.871699,
              37.499111
            ],
            [
              -121.871711,
              37.49911
            ],
            [
              -121.871716,
              37.499112
            ],
            [
              -121.871717,
              37.499116
            ],
            [
              -121.871715,
              37.49912
            ],
            [
              -121.87171,
              37.499122
            ],
            [
              -121.871667,
              37.499128
            ],
            [
              -121.871633,
              37.49914
            ],
            [
              -121.871629,
              37.499143
            ],
            [
              -121.871628,
              37.499147
            ],
            [
              -121.871637,
              37.499164
            ],
            [
              -121.871649,
              37.499179
            ],
            [
              -121.871662,
              37.499188
            ],
            [
              -121.87167,
              37.499201
            ],
            [
              -121.871675,
              37.499203
            ],
            [
              -121.87168,
              37.499202
            ],
            [
              -121.871685,
              37.4992
            ],
            [
              -121.871689,
              37.499197
            ],
            [
              -121.871697,
              37.499186
            ],
            [
              -121.871702,
              37.499184
            ],
            [
              -121.871708,
              37.499191
            ],
            [
              -121.871708,
              37.4992
            ],
            [
              -121.871702,
              37.499221
            ],
            [
              -121.871703,
              37.499234
            ],
            [
              -121.8717,
              37.499238
            ],
            [
              -121.87168,
              37.499245
            ],
            [
              -121.871678,
              37.499254
            ],
            [
              -121.87168,
              37.499263
            ],
            [
              -121.871708,
              37.499282
            ],
            [
              -121.871729,
              37.499289
            ],
            [
              -121.871736,
              37.499295
            ],
            [
              -121.871756,
              37.499316
            ],
            [
              -121.871777,
              37.499321
            ],
            [
              -121.871788,
              37.499319
            ],
            [
              -121.871833,
              37.499324
            ],
            [
              -121.871854,
              37.49933
            ],
            [
              -121.871863,
              37.499335
            ],
            [
              -121.87189,
              37.49935
            ],
            [
              -121.871895,
              37.499359
            ],
            [
              -121.871894,
              37.499368
            ],
            [
              -121.871899,
              37.49938
            ],
            [
              -121.871907,
              37.499386
            ],
            [
              -121.87193,
              37.499395
            ],
            [
              -121.871946,
              37.499393
            ],
            [
              -121.871952,
              37.499386
            ],
            [
              -121.87196,
              37.499365
            ],
            [
              -121.871962,
              37.499343
            ],
            [
              -121.871966,
              37.49934
            ],
            [
              -121.871971,
              37.499328
            ],
            [
              -121.871973,
              37.49931
            ],
            [
              -121.871979,
              37.499303
            ],
            [
              -121.871991,
              37.499277
            ],
            [
              -121.871996,
              37.499275
            ],
            [
              -121.872,
              37.499278
            ],
            [
              -121.872001,
              37.499282
            ],
            [
              -121.871996,
              37.499304
            ],
            [
              -121.872002,
              37.499325
            ],
            [
              -121.871999,
              37.499341
            ],
            [
              -121.872,
              37.499355
            ],
            [
              -121.872003,
              37.499363
            ],
            [
              -121.872008,
              37.499371
            ],
            [
              -121.872014,
              37.499378
            ],
            [
              -121.872019,
              37.49938
            ],
            [
              -121.872024,
              37.499381
            ],
            [
              -121.872035,
              37.499379
            ],
            [
              -121.872055,
              37.499371
            ],
            [
              -121.872077,
              37.499371
            ],
            [
              -121.872083,
              37.499369
            ],
            [
              -121.872084,
              37.499365
            ],
            [
              -121.872095,
              37.499356
            ],
            [
              -121.872111,
              37.49935
            ],
            [
              -121.872132,
              37.499348
            ],
            [
              -121.872157,
              37.499339
            ],
            [
              -121.872192,
              37.49934
            ],
            [
              -121.872201,
              37.499344
            ],
            [
              -121.872208,
              37.499352
            ],
            [
              -121.87223,
              37.499354
            ],
            [
              -121.872235,
              37.499356
            ],
            [
              -121.872236,
              37.499361
            ],
            [
              -121.872218,
              37.499371
            ],
            [
              -121.872217,
              37.499375
            ],
            [
              -121.872212,
              37.499377
            ],
            [
              -121.87221,
              37.499381
            ],
            [
              -121.872214,
              37.499389
            ],
            [
              -121.87222,
              37.499396
            ],
            [
              -121.872229,
              37.499417
            ],
            [
              -121.872245,
              37.499432
            ],
            [
              -121.872245,
              37.499436
            ],
            [
              -121.872236,
              37.499452
            ],
            [
              -121.87223,
              37.499473
            ],
            [
              -121.87224,
              37.499503
            ],
            [
              -121.872251,
              37.499519
            ],
            [
              -121.872258,
              37.499535
            ],
            [
              -121.872256,
              37.499566
            ],
            [
              -121.872254,
              37.499573
            ],
            [
              -121.872255,
              37.499575
            ],
            [
              -121.872266,
              37.499574
            ],
            [
              -121.872271,
              37.499577
            ],
            [
              -121.872264,
              37.499588
            ],
            [
              -121.872266,
              37.49959
            ],
            [
              -121.872271,
              37.499592
            ],
            [
              -121.872289,
              37.499579
            ],
            [
              -121.872318,
              37.499564
            ],
            [
              -121.872323,
              37.499563
            ],
            [
              -121.872328,
              37.499565
            ],
            [
              -121.87233,
              37.499569
            ],
            [
              -121.872326,
              37.499572
            ],
            [
              -121.872314,
              37.499581
            ],
            [
              -121.872315,
              37.499585
            ],
            [
              -121.872331,
              37.499587
            ],
            [
              -121.872333,
              37.499592
            ],
            [
              -121.872327,
              37.499599
            ],
            [
              -121.872313,
              37.499604
            ],
            [
              -121.872311,
              37.499608
            ],
            [
              -121.872316,
              37.499611
            ],
            [
              -121.872321,
              37.499612
            ],
            [
              -121.872327,
              37.49961
            ],
            [
              -121.87234,
              37.499603
            ],
            [
              -121.872345,
              37.499602
            ],
            [
              -121.872349,
              37.499605
            ],
            [
              -121.872347,
              37.499609
            ],
            [
              -121.872326,
              37.499615
            ],
            [
              -121.872298,
              37.499637
            ],
            [
              -121.872287,
              37.499635
            ],
            [
              -121.872282,
              37.499636
            ],
            [
              -121.872282,
              37.49964
            ],
            [
              -121.872292,
              37.499643
            ],
            [
              -121.872293,
              37.499648
            ],
            [
              -121.872289,
              37.499651
            ],
            [
              -121.87229,
              37.499672
            ],
            [
              -121.872287,
              37.49968
            ],
            [
              -121.872283,
              37.499684
            ],
            [
              -121.87227,
              37.499691
            ],
            [
              -121.872239,
              37.499712
            ],
            [
              -121.872223,
              37.499708
            ],
            [
              -121.872212,
              37.499708
            ],
            [
              -121.872202,
              37.499713
            ],
            [
              -121.872194,
              37.499719
            ],
            [
              -121.87218,
              37.499733
            ],
            [
              -121.872177,
              37.499741
            ],
            [
              -121.872174,
              37.499758
            ],
            [
              -121.872162,
              37.499792
            ],
            [
              -121.872159,
              37.499809
            ],
            [
              -121.872145,
              37.499822
            ],
            [
              -121.872142,
              37.49983
            ],
            [
              -121.872131,
              37.499853
            ],
            [
              -121.872133,
              37.499862
            ],
            [
              -121.872137,
              37.49987
            ],
            [
              -121.872144,
              37.499876
            ],
            [
              -121.872154,
              37.49988
            ],
            [
              -121.872148,
              37.499894
            ],
            [
              -121.872148,
              37.499898
            ],
            [
              -121.872151,
              37.499902
            ],
            [
              -121.872167,
              37.499914
            ],
            [
              -121.872179,
              37.499929
            ],
            [
              -121.872181,
              37.499938
            ],
            [
              -121.87218,
              37.499947
            ],
            [
              -121.872175,
              37.499948
            ],
            [
              -121.872163,
              37.499939
            ],
            [
              -121.872147,
              37.499934
            ],
            [
              -121.872154,
              37.499953
            ],
            [
              -121.872149,
              37.499957
            ],
            [
              -121.872147,
              37.499965
            ],
            [
              -121.872143,
              37.499968
            ],
            [
              -121.872138,
              37.499968
            ],
            [
              -121.872133,
              37.499966
            ],
            [
              -121.872128,
              37.499959
            ],
            [
              -121.872123,
              37.49996
            ],
            [
              -121.872121,
              37.499964
            ],
            [
              -121.872127,
              37.499984
            ],
            [
              -121.872131,
              37.499987
            ],
            [
              -121.872142,
              37.499988
            ],
            [
              -121.872147,
              37.499991
            ],
            [
              -121.872151,
              37.499993
            ],
            [
              -121.872151,
              37.499998
            ],
            [
              -121.872136,
              37.500002
            ],
            [
              -121.872125,
              37.5
            ],
            [
              -121.872118,
              37.499994
            ],
            [
              -121.872113,
              37.499982
            ],
            [
              -121.872104,
              37.499977
            ],
            [
              -121.872099,
              37.499977
            ],
            [
              -121.872093,
              37.499978
            ],
            [
              -121.87209,
              37.499981
            ],
            [
              -121.872079,
              37.499997
            ],
            [
              -121.872075,
              37.499999
            ],
            [
              -121.872069,
              37.499998
            ],
            [
              -121.872026,
              37.499957
            ],
            [
              -121.872006,
              37.499928
            ],
            [
              -121.871892,
              37.499829
            ],
            [
              -121.871894,
              37.499838
            ],
            [
              -121.871918,
              37.499865
            ],
            [
              -121.87194,
              37.499886
            ],
            [
              -121.87197,
              37.499921
            ],
            [
              -121.871987,
              37.499935
            ],
            [
              -121.871997,
              37.499951
            ],
            [
              -121.872012,
              37.499964
            ],
            [
              -121.872045,
              37.500005
            ],
            [
              -121.872057,
              37.500014
            ],
            [
              -121.872117,
              37.500073
            ],
            [
              -121.872157,
              37.500115
            ],
            [
              -121.872186,
              37.500136
            ],
            [
              -121.872206,
              37.500144
            ],
            [
              -121.872229,
              37.500143
            ],
            [
              -121.87226,
              37.500134
            ],
            [
              -121.872266,
              37.500134
            ],
            [
              -121.872271,
              37.500136
            ],
            [
              -121.872273,
              37.50014
            ],
            [
              -121.87227,
              37.500153
            ],
            [
              -121.872269,
              37.500166
            ],
            [
              -121.872255,
              37.500179
            ],
            [
              -121.872251,
              37.500191
            ],
            [
              -121.872252,
              37.500196
            ],
            [
              -121.872258,
              37.500203
            ],
            [
              -121.872263,
              37.500205
            ],
            [
              -121.872268,
              37.500203
            ],
            [
              -121.872277,
              37.500187
            ],
            [
              -121.872279,
              37.50017
            ],
            [
              -121.872283,
              37.500157
            ],
            [
              -121.872283,
              37.500122
            ],
            [
              -121.87229,
              37.500106
            ],
            [
              -121.872291,
              37.500098
            ],
            [
              -121.872302,
              37.500077
            ],
            [
              -121.872301,
              37.500056
            ],
            [
              -121.872305,
              37.500048
            ],
            [
              -121.872322,
              37.50003
            ],
            [
              -121.872344,
              37.499999
            ],
            [
              -121.872358,
              37.499985
            ],
            [
              -121.872381,
              37.499956
            ],
            [
              -121.872417,
              37.499924
            ],
            [
              -121.872447,
              37.49989
            ],
            [
              -121.872448,
              37.499886
            ],
            [
              -121.872445,
              37.499882
            ],
            [
              -121.87244,
              37.499881
            ],
            [
              -121.87244,
              37.499877
            ],
            [
              -121.872462,
              37.499863
            ],
            [
              -121.872467,
              37.499863
            ],
            [
              -121.872471,
              37.499866
            ],
            [
              -121.872475,
              37.499864
            ],
            [
              -121.872478,
              37.499855
            ],
            [
              -121.87248,
              37.499852
            ],
            [
              -121.872494,
              37.499843
            ],
            [
              -121.872502,
              37.499826
            ],
            [
              -121.872506,
              37.499823
            ],
            [
              -121.872521,
              37.499817
            ],
            [
              -121.872541,
              37.499801
            ],
            [
              -121.872551,
              37.499799
            ],
            [
              -121.872556,
              37.499796
            ],
            [
              -121.872582,
              37.499768
            ],
            [
              -121.872585,
              37.499759
            ],
            [
              -121.872598,
              37.499741
            ],
            [
              -121.872599,
              37.499728
            ],
            [
              -121.872602,
              37.499724
            ],
            [
              -121.872603,
              37.49972
            ],
            [
              -121.872595,
              37.499709
            ],
            [
              -121.872589,
              37.499708
            ],
            [
              -121.872578,
              37.499698
            ],
            [
              -121.872564,
              37.499679
            ],
            [
              -121.872549,
              37.499668
            ],
            [
              -121.872525,
              37.499661
            ],
            [
              -121.872508,
              37.499655
            ],
            [
              -121.872486,
              37.499642
            ],
            [
              -121.872484,
              37.499638
            ],
            [
              -121.872484,
              37.499634
            ],
            [
              -121.872481,
              37.49963
            ],
            [
              -121.872472,
              37.499627
            ],
            [
              -121.872458,
              37.499614
            ],
            [
              -121.87242,
              37.499585
            ],
            [
              -121.872413,
              37.499578
            ],
            [
              -121.872398,
              37.49956
            ],
            [
              -121.872379,
              37.499505
            ],
            [
              -121.872379,
              37.499497
            ],
            [
              -121.872363,
              37.499468
            ],
            [
              -121.872363,
              37.499463
            ],
            [
              -121.87237,
              37.499452
            ],
            [
              -121.872371,
              37.499448
            ],
            [
              -121.872371,
              37.499389
            ],
            [
              -121.872369,
              37.499372
            ],
            [
              -121.872374,
              37.499348
            ],
            [
              -121.872374,
              37.499322
            ],
            [
              -121.87238,
              37.499314
            ],
            [
              -121.872401,
              37.4993
            ],
            [
              -121.872408,
              37.499284
            ],
            [
              -121.872413,
              37.499277
            ],
            [
              -121.872418,
              37.499274
            ],
            [
              -121.872465,
              37.499262
            ],
            [
              -121.872493,
              37.499259
            ],
            [
              -121.872534,
              37.499245
            ],
            [
              -121.87255,
              37.499241
            ],
            [
              -121.872561,
              37.499241
            ],
            [
              -121.872607,
              37.499247
            ],
            [
              -121.872658,
              37.499264
            ],
            [
              -121.872666,
              37.49927
            ],
            [
              -121.872693,
              37.499285
            ],
            [
              -121.872704,
              37.499288
            ],
            [
              -121.872752,
              37.499317
            ],
            [
              -121.872766,
              37.49933
            ],
            [
              -121.872784,
              37.499341
            ],
            [
              -121.872807,
              37.499359
            ],
            [
              -121.872822,
              37.499373
            ],
            [
              -121.872866,
              37.4994
            ],
            [
              -121.872908,
              37.499439
            ],
            [
              -121.872921,
              37.499453
            ],
            [
              -121.872932,
              37.499478
            ],
            [
              -121.872939,
              37.499513
            ],
            [
              -121.872937,
              37.499531
            ],
            [
              -121.872935,
              37.499539
            ],
            [
              -121.872927,
              37.499555
            ],
            [
              -121.87287,
              37.499622
            ],
            [
              -121.872861,
              37.499626
            ],
            [
              -121.872824,
              37.499659
            ],
            [
              -121.872693,
              37.499754
            ],
            [
              -121.872619,
              37.49982
            ],
            [
              -121.872563,
              37.499864
            ],
            [
              -121.87244,
              37.499975
            ],
            [
              -121.872408,
              37.500006
            ],
            [
              -121.872381,
              37.500036
            ],
            [
              -121.872361,
              37.500062
            ],
            [
              -121.87234,
              37.5001
            ],
            [
              -121.872327,
              37.500143
            ],
            [
              -121.872312,
              37.500221
            ],
            [
              -121.872311,
              37.500261
            ],
            [
              -121.872314,
              37.500286
            ],
            [
              -121.872319,
              37.500299
            ],
            [
              -121.872323,
              37.500302
            ],
            [
              -121.872334,
              37.500303
            ],
            [
              -121.872389,
              37.500273
            ],
            [
              -121.872399,
              37.50027
            ],
            [
              -121.872409,
              37.500266
            ],
            [
              -121.872445,
              37.500245
            ],
            [
              -121.872493,
              37.500223
            ],
            [
              -121.872544,
              37.50019
            ],
            [
              -121.872698,
              37.500108
            ],
            [
              -121.872743,
              37.500091
            ],
            [
              -121.872828,
              37.500049
            ],
            [
              -121.872863,
              37.500028
            ],
            [
              -121.87294,
              37.499988
            ],
            [
              -121.872961,
              37.499981
            ],
            [
              -121.872993,
              37.499973
            ],
            [
              -121.873026,
              37.499968
            ],
            [
              -121.873101,
              37.499974
            ],
            [
              -121.873134,
              37.499968
            ],
            [
              -121.873154,
              37.499961
            ],
            [
              -121.873163,
              37.499956
            ],
            [
              -121.873169,
              37.499949
            ],
            [
              -121.873188,
              37.499899
            ],
            [
              -121.873199,
              37.499845
            ],
            [
              -121.873216,
              37.499794
            ],
            [
              -121.873237,
              37.499769
            ],
            [
              -121.873244,
              37.499753
            ],
            [
              -121.873252,
              37.499725
            ],
            [
              -121.873266,
              37.499701
            ],
            [
              -121.873271,
              37.499681
            ],
            [
              -121.873293,
              37.499544
            ],
            [
              -121.873294,
              37.499509
            ],
            [
              -121.87329,
              37.499491
            ],
            [
              -121.873306,
              37.499398
            ],
            [
              -121.873311,
              37.499357
            ],
            [
              -121.873309,
              37.499325
            ],
            [
              -121.873301,
              37.49929
            ],
            [
              -121.873287,
              37.499255
            ],
            [
              -121.873262,
              37.499227
            ],
            [
              -121.873231,
              37.499187
            ],
            [
              -121.873218,
              37.49915
            ],
            [
              -121.873209,
              37.499108
            ],
            [
              -121.873197,
              37.49908
            ],
            [
              -121.873183,
              37.499064
            ],
            [
              -121.873162,
              37.499051
            ],
            [
              -121.873137,
              37.499031
            ],
            [
              -121.873115,
              37.499006
            ],
            [
              -121.873025,
              37.498945
            ],
            [
              -121.872814,
              37.498841
            ],
            [
              -121.872728,
              37.498811
            ],
            [
              -121.872713,
              37.49881
            ],
            [
              -121.872704,
              37.498812
            ],
            [
              -121.872658,
              37.498811
            ],
            [
              -121.872649,
              37.498814
            ],
            [
              -121.872638,
              37.498828
            ],
            [
              -121.872625,
              37.498833
            ],
            [
              -121.872612,
              37.498827
            ]
          ]
        ]
      },
      "properties": {
        "osm_type": "way",
        "osm_id": 1051193662,
        "osm_natural": "grassland",
        "layer_id": "osm_vegetation_landcover",
        "source_name": "OpenStreetMap via Overpass API",
        "source_url": "https://overpass.private.coffee/api/interpreter",
        "retrieved_at": "2026-05-03T04:15:44.993Z",
        "provisional": true
      }
    },
    {
      "type": "Feature",
      "geometry": {
        "type": "Polygon",
        "coordinates": [
          [
            [
              -121.871597,
              37.497948
            ],
            [
              -121.871602,
              37.49794
            ],
            [
              -121.871602,
              37.497937
            ],
            [
              -121.871597,
              37.497936
            ],
            [
              -121.871586,
              37.497937
            ],
            [
              -121.871541,
              37.497951
            ],
            [
              -121.871404,
              37.498002
            ],
            [
              -121.871106,
              37.498099
            ],
            [
              -121.871018,
              37.498151
            ],
            [
              -121.87101,
              37.498158
            ],
            [
              -121.870982,
              37.498191
            ],
            [
              -121.870979,
              37.498199
            ],
            [
              -121.870972,
              37.498206
            ],
            [
              -121.870967,
              37.498213
            ],
            [
              -121.870945,
              37.498263
            ],
            [
              -121.870941,
              37.49828
            ],
            [
              -121.870937,
              37.498324
            ],
            [
              -121.870931,
              37.498349
            ],
            [
              -121.870929,
              37.498394
            ],
            [
              -121.870927,
              37.498402
            ],
            [
              -121.870923,
              37.49841
            ],
            [
              -121.870914,
              37.498453
            ],
            [
              -121.870912,
              37.49848
            ],
            [
              -121.870915,
              37.498515
            ],
            [
              -121.870912,
              37.498576
            ],
            [
              -121.870905,
              37.49861
            ],
            [
              -121.870901,
              37.498636
            ],
            [
              -121.870901,
              37.498663
            ],
            [
              -121.870891,
              37.498723
            ],
            [
              -121.870874,
              37.498789
            ],
            [
              -121.870863,
              37.498823
            ],
            [
              -121.870835,
              37.498917
            ],
            [
              -121.870805,
              37.499
            ],
            [
              -121.870768,
              37.499084
            ],
            [
              -121.870691,
              37.499288
            ],
            [
              -121.870677,
              37.499313
            ],
            [
              -121.870665,
              37.499381
            ],
            [
              -121.870668,
              37.499439
            ],
            [
              -121.87067,
              37.499457
            ],
            [
              -121.870689,
              37.499507
            ],
            [
              -121.8707,
              37.499522
            ],
            [
              -121.870713,
              37.499537
            ],
            [
              -121.870729,
              37.499549
            ],
            [
              -121.870763,
              37.499572
            ],
            [
              -121.870812,
              37.499595
            ],
            [
              -121.870856,
              37.49962
            ],
            [
              -121.870879,
              37.499639
            ],
            [
              -121.8709,
              37.49966
            ],
            [
              -121.870916,
              37.499672
            ],
            [
              -121.870943,
              37.499702
            ],
            [
              -121.870957,
              37.499715
            ],
            [
              -121.870982,
              37.499744
            ],
            [
              -121.871006,
              37.49979
            ],
            [
              -121.871022,
              37.499814
            ],
            [
              -121.871058,
              37.499857
            ],
            [
              -121.871094,
              37.499931
            ],
            [
              -121.871111,
              37.499955
            ],
            [
              -121.871148,
              37.5
            ],
            [
              -121.871172,
              37.500018
            ],
            [
              -121.871249,
              37.500079
            ],
            [
              -121.871298,
              37.500099
            ],
            [
              -121.871373,
              37.500138
            ],
            [
              -121.871429,
              37.500172
            ],
            [
              -121.871455,
              37.50019
            ],
            [
              -121.871473,
              37.5002
            ],
            [
              -121.871493,
              37.500207
            ],
            [
              -121.871513,
              37.500216
            ],
            [
              -121.871554,
              37.500228
            ],
            [
              -121.871574,
              37.500236
            ],
            [
              -121.871673,
              37.500259
            ],
            [
              -121.871704,
              37.500268
            ],
            [
              -121.871825,
              37.500284
            ],
            [
              -121.87213,
              37.500338
            ],
            [
              -121.872125,
              37.500325
            ],
            [
              -121.87213,
              37.500308
            ],
            [
              -121.872137,
              37.500302
            ],
            [
              -121.872148,
              37.500301
            ],
            [
              -121.872153,
              37.500302
            ],
            [
              -121.872157,
              37.500306
            ],
            [
              -121.872162,
              37.500314
            ],
            [
              -121.872174,
              37.500323
            ],
            [
              -121.872175,
              37.500332
            ],
            [
              -121.872167,
              37.500337
            ],
            [
              -121.872167,
              37.500342
            ],
            [
              -121.872217,
              37.500352
            ],
            [
              -121.87225,
              37.500352
            ],
            [
              -121.872272,
              37.500347
            ],
            [
              -121.872287,
              37.500342
            ],
            [
              -121.872282,
              37.500324
            ],
            [
              -121.872271,
              37.500316
            ],
            [
              -121.872255,
              37.500285
            ],
            [
              -121.872237,
              37.500263
            ],
            [
              -121.87222,
              37.500247
            ],
            [
              -121.872216,
              37.500239
            ],
            [
              -121.872193,
              37.500218
            ],
            [
              -121.872177,
              37.500207
            ],
            [
              -121.872162,
              37.500189
            ],
            [
              -121.872152,
              37.500174
            ],
            [
              -121.872145,
              37.500167
            ],
            [
              -121.872141,
              37.500167
            ],
            [
              -121.872137,
              37.500159
            ],
            [
              -121.871979,
              37.499999
            ],
            [
              -121.871923,
              37.499945
            ],
            [
              -121.87191,
              37.49994
            ],
            [
              -121.871905,
              37.49994
            ],
            [
              -121.871905,
              37.499944
            ],
            [
              -121.871902,
              37.499945
            ],
            [
              -121.871878,
              37.499922
            ],
            [
              -121.87187,
              37.499923
            ],
            [
              -121.871856,
              37.499936
            ],
            [
              -121.871851,
              37.499944
            ],
            [
              -121.871837,
              37.499957
            ],
            [
              -121.871833,
              37.499965
            ],
            [
              -121.871796,
              37.500009
            ],
            [
              -121.871775,
              37.500029
            ],
            [
              -121.871756,
              37.500037
            ],
            [
              -121.871749,
              37.500044
            ],
            [
              -121.871748,
              37.500047
            ],
            [
              -121.871752,
              37.500052
            ],
            [
              -121.87175,
              37.500054
            ],
            [
              -121.871743,
              37.500052
            ],
            [
              -121.871735,
              37.500053
            ],
            [
              -121.87173,
              37.500055
            ],
            [
              -121.871723,
              37.500064
            ],
            [
              -121.87172,
              37.500064
            ],
            [
              -121.871713,
              37.500061
            ],
            [
              -121.8717,
              37.500067
            ],
            [
              -121.871695,
              37.500067
            ],
            [
              -121.87169,
              37.500066
            ],
            [
              -121.871685,
              37.500068
            ],
            [
              -121.871677,
              37.500073
            ],
            [
              -121.87166,
              37.500078
            ],
            [
              -121.871648,
              37.500093
            ],
            [
              -121.87164,
              37.500098
            ],
            [
              -121.871629,
              37.500099
            ],
            [
              -121.87161,
              37.500107
            ],
            [
              -121.8716,
              37.500103
            ],
            [
              -121.871603,
              37.500095
            ],
            [
              -121.871612,
              37.50009
            ],
            [
              -121.871623,
              37.500088
            ],
            [
              -121.871626,
              37.50008
            ],
            [
              -121.8716,
              37.500065
            ],
            [
              -121.871588,
              37.50005
            ],
            [
              -121.871567,
              37.500032
            ],
            [
              -121.87154,
              37.499985
            ],
            [
              -121.871529,
              37.499961
            ],
            [
              -121.871526,
              37.499953
            ],
            [
              -121.871525,
              37.499936
            ],
            [
              -121.871536,
              37.499921
            ],
            [
              -121.871544,
              37.499896
            ],
            [
              -121.87156,
              37.499873
            ],
            [
              -121.871568,
              37.499866
            ],
            [
              -121.871576,
              37.499861
            ],
            [
              -121.871641,
              37.499834
            ],
            [
              -121.871659,
              37.499824
            ],
            [
              -121.871666,
              37.499817
            ],
            [
              -121.871669,
              37.499808
            ],
            [
              -121.871669,
              37.4998
            ],
            [
              -121.871668,
              37.499766
            ],
            [
              -121.871662,
              37.499758
            ],
            [
              -121.871643,
              37.499749
            ],
            [
              -121.871633,
              37.499746
            ],
            [
              -121.871622,
              37.499746
            ],
            [
              -121.871613,
              37.499751
            ],
            [
              -121.871608,
              37.499768
            ],
            [
              -121.871596,
              37.499785
            ],
            [
              -121.871582,
              37.499791
            ],
            [
              -121.871573,
              37.499796
            ],
            [
              -121.871572,
              37.499801
            ],
            [
              -121.871576,
              37.499809
            ],
            [
              -121.871577,
              37.499817
            ],
            [
              -121.871574,
              37.499821
            ],
            [
              -121.871563,
              37.49982
            ],
            [
              -121.871556,
              37.499814
            ],
            [
              -121.871548,
              37.499802
            ],
            [
              -121.871545,
              37.499799
            ],
            [
              -121.871539,
              37.499798
            ],
            [
              -121.871534,
              37.499799
            ],
            [
              -121.871525,
              37.499803
            ],
            [
              -121.871504,
              37.499798
            ],
            [
              -121.871476,
              37.499806
            ],
            [
              -121.871468,
              37.499812
            ],
            [
              -121.871463,
              37.499813
            ],
            [
              -121.871452,
              37.499815
            ],
            [
              -121.871442,
              37.499815
            ],
            [
              -121.87144,
              37.499811
            ],
            [
              -121.871449,
              37.499806
            ],
            [
              -121.871453,
              37.499803
            ],
            [
              -121.871454,
              37.499799
            ],
            [
              -121.871453,
              37.499795
            ],
            [
              -121.871443,
              37.499791
            ],
            [
              -121.871441,
              37.499787
            ],
            [
              -121.871445,
              37.49977
            ],
            [
              -121.87145,
              37.499762
            ],
            [
              -121.871448,
              37.499758
            ],
            [
              -121.871449,
              37.499754
            ],
            [
              -121.871463,
              37.499747
            ],
            [
              -121.871473,
              37.499738
            ],
            [
              -121.87151,
              37.499729
            ],
            [
              -121.871526,
              37.499723
            ],
            [
              -121.871547,
              37.499709
            ],
            [
              -121.871552,
              37.499701
            ],
            [
              -121.871554,
              37.499664
            ],
            [
              -121.87155,
              37.499634
            ],
            [
              -121.871539,
              37.49962
            ],
            [
              -121.871522,
              37.499603
            ],
            [
              -121.871512,
              37.499587
            ],
            [
              -121.871505,
              37.499581
            ],
            [
              -121.871501,
              37.499569
            ],
            [
              -121.871487,
              37.49955
            ],
            [
              -121.871484,
              37.499538
            ],
            [
              -121.87147,
              37.499501
            ],
            [
              -121.871464,
              37.499476
            ],
            [
              -121.871462,
              37.499459
            ],
            [
              -121.871441,
              37.49943
            ],
            [
              -121.871439,
              37.499421
            ],
            [
              -121.871426,
              37.499403
            ],
            [
              -121.871424,
              37.499394
            ],
            [
              -121.871424,
              37.499381
            ],
            [
              -121.871418,
              37.499368
            ],
            [
              -121.871409,
              37.499357
            ],
            [
              -121.871408,
              37.499348
            ],
            [
              -121.871398,
              37.499338
            ],
            [
              -121.871393,
              37.499331
            ],
            [
              -121.87139,
              37.499314
            ],
            [
              -121.871377,
              37.49929
            ],
            [
              -121.871373,
              37.499287
            ],
            [
              -121.871362,
              37.499272
            ],
            [
              -121.87136,
              37.499263
            ],
            [
              -121.871359,
              37.499242
            ],
            [
              -121.871329,
              37.49918
            ],
            [
              -121.871312,
              37.499158
            ],
            [
              -121.871299,
              37.499151
            ],
            [
              -121.871295,
              37.499148
            ],
            [
              -121.871292,
              37.49914
            ],
            [
              -121.871281,
              37.499138
            ],
            [
              -121.871279,
              37.499134
            ],
            [
              -121.871281,
              37.49913
            ],
            [
              -121.87128,
              37.499126
            ],
            [
              -121.871276,
              37.499123
            ],
            [
              -121.87126,
              37.499114
            ],
            [
              -121.871256,
              37.499106
            ],
            [
              -121.871241,
              37.499094
            ],
            [
              -121.871234,
              37.499083
            ],
            [
              -121.871228,
              37.499082
            ],
            [
              -121.871222,
              37.499075
            ],
            [
              -121.871213,
              37.49907
            ],
            [
              -121.8712,
              37.499051
            ],
            [
              -121.871196,
              37.49904
            ],
            [
              -121.871189,
              37.499028
            ],
            [
              -121.871189,
              37.49902
            ],
            [
              -121.871184,
              37.499006
            ],
            [
              -121.871172,
              37.498992
            ],
            [
              -121.87117,
              37.498979
            ],
            [
              -121.871164,
              37.498972
            ],
            [
              -121.871166,
              37.49896
            ],
            [
              -121.871166,
              37.498951
            ],
            [
              -121.871154,
              37.498916
            ],
            [
              -121.871147,
              37.498849
            ],
            [
              -121.87114,
              37.498838
            ],
            [
              -121.871136,
              37.498821
            ],
            [
              -121.871141,
              37.498801
            ],
            [
              -121.87114,
              37.498775
            ],
            [
              -121.871138,
              37.498766
            ],
            [
              -121.87114,
              37.4987
            ],
            [
              -121.871138,
              37.498696
            ],
            [
              -121.871131,
              37.49869
            ],
            [
              -121.871125,
              37.498683
            ],
            [
              -121.871116,
              37.498661
            ],
            [
              -121.871108,
              37.498653
            ],
            [
              -121.871103,
              37.498646
            ],
            [
              -121.871099,
              37.498634
            ],
            [
              -121.871092,
              37.49863
            ],
            [
              -121.871093,
              37.498626
            ],
            [
              -121.8711,
              37.498623
            ],
            [
              -121.871103,
              37.49862
            ],
            [
              -121.871101,
              37.498593
            ],
            [
              -121.871097,
              37.498585
            ],
            [
              -121.871095,
              37.498577
            ],
            [
              -121.871098,
              37.498564
            ],
            [
              -121.871095,
              37.498551
            ],
            [
              -121.871093,
              37.498548
            ],
            [
              -121.871077,
              37.498544
            ],
            [
              -121.871053,
              37.498542
            ],
            [
              -121.871044,
              37.498536
            ],
            [
              -121.871043,
              37.498532
            ],
            [
              -121.871047,
              37.49853
            ],
            [
              -121.871058,
              37.498532
            ],
            [
              -121.871063,
              37.498531
            ],
            [
              -121.871065,
              37.498527
            ],
            [
              -121.87107,
              37.498526
            ],
            [
              -121.87108,
              37.49853
            ],
            [
              -121.871089,
              37.498541
            ],
            [
              -121.871094,
              37.498543
            ],
            [
              -121.871099,
              37.498542
            ],
            [
              -121.871106,
              37.498535
            ],
            [
              -121.871111,
              37.498527
            ],
            [
              -121.871116,
              37.498515
            ],
            [
              -121.871124,
              37.498503
            ],
            [
              -121.871124,
              37.498495
            ],
            [
              -121.871131,
              37.498489
            ],
            [
              -121.871137,
              37.498481
            ],
            [
              -121.871142,
              37.49848
            ],
            [
              -121.871169,
              37.498475
            ],
            [
              -121.871195,
              37.498468
            ],
            [
              -121.871206,
              37.498467
            ],
            [
              -121.871228,
              37.498468
            ],
            [
              -121.871233,
              37.498471
            ],
            [
              -121.871238,
              37.498479
            ],
            [
              -121.871242,
              37.498481
            ],
            [
              -121.871253,
              37.49848
            ],
            [
              -121.871264,
              37.498475
            ],
            [
              -121.871276,
              37.49846
            ],
            [
              -121.871282,
              37.498447
            ],
            [
              -121.871282,
              37.498435
            ],
            [
              -121.871289,
              37.498427
            ],
            [
              -121.871293,
              37.498419
            ],
            [
              -121.871309,
              37.498371
            ],
            [
              -121.871322,
              37.498347
            ],
            [
              -121.871331,
              37.498322
            ],
            [
              -121.871391,
              37.498216
            ],
            [
              -121.871428,
              37.498153
            ],
            [
              -121.871442,
              37.498139
            ],
            [
              -121.871519,
              37.498041
            ],
            [
              -121.871551,
              37.498007
            ],
            [
              -121.871577,
              37.497969
            ],
            [
              -121.871597,
              37.497948
            ]
          ]
        ]
      },
      "properties": {
        "osm_type": "way",
        "osm_id": 1051193663,
        "osm_natural": "grassland",
        "layer_id": "osm_vegetation_landcover",
        "source_name": "OpenStreetMap via Overpass API",
        "source_url": "https://overpass.private.coffee/api/interpreter",
        "retrieved_at": "2026-05-03T04:15:44.993Z",
        "provisional": true
      }
    },
    {
      "type": "Feature",
      "geometry": {
        "type": "Polygon",
        "coordinates": [
          [
            [
              -121.828181,
              37.531166
            ],
            [
              -121.82644,
              37.531346
            ],
            [
              -121.826213,
              37.53118
            ],
            [
              -121.827055,
              37.530335
            ],
            [
              -121.82739,
              37.530295
            ],
            [
              -121.828063,
              37.53085
            ],
            [
              -121.828181,
              37.531166
            ]
          ]
        ]
      },
      "properties": {
        "osm_type": "way",
        "osm_id": 1124311071,
        "osm_natural": "grassland",
        "layer_id": "osm_vegetation_landcover",
        "source_name": "OpenStreetMap via Overpass API",
        "source_url": "https://overpass.private.coffee/api/interpreter",
        "retrieved_at": "2026-05-03T04:15:44.993Z",
        "provisional": true
      }
    }
  ],
  "metadata": {
    "source_name": "OpenStreetMap via Overpass API",
    "source_url": "https://overpass.private.coffee/api/interpreter",
    "source_health": {
      "selected_endpoint": "https://overpass.private.coffee/api/interpreter",
      "attempts": [
        {
          "endpoint": "https://overpass-api.de/api/interpreter",
          "status": "error",
          "error": "fetch failed"
        },
        {
          "endpoint": "https://overpass.private.coffee/api/interpreter",
          "status": "ok",
          "element_count": 61
        }
      ]
    },
    "layer_id": "osm_vegetation_landcover",
    "description": "OSM vegetation and landcover polygons for Cesium and Palantir context layers.",
    "retrieved_at": "2026-05-03T04:15:44.993Z",
    "provisional": true,
    "status": "generated"
  }
}
